ISO-10303-21;
HEADER;
/* Generated by software containing ST-Developer
 * from STEP Tools, Inc. (www.steptools.com) 
 */

FILE_DESCRIPTION(
/* description */ (''),
/* implementation_level */ '2;1');

FILE_NAME(
/* name */ 'Hackpad_Assembly.step',
/* time_stamp */ '2025-12-06T22:38:09+01:00',
/* author */ (''),
/* organization */ (''),
/* preprocessor_version */ 'ST-DEVELOPER v20.1',
/* originating_system */ 'Autodesk Translation Framework v14.17.0.0',
/* authorisation */ '');

FILE_SCHEMA (('AUTOMOTIVE_DESIGN { 1 0 10303 214 3 1 1 }'));
ENDSEC;

DATA;
#10=MECHANICAL_DESIGN_GEOMETRIC_PRESENTATION_REPRESENTATION('',(#776,#777),
#15655);
#11=ITEM_DEFINED_TRANSFORMATION($,$,#7813,#8013);
#12=ITEM_DEFINED_TRANSFORMATION($,$,#7856,#8014);
#13=(
REPRESENTATION_RELATIONSHIP($,$,#15669,#15668)
REPRESENTATION_RELATIONSHIP_WITH_TRANSFORMATION(#11)
SHAPE_REPRESENTATION_RELATIONSHIP()
);
#14=(
REPRESENTATION_RELATIONSHIP($,$,#15670,#15668)
REPRESENTATION_RELATIONSHIP_WITH_TRANSFORMATION(#12)
SHAPE_REPRESENTATION_RELATIONSHIP()
);
#15=CONTEXT_DEPENDENT_SHAPE_REPRESENTATION(#13,#15666);
#16=CONTEXT_DEPENDENT_SHAPE_REPRESENTATION(#14,#15667);
#17=NEXT_ASSEMBLY_USAGE_OCCURRENCE('Hackpad v4:1','Hackpad v4:1',
'Hackpad v4:1',#15672,#15673,'Hackpad v4:1');
#18=NEXT_ASSEMBLY_USAGE_OCCURRENCE('TopLayerHackpad v2:1',
'TopLayerHackpad v2:1','TopLayerHackpad v2:1',#15672,#15674,
'TopLayerHackpad v2:1');
#19=B_SPLINE_CURVE_WITH_KNOTS('',3,(#9213,#9214,#9215,#9216,#9217),
 .UNSPECIFIED.,.F.,.F.,(4,1,4),(0.,0.0210752868846736,0.0435357079108796),
 .UNSPECIFIED.);
#20=B_SPLINE_CURVE_WITH_KNOTS('',3,(#9220,#9221,#9222,#9223,#9224),
 .UNSPECIFIED.,.F.,.F.,(4,1,4),(0.,0.0210752868846736,0.0435357079108796),
 .UNSPECIFIED.);
#21=B_SPLINE_CURVE_WITH_KNOTS('',3,(#9236,#9237,#9238,#9239,#9240),
 .UNSPECIFIED.,.F.,.F.,(4,1,4),(0.,0.011959897284635,0.0246830518250216),
 .UNSPECIFIED.);
#22=B_SPLINE_CURVE_WITH_KNOTS('',3,(#9243,#9244,#9245,#9246,#9247),
 .UNSPECIFIED.,.F.,.F.,(4,1,4),(0.,0.011959897284635,0.0246830518250216),
 .UNSPECIFIED.);
#23=B_SPLINE_CURVE_WITH_KNOTS('',3,(#9259,#9260,#9261,#9262,#9263),
 .UNSPECIFIED.,.F.,.F.,(4,1,4),(0.,0.0116027904492727,0.023194946132962),
 .UNSPECIFIED.);
#24=B_SPLINE_CURVE_WITH_KNOTS('',3,(#9266,#9267,#9268,#9269,#9270),
 .UNSPECIFIED.,.F.,.F.,(4,1,4),(0.,0.0116027904492727,0.023194946132962),
 .UNSPECIFIED.);
#25=B_SPLINE_CURVE_WITH_KNOTS('',3,(#9282,#9283,#9284,#9285,#9286),
 .UNSPECIFIED.,.F.,.F.,(4,1,4),(0.,0.014773065371594,0.0284257586731767),
 .UNSPECIFIED.);
#26=B_SPLINE_CURVE_WITH_KNOTS('',3,(#9289,#9290,#9291,#9292,#9293),
 .UNSPECIFIED.,.F.,.F.,(4,1,4),(0.,0.014773065371594,0.0284257586731767),
 .UNSPECIFIED.);
#27=B_SPLINE_CURVE_WITH_KNOTS('',3,(#9311,#9312,#9313,#9314,#9315),
 .UNSPECIFIED.,.F.,.F.,(4,1,4),(0.,0.0190086055122729,0.0400653186187899),
 .UNSPECIFIED.);
#28=B_SPLINE_CURVE_WITH_KNOTS('',3,(#9318,#9319,#9320,#9321,#9322),
 .UNSPECIFIED.,.F.,.F.,(4,1,4),(0.,0.0190086055122729,0.0400653186187899),
 .UNSPECIFIED.);
#29=B_SPLINE_CURVE_WITH_KNOTS('',3,(#9334,#9335,#9336,#9337,#9338),
 .UNSPECIFIED.,.F.,.F.,(4,1,4),(0.,0.0125611593020501,0.0250527089563538),
 .UNSPECIFIED.);
#30=B_SPLINE_CURVE_WITH_KNOTS('',3,(#9341,#9342,#9343,#9344,#9345),
 .UNSPECIFIED.,.F.,.F.,(4,1,4),(0.,0.0125611593020501,0.0250527089563538),
 .UNSPECIFIED.);
#31=B_SPLINE_CURVE_WITH_KNOTS('',3,(#9357,#9358,#9359,#9360,#9361),
 .UNSPECIFIED.,.F.,.F.,(4,1,4),(0.,0.0227362575762458,0.0386715677000339),
 .UNSPECIFIED.);
#32=B_SPLINE_CURVE_WITH_KNOTS('',3,(#9364,#9365,#9366,#9367,#9368),
 .UNSPECIFIED.,.F.,.F.,(4,1,4),(0.,0.0227362575762458,0.0386715677000339),
 .UNSPECIFIED.);
#33=B_SPLINE_CURVE_WITH_KNOTS('',3,(#9403,#9404,#9405,#9406,#9407),
 .UNSPECIFIED.,.F.,.F.,(4,1,4),(0.,0.0257956576584471,0.0515494732616312),
 .UNSPECIFIED.);
#34=B_SPLINE_CURVE_WITH_KNOTS('',3,(#9411,#9412,#9413,#9414,#9415),
 .UNSPECIFIED.,.F.,.F.,(4,1,4),(0.,0.0257956576584471,0.0515494732616312),
 .UNSPECIFIED.);
#35=B_SPLINE_CURVE_WITH_KNOTS('',3,(#9428,#9429,#9430,#9431,#9432),
 .UNSPECIFIED.,.F.,.F.,(4,1,4),(0.,0.0257797097184964,0.0513049871823072),
 .UNSPECIFIED.);
#36=B_SPLINE_CURVE_WITH_KNOTS('',3,(#9435,#9436,#9437,#9438,#9439),
 .UNSPECIFIED.,.F.,.F.,(4,1,4),(0.,0.0257797097184964,0.0513049871823072),
 .UNSPECIFIED.);
#37=B_SPLINE_CURVE_WITH_KNOTS('',3,(#9451,#9452,#9453,#9454,#9455),
 .UNSPECIFIED.,.F.,.F.,(4,1,4),(0.,0.035722712666973,0.0648250280829111),
 .UNSPECIFIED.);
#38=B_SPLINE_CURVE_WITH_KNOTS('',3,(#9458,#9459,#9460,#9461,#9462),
 .UNSPECIFIED.,.F.,.F.,(4,1,4),(0.,0.035722712666973,0.0648250280829111),
 .UNSPECIFIED.);
#39=B_SPLINE_CURVE_WITH_KNOTS('',3,(#9474,#9475,#9476,#9477,#9478),
 .UNSPECIFIED.,.F.,.F.,(4,1,4),(0.,0.0296776380819347,0.0672498900296932),
 .UNSPECIFIED.);
#40=B_SPLINE_CURVE_WITH_KNOTS('',3,(#9481,#9482,#9483,#9484,#9485),
 .UNSPECIFIED.,.F.,.F.,(4,1,4),(0.,0.0296776380819347,0.0672498900296932),
 .UNSPECIFIED.);
#41=B_SPLINE_CURVE_WITH_KNOTS('',3,(#9497,#9498,#9499,#9500,#9501),
 .UNSPECIFIED.,.F.,.F.,(4,1,4),(0.,0.0256556638391184,0.0514614772488146),
 .UNSPECIFIED.);
#42=B_SPLINE_CURVE_WITH_KNOTS('',3,(#9504,#9505,#9506,#9507,#9508),
 .UNSPECIFIED.,.F.,.F.,(4,1,4),(0.,0.0256556638391184,0.0514614772488146),
 .UNSPECIFIED.);
#43=B_SPLINE_CURVE_WITH_KNOTS('',3,(#9520,#9521,#9522,#9523,#9524),
 .UNSPECIFIED.,.F.,.F.,(4,1,4),(0.,0.0258000971594837,0.0516008889843727),
 .UNSPECIFIED.);
#44=B_SPLINE_CURVE_WITH_KNOTS('',3,(#9527,#9528,#9529,#9530,#9531),
 .UNSPECIFIED.,.F.,.F.,(4,1,4),(0.,0.0258000971594837,0.0516008889843727),
 .UNSPECIFIED.);
#45=B_SPLINE_CURVE_WITH_KNOTS('',3,(#9543,#9544,#9545,#9546,#9547),
 .UNSPECIFIED.,.F.,.F.,(4,1,4),(0.,0.0367852416023662,0.0661680332236485),
 .UNSPECIFIED.);
#46=B_SPLINE_CURVE_WITH_KNOTS('',3,(#9550,#9551,#9552,#9553,#9554),
 .UNSPECIFIED.,.F.,.F.,(4,1,4),(0.,0.0367852416023662,0.0661680332236485),
 .UNSPECIFIED.);
#47=B_SPLINE_CURVE_WITH_KNOTS('',3,(#9565,#9566,#9567,#9568,#9569),
 .UNSPECIFIED.,.F.,.F.,(4,1,4),(0.,0.0293148558700167,0.0660747534264223),
 .UNSPECIFIED.);
#48=B_SPLINE_CURVE_WITH_KNOTS('',3,(#9570,#9571,#9572,#9573,#9574),
 .UNSPECIFIED.,.F.,.F.,(4,1,4),(0.,0.0293148558700167,0.0660747534264223),
 .UNSPECIFIED.);
#49=B_SPLINE_CURVE_WITH_KNOTS('',3,(#9587,#9588,#9589,#9590,#9591),
 .UNSPECIFIED.,.F.,.F.,(4,1,4),(0.,0.0419037448345845,0.0811302633484657),
 .UNSPECIFIED.);
#50=B_SPLINE_CURVE_WITH_KNOTS('',3,(#9595,#9596,#9597,#9598,#9599),
 .UNSPECIFIED.,.F.,.F.,(4,1,4),(0.,0.0419037448345845,0.0811302633484657),
 .UNSPECIFIED.);
#51=B_SPLINE_CURVE_WITH_KNOTS('',3,(#9612,#9613,#9614,#9615,#9616),
 .UNSPECIFIED.,.F.,.F.,(4,1,4),(0.,0.0270516963844248,0.0545979746028744),
 .UNSPECIFIED.);
#52=B_SPLINE_CURVE_WITH_KNOTS('',3,(#9619,#9620,#9621,#9622,#9623),
 .UNSPECIFIED.,.F.,.F.,(4,1,4),(0.,0.0270516963844248,0.0545979746028744),
 .UNSPECIFIED.);
#53=B_SPLINE_CURVE_WITH_KNOTS('',3,(#9635,#9636,#9637,#9638,#9639),
 .UNSPECIFIED.,.F.,.F.,(4,1,4),(0.,0.0263613571631861,0.0528979778471827),
 .UNSPECIFIED.);
#54=B_SPLINE_CURVE_WITH_KNOTS('',3,(#9642,#9643,#9644,#9645,#9646),
 .UNSPECIFIED.,.F.,.F.,(4,1,4),(0.,0.0263613571631861,0.0528979778471827),
 .UNSPECIFIED.);
#55=B_SPLINE_CURVE_WITH_KNOTS('',3,(#9658,#9659,#9660,#9661,#9662),
 .UNSPECIFIED.,.F.,.F.,(4,1,4),(0.,0.037606270399178,0.0676490611944434),
 .UNSPECIFIED.);
#56=B_SPLINE_CURVE_WITH_KNOTS('',3,(#9665,#9666,#9667,#9668,#9669),
 .UNSPECIFIED.,.F.,.F.,(4,1,4),(0.,0.037606270399178,0.0676490611944434),
 .UNSPECIFIED.);
#57=B_SPLINE_CURVE_WITH_KNOTS('',3,(#9681,#9682,#9683,#9684,#9685),
 .UNSPECIFIED.,.F.,.F.,(4,1,4),(0.,0.0409616104590999,0.0876775976427176),
 .UNSPECIFIED.);
#58=B_SPLINE_CURVE_WITH_KNOTS('',3,(#9688,#9689,#9690,#9691,#9692),
 .UNSPECIFIED.,.F.,.F.,(4,1,4),(0.,0.0409616104590999,0.0876775976427176),
 .UNSPECIFIED.);
#59=B_SPLINE_CURVE_WITH_KNOTS('',3,(#9704,#9705,#9706,#9707,#9708),
 .UNSPECIFIED.,.F.,.F.,(4,1,4),(0.,0.0413795340190762,0.0806702056065626),
 .UNSPECIFIED.);
#60=B_SPLINE_CURVE_WITH_KNOTS('',3,(#9711,#9712,#9713,#9714,#9715),
 .UNSPECIFIED.,.F.,.F.,(4,1,4),(0.,0.0413795340190762,0.0806702056065626),
 .UNSPECIFIED.);
#61=B_SPLINE_CURVE_WITH_KNOTS('',3,(#9727,#9728,#9729,#9730,#9731),
 .UNSPECIFIED.,.F.,.F.,(4,1,4),(0.,0.0359932537147115,0.0737235311861698),
 .UNSPECIFIED.);
#62=B_SPLINE_CURVE_WITH_KNOTS('',3,(#9734,#9735,#9736,#9737,#9738),
 .UNSPECIFIED.,.F.,.F.,(4,1,4),(0.,0.0359932537147115,0.0737235311861698),
 .UNSPECIFIED.);
#63=B_SPLINE_CURVE_WITH_KNOTS('',3,(#9750,#9751,#9752,#9753,#9754),
 .UNSPECIFIED.,.F.,.F.,(4,1,4),(0.,0.0532066103638552,0.0978624207701791),
 .UNSPECIFIED.);
#64=B_SPLINE_CURVE_WITH_KNOTS('',3,(#9757,#9758,#9759,#9760,#9761),
 .UNSPECIFIED.,.F.,.F.,(4,1,4),(0.,0.0532066103638552,0.0978624207701791),
 .UNSPECIFIED.);
#65=B_SPLINE_CURVE_WITH_KNOTS('',3,(#9772,#9773,#9774,#9775,#9776),
 .UNSPECIFIED.,.F.,.F.,(4,1,4),(0.,0.0414790882704501,0.0905871452407318),
 .UNSPECIFIED.);
#66=B_SPLINE_CURVE_WITH_KNOTS('',3,(#9777,#9778,#9779,#9780,#9781),
 .UNSPECIFIED.,.F.,.F.,(4,1,4),(0.,0.0414790882704501,0.0905871452407318),
 .UNSPECIFIED.);
#67=B_SPLINE_CURVE_WITH_KNOTS('',3,(#9795,#9796,#9797,#9798,#9799),
 .UNSPECIFIED.,.F.,.F.,(4,1,4),(0.,0.0160785127734628,0.0375146360863731),
 .UNSPECIFIED.);
#68=B_SPLINE_CURVE_WITH_KNOTS('',3,(#9803,#9804,#9805,#9806,#9807),
 .UNSPECIFIED.,.F.,.F.,(4,1,4),(0.,0.0160785127734628,0.0375146360863731),
 .UNSPECIFIED.);
#69=B_SPLINE_CURVE_WITH_KNOTS('',3,(#9820,#9821,#9822,#9823,#9824),
 .UNSPECIFIED.,.F.,.F.,(4,1,4),(0.,0.0181166234399973,0.0356779836918016),
 .UNSPECIFIED.);
#70=B_SPLINE_CURVE_WITH_KNOTS('',3,(#9827,#9828,#9829,#9830,#9831),
 .UNSPECIFIED.,.F.,.F.,(4,1,4),(0.,0.0181166234399973,0.0356779836918016),
 .UNSPECIFIED.);
#71=B_SPLINE_CURVE_WITH_KNOTS('',3,(#9843,#9844,#9845,#9846,#9847),
 .UNSPECIFIED.,.F.,.F.,(4,1,4),(0.,0.0202400215520861,0.0393165575777609),
 .UNSPECIFIED.);
#72=B_SPLINE_CURVE_WITH_KNOTS('',3,(#9850,#9851,#9852,#9853,#9854),
 .UNSPECIFIED.,.F.,.F.,(4,1,4),(0.,0.0202400215520861,0.0393165575777609),
 .UNSPECIFIED.);
#73=B_SPLINE_CURVE_WITH_KNOTS('',3,(#9866,#9867,#9868,#9869,#9870),
 .UNSPECIFIED.,.F.,.F.,(4,1,4),(0.,0.015587182354918,0.0346495092455267),
 .UNSPECIFIED.);
#74=B_SPLINE_CURVE_WITH_KNOTS('',3,(#9873,#9874,#9875,#9876,#9877),
 .UNSPECIFIED.,.F.,.F.,(4,1,4),(0.,0.015587182354918,0.0346495092455267),
 .UNSPECIFIED.);
#75=B_SPLINE_CURVE_WITH_KNOTS('',3,(#9889,#9890,#9891,#9892,#9893),
 .UNSPECIFIED.,.F.,.F.,(4,1,4),(0.,0.0137909359737495,0.0276502489034032),
 .UNSPECIFIED.);
#76=B_SPLINE_CURVE_WITH_KNOTS('',3,(#9896,#9897,#9898,#9899,#9900),
 .UNSPECIFIED.,.F.,.F.,(4,1,4),(0.,0.0137909359737495,0.0276502489034032),
 .UNSPECIFIED.);
#77=B_SPLINE_CURVE_WITH_KNOTS('',3,(#9912,#9913,#9914,#9915,#9916),
 .UNSPECIFIED.,.F.,.F.,(4,1,4),(0.,0.00915619422247068,0.0184280017071836),
 .UNSPECIFIED.);
#78=B_SPLINE_CURVE_WITH_KNOTS('',3,(#9919,#9920,#9921,#9922,#9923),
 .UNSPECIFIED.,.F.,.F.,(4,1,4),(0.,0.00915619422247068,0.0184280017071836),
 .UNSPECIFIED.);
#79=B_SPLINE_CURVE_WITH_KNOTS('',3,(#9935,#9936,#9937,#9938,#9939),
 .UNSPECIFIED.,.F.,.F.,(4,1,4),(0.,0.00974325983667173,0.0190371205226535),
 .UNSPECIFIED.);
#80=B_SPLINE_CURVE_WITH_KNOTS('',3,(#9942,#9943,#9944,#9945,#9946),
 .UNSPECIFIED.,.F.,.F.,(4,1,4),(0.,0.00974325983667173,0.0190371205226535),
 .UNSPECIFIED.);
#81=B_SPLINE_CURVE_WITH_KNOTS('',3,(#9958,#9959,#9960,#9961,#9962),
 .UNSPECIFIED.,.F.,.F.,(4,1,4),(0.,0.0196991252449975,0.0330179898106644),
 .UNSPECIFIED.);
#82=B_SPLINE_CURVE_WITH_KNOTS('',3,(#9965,#9966,#9967,#9968,#9969),
 .UNSPECIFIED.,.F.,.F.,(4,1,4),(0.,0.0196991252449975,0.0330179898106644),
 .UNSPECIFIED.);
#83=B_SPLINE_CURVE_WITH_KNOTS('',3,(#9981,#9982,#9983,#9984,#9985),
 .UNSPECIFIED.,.F.,.F.,(4,1,4),(0.,0.0261866862414607,0.061850992999276),
 .UNSPECIFIED.);
#84=B_SPLINE_CURVE_WITH_KNOTS('',3,(#9988,#9989,#9990,#9991,#9992),
 .UNSPECIFIED.,.F.,.F.,(4,1,4),(0.,0.0261866862414607,0.061850992999276),
 .UNSPECIFIED.);
#85=B_SPLINE_CURVE_WITH_KNOTS('',3,(#10016,#10017,#10018,#10019,#10020),
 .UNSPECIFIED.,.F.,.F.,(4,1,4),(0.,0.0137801670023933,0.0278031367086167),
 .UNSPECIFIED.);
#86=B_SPLINE_CURVE_WITH_KNOTS('',3,(#10023,#10024,#10025,#10026,#10027),
 .UNSPECIFIED.,.F.,.F.,(4,1,4),(0.,0.0137801670023933,0.0278031367086167),
 .UNSPECIFIED.);
#87=B_SPLINE_CURVE_WITH_KNOTS('',3,(#10039,#10040,#10041,#10042,#10043),
 .UNSPECIFIED.,.F.,.F.,(4,1,4),(0.,0.0419294383962614,0.0650443409245124),
 .UNSPECIFIED.);
#88=B_SPLINE_CURVE_WITH_KNOTS('',3,(#10046,#10047,#10048,#10049,#10050),
 .UNSPECIFIED.,.F.,.F.,(4,1,4),(0.,0.0419294383962614,0.0650443409245124),
 .UNSPECIFIED.);
#89=B_SPLINE_CURVE_WITH_KNOTS('',3,(#10068,#10069,#10070,#10071,#10072),
 .UNSPECIFIED.,.F.,.F.,(4,1,4),(0.,0.0132712729111511,0.0340471802672258),
 .UNSPECIFIED.);
#90=B_SPLINE_CURVE_WITH_KNOTS('',3,(#10075,#10076,#10077,#10078,#10079),
 .UNSPECIFIED.,.F.,.F.,(4,1,4),(0.,0.0132712729111511,0.0340471802672258),
 .UNSPECIFIED.);
#91=B_SPLINE_CURVE_WITH_KNOTS('',3,(#10091,#10092,#10093,#10094,#10095),
 .UNSPECIFIED.,.F.,.F.,(4,1,4),(0.,0.013210282898517,0.0277628476011198),
 .UNSPECIFIED.);
#92=B_SPLINE_CURVE_WITH_KNOTS('',3,(#10098,#10099,#10100,#10101,#10102),
 .UNSPECIFIED.,.F.,.F.,(4,1,4),(0.,0.013210282898517,0.0277628476011198),
 .UNSPECIFIED.);
#93=B_SPLINE_CURVE_WITH_KNOTS('',3,(#10114,#10115,#10116,#10117,#10118),
 .UNSPECIFIED.,.F.,.F.,(4,1,4),(0.,0.0168054342342834,0.0306781687947602),
 .UNSPECIFIED.);
#94=B_SPLINE_CURVE_WITH_KNOTS('',3,(#10121,#10122,#10123,#10124,#10125),
 .UNSPECIFIED.,.F.,.F.,(4,1,4),(0.,0.0168054342342834,0.0306781687947602),
 .UNSPECIFIED.);
#95=B_SPLINE_CURVE_WITH_KNOTS('',3,(#10137,#10138,#10139,#10140,#10141),
 .UNSPECIFIED.,.F.,.F.,(4,1,4),(0.,0.0252747804221509,0.0458723221847299),
 .UNSPECIFIED.);
#96=B_SPLINE_CURVE_WITH_KNOTS('',3,(#10144,#10145,#10146,#10147,#10148),
 .UNSPECIFIED.,.F.,.F.,(4,1,4),(0.,0.0252747804221509,0.0458723221847299),
 .UNSPECIFIED.);
#97=B_SPLINE_CURVE_WITH_KNOTS('',3,(#10160,#10161,#10162,#10163,#10164),
 .UNSPECIFIED.,.F.,.F.,(4,1,4),(0.,0.0236807354089817,0.0500976519562805),
 .UNSPECIFIED.);
#98=B_SPLINE_CURVE_WITH_KNOTS('',3,(#10167,#10168,#10169,#10170,#10171),
 .UNSPECIFIED.,.F.,.F.,(4,1,4),(0.,0.0236807354089817,0.0500976519562805),
 .UNSPECIFIED.);
#99=B_SPLINE_CURVE_WITH_KNOTS('',3,(#10183,#10184,#10185,#10186,#10187),
 .UNSPECIFIED.,.F.,.F.,(4,1,4),(0.,0.0186488234931913,0.0396063488507633),
 .UNSPECIFIED.);
#100=B_SPLINE_CURVE_WITH_KNOTS('',3,(#10190,#10191,#10192,#10193,#10194),
 .UNSPECIFIED.,.F.,.F.,(4,1,4),(0.,0.0186488234931913,0.0396063488507633),
 .UNSPECIFIED.);
#101=B_SPLINE_CURVE_WITH_KNOTS('',3,(#10206,#10207,#10208,#10209,#10210),
 .UNSPECIFIED.,.F.,.F.,(4,1,4),(0.,0.0218853853055437,0.0409647894509147),
 .UNSPECIFIED.);
#102=B_SPLINE_CURVE_WITH_KNOTS('',3,(#10213,#10214,#10215,#10216,#10217),
 .UNSPECIFIED.,.F.,.F.,(4,1,4),(0.,0.0218853853055437,0.0409647894509147),
 .UNSPECIFIED.);
#103=B_SPLINE_CURVE_WITH_KNOTS('',3,(#10235,#10236,#10237,#10238,#10239),
 .UNSPECIFIED.,.F.,.F.,(4,1,4),(0.,0.016583346029991,0.0376041751852709),
 .UNSPECIFIED.);
#104=B_SPLINE_CURVE_WITH_KNOTS('',3,(#10242,#10243,#10244,#10245,#10246),
 .UNSPECIFIED.,.F.,.F.,(4,1,4),(0.,0.016583346029991,0.0376041751852709),
 .UNSPECIFIED.);
#105=B_SPLINE_CURVE_WITH_KNOTS('',3,(#10258,#10259,#10260,#10261,#10262),
 .UNSPECIFIED.,.F.,.F.,(4,1,4),(0.,0.0227013841225781,0.0398985921631301),
 .UNSPECIFIED.);
#106=B_SPLINE_CURVE_WITH_KNOTS('',3,(#10265,#10266,#10267,#10268,#10269),
 .UNSPECIFIED.,.F.,.F.,(4,1,4),(0.,0.0227013841225781,0.0398985921631301),
 .UNSPECIFIED.);
#107=B_SPLINE_CURVE_WITH_KNOTS('',3,(#10281,#10282,#10283,#10284,#10285),
 .UNSPECIFIED.,.F.,.F.,(4,1,4),(0.,0.0198890323681987,0.0444908625092646),
 .UNSPECIFIED.);
#108=B_SPLINE_CURVE_WITH_KNOTS('',3,(#10288,#10289,#10290,#10291,#10292),
 .UNSPECIFIED.,.F.,.F.,(4,1,4),(0.,0.0198890323681987,0.0444908625092646),
 .UNSPECIFIED.);
#109=B_SPLINE_CURVE_WITH_KNOTS('',3,(#10304,#10305,#10306,#10307,#10308),
 .UNSPECIFIED.,.F.,.F.,(4,1,4),(0.,0.019361496171556,0.0341389043495366),
 .UNSPECIFIED.);
#110=B_SPLINE_CURVE_WITH_KNOTS('',3,(#10311,#10312,#10313,#10314,#10315),
 .UNSPECIFIED.,.F.,.F.,(4,1,4),(0.,0.019361496171556,0.0341389043495366),
 .UNSPECIFIED.);
#111=B_SPLINE_CURVE_WITH_KNOTS('',3,(#10327,#10328,#10329,#10330,#10331),
 .UNSPECIFIED.,.F.,.F.,(4,1,4),(0.,0.00619221582663438,0.00962028340125502),
 .UNSPECIFIED.);
#112=B_SPLINE_CURVE_WITH_KNOTS('',3,(#10334,#10335,#10336,#10337,#10338),
 .UNSPECIFIED.,.F.,.F.,(4,1,4),(0.,0.00619221582663438,0.00962028340125502),
 .UNSPECIFIED.);
#113=B_SPLINE_CURVE_WITH_KNOTS('',3,(#10350,#10351,#10352,#10353,#10354),
 .UNSPECIFIED.,.F.,.F.,(4,1,4),(0.,0.0391644471532374,0.0669835627280849),
 .UNSPECIFIED.);
#114=B_SPLINE_CURVE_WITH_KNOTS('',3,(#10357,#10358,#10359,#10360,#10361),
 .UNSPECIFIED.,.F.,.F.,(4,1,4),(0.,0.0391644471532374,0.0669835627280849),
 .UNSPECIFIED.);
#115=B_SPLINE_CURVE_WITH_KNOTS('',3,(#10373,#10374,#10375,#10376,#10377),
 .UNSPECIFIED.,.F.,.F.,(4,1,4),(0.,0.0138964216749122,0.0332211600496202),
 .UNSPECIFIED.);
#116=B_SPLINE_CURVE_WITH_KNOTS('',3,(#10380,#10381,#10382,#10383,#10384),
 .UNSPECIFIED.,.F.,.F.,(4,1,4),(0.,0.0138964216749122,0.0332211600496202),
 .UNSPECIFIED.);
#117=B_SPLINE_CURVE_WITH_KNOTS('',3,(#10396,#10397,#10398,#10399,#10400),
 .UNSPECIFIED.,.F.,.F.,(4,1,4),(0.,0.0143383145859174,0.0292189646035815),
 .UNSPECIFIED.);
#118=B_SPLINE_CURVE_WITH_KNOTS('',3,(#10403,#10404,#10405,#10406,#10407),
 .UNSPECIFIED.,.F.,.F.,(4,1,4),(0.,0.0143383145859174,0.0292189646035815),
 .UNSPECIFIED.);
#119=B_SPLINE_CURVE_WITH_KNOTS('',3,(#10419,#10420,#10421,#10422,#10423),
 .UNSPECIFIED.,.F.,.F.,(4,1,4),(0.,0.0145559983765701,0.0286788552240978),
 .UNSPECIFIED.);
#120=B_SPLINE_CURVE_WITH_KNOTS('',3,(#10426,#10427,#10428,#10429,#10430),
 .UNSPECIFIED.,.F.,.F.,(4,1,4),(0.,0.0145559983765701,0.0286788552240978),
 .UNSPECIFIED.);
#121=B_SPLINE_CURVE_WITH_KNOTS('',3,(#10442,#10443,#10444,#10445,#10446),
 .UNSPECIFIED.,.F.,.F.,(4,1,4),(0.,0.0153787572105388,0.0302989560727614),
 .UNSPECIFIED.);
#122=B_SPLINE_CURVE_WITH_KNOTS('',3,(#10449,#10450,#10451,#10452,#10453),
 .UNSPECIFIED.,.F.,.F.,(4,1,4),(0.,0.0153787572105388,0.0302989560727614),
 .UNSPECIFIED.);
#123=B_SPLINE_CURVE_WITH_KNOTS('',3,(#10465,#10466,#10467,#10468,#10469),
 .UNSPECIFIED.,.F.,.F.,(4,1,4),(0.,0.0246010870283846,0.049850096602218),
 .UNSPECIFIED.);
#124=B_SPLINE_CURVE_WITH_KNOTS('',3,(#10472,#10473,#10474,#10475,#10476),
 .UNSPECIFIED.,.F.,.F.,(4,1,4),(0.,0.0246010870283846,0.049850096602218),
 .UNSPECIFIED.);
#125=B_SPLINE_CURVE_WITH_KNOTS('',3,(#10488,#10489,#10490,#10491,#10492),
 .UNSPECIFIED.,.F.,.F.,(4,1,4),(0.,0.0319684926601835,0.0587792957825013),
 .UNSPECIFIED.);
#126=B_SPLINE_CURVE_WITH_KNOTS('',3,(#10495,#10496,#10497,#10498,#10499),
 .UNSPECIFIED.,.F.,.F.,(4,1,4),(0.,0.0319684926601835,0.0587792957825013),
 .UNSPECIFIED.);
#127=B_SPLINE_CURVE_WITH_KNOTS('',3,(#10511,#10512,#10513,#10514,#10515),
 .UNSPECIFIED.,.F.,.F.,(4,1,4),(0.,0.0203417985711583,0.0414190946941585),
 .UNSPECIFIED.);
#128=B_SPLINE_CURVE_WITH_KNOTS('',3,(#10518,#10519,#10520,#10521,#10522),
 .UNSPECIFIED.,.F.,.F.,(4,1,4),(0.,0.0203417985711583,0.0414190946941585),
 .UNSPECIFIED.);
#129=B_SPLINE_CURVE_WITH_KNOTS('',3,(#10534,#10535,#10536,#10537,#10538),
 .UNSPECIFIED.,.F.,.F.,(4,1,4),(0.,0.0249664824710618,0.0465874590748775),
 .UNSPECIFIED.);
#130=B_SPLINE_CURVE_WITH_KNOTS('',3,(#10541,#10542,#10543,#10544,#10545),
 .UNSPECIFIED.,.F.,.F.,(4,1,4),(0.,0.0249664824710618,0.0465874590748775),
 .UNSPECIFIED.);
#131=B_SPLINE_CURVE_WITH_KNOTS('',3,(#10556,#10557,#10558,#10559,#10560),
 .UNSPECIFIED.,.F.,.F.,(4,1,4),(0.,0.0132929705229795,0.0279128785693983),
 .UNSPECIFIED.);
#132=B_SPLINE_CURVE_WITH_KNOTS('',3,(#10561,#10562,#10563,#10564,#10565),
 .UNSPECIFIED.,.F.,.F.,(4,1,4),(0.,0.0132929705229795,0.0279128785693983),
 .UNSPECIFIED.);
#133=B_SPLINE_CURVE_WITH_KNOTS('',3,(#10579,#10580,#10581,#10582,#10583),
 .UNSPECIFIED.,.F.,.F.,(4,1,4),(0.,0.0375794148607376,0.0678509974278399),
 .UNSPECIFIED.);
#134=B_SPLINE_CURVE_WITH_KNOTS('',3,(#10587,#10588,#10589,#10590,#10591),
 .UNSPECIFIED.,.F.,.F.,(4,1,4),(0.,0.0375794148607376,0.0678509974278399),
 .UNSPECIFIED.);
#135=B_SPLINE_CURVE_WITH_KNOTS('',3,(#10604,#10605,#10606,#10607,#10608),
 .UNSPECIFIED.,.F.,.F.,(4,1,4),(0.,0.0225982491949301,0.0469497047393309),
 .UNSPECIFIED.);
#136=B_SPLINE_CURVE_WITH_KNOTS('',3,(#10611,#10612,#10613,#10614,#10615),
 .UNSPECIFIED.,.F.,.F.,(4,1,4),(0.,0.0225982491949301,0.0469497047393309),
 .UNSPECIFIED.);
#137=B_SPLINE_CURVE_WITH_KNOTS('',3,(#10627,#10628,#10629,#10630,#10631),
 .UNSPECIFIED.,.F.,.F.,(4,1,4),(0.,0.0195022507547142,0.0403618856139714),
 .UNSPECIFIED.);
#138=B_SPLINE_CURVE_WITH_KNOTS('',3,(#10634,#10635,#10636,#10637,#10638),
 .UNSPECIFIED.,.F.,.F.,(4,1,4),(0.,0.0195022507547142,0.0403618856139714),
 .UNSPECIFIED.);
#139=B_SPLINE_CURVE_WITH_KNOTS('',3,(#10650,#10651,#10652,#10653,#10654),
 .UNSPECIFIED.,.F.,.F.,(4,1,4),(0.,0.0180808982128836,0.0367186200329488),
 .UNSPECIFIED.);
#140=B_SPLINE_CURVE_WITH_KNOTS('',3,(#10657,#10658,#10659,#10660,#10661),
 .UNSPECIFIED.,.F.,.F.,(4,1,4),(0.,0.0180808982128836,0.0367186200329488),
 .UNSPECIFIED.);
#141=B_SPLINE_CURVE_WITH_KNOTS('',3,(#10673,#10674,#10675,#10676,#10677),
 .UNSPECIFIED.,.F.,.F.,(4,1,4),(0.,0.0156789459213482,0.0331102825335668),
 .UNSPECIFIED.);
#142=B_SPLINE_CURVE_WITH_KNOTS('',3,(#10680,#10681,#10682,#10683,#10684),
 .UNSPECIFIED.,.F.,.F.,(4,1,4),(0.,0.0156789459213482,0.0331102825335668),
 .UNSPECIFIED.);
#143=B_SPLINE_CURVE_WITH_KNOTS('',3,(#10696,#10697,#10698,#10699,#10700),
 .UNSPECIFIED.,.F.,.F.,(4,1,4),(0.,0.0160212487174656,0.0313317988620522),
 .UNSPECIFIED.);
#144=B_SPLINE_CURVE_WITH_KNOTS('',3,(#10703,#10704,#10705,#10706,#10707),
 .UNSPECIFIED.,.F.,.F.,(4,1,4),(0.,0.0160212487174656,0.0313317988620522),
 .UNSPECIFIED.);
#145=B_SPLINE_CURVE_WITH_KNOTS('',3,(#10719,#10720,#10721,#10722,#10723),
 .UNSPECIFIED.,.F.,.F.,(4,1,4),(0.,0.0345076307558298,0.0571776136863088),
 .UNSPECIFIED.);
#146=B_SPLINE_CURVE_WITH_KNOTS('',3,(#10726,#10727,#10728,#10729,#10730),
 .UNSPECIFIED.,.F.,.F.,(4,1,4),(0.,0.0345076307558298,0.0571776136863088),
 .UNSPECIFIED.);
#147=B_SPLINE_CURVE_WITH_KNOTS('',3,(#10742,#10743,#10744,#10745,#10746),
 .UNSPECIFIED.,.F.,.F.,(4,1,4),(0.,0.0114081740120549,0.0338749598805073),
 .UNSPECIFIED.);
#148=B_SPLINE_CURVE_WITH_KNOTS('',3,(#10749,#10750,#10751,#10752,#10753),
 .UNSPECIFIED.,.F.,.F.,(4,1,4),(0.,0.0114081740120549,0.0338749598805073),
 .UNSPECIFIED.);
#149=B_SPLINE_CURVE_WITH_KNOTS('',3,(#10765,#10766,#10767,#10768,#10769),
 .UNSPECIFIED.,.F.,.F.,(4,1,4),(0.,0.00792635555508958,0.0173548947627535),
 .UNSPECIFIED.);
#150=B_SPLINE_CURVE_WITH_KNOTS('',3,(#10772,#10773,#10774,#10775,#10776),
 .UNSPECIFIED.,.F.,.F.,(4,1,4),(0.,0.00792635555508958,0.0173548947627535),
 .UNSPECIFIED.);
#151=B_SPLINE_CURVE_WITH_KNOTS('',3,(#10788,#10789,#10790,#10791,#10792),
 .UNSPECIFIED.,.F.,.F.,(4,1,4),(0.,0.00689671198558693,0.0138583388802261),
 .UNSPECIFIED.);
#152=B_SPLINE_CURVE_WITH_KNOTS('',3,(#10795,#10796,#10797,#10798,#10799),
 .UNSPECIFIED.,.F.,.F.,(4,1,4),(0.,0.00689671198558693,0.0138583388802261),
 .UNSPECIFIED.);
#153=B_SPLINE_CURVE_WITH_KNOTS('',3,(#10811,#10812,#10813,#10814,#10815),
 .UNSPECIFIED.,.F.,.F.,(4,1,4),(0.,0.0122104317879977,0.0230925125365143),
 .UNSPECIFIED.);
#154=B_SPLINE_CURVE_WITH_KNOTS('',3,(#10818,#10819,#10820,#10821,#10822),
 .UNSPECIFIED.,.F.,.F.,(4,1,4),(0.,0.0122104317879977,0.0230925125365143),
 .UNSPECIFIED.);
#155=B_SPLINE_CURVE_WITH_KNOTS('',3,(#10834,#10835,#10836,#10837,#10838),
 .UNSPECIFIED.,.F.,.F.,(4,1,4),(0.,0.0218437624361211,0.037630332682903),
 .UNSPECIFIED.);
#156=B_SPLINE_CURVE_WITH_KNOTS('',3,(#10841,#10842,#10843,#10844,#10845),
 .UNSPECIFIED.,.F.,.F.,(4,1,4),(0.,0.0218437624361211,0.037630332682903),
 .UNSPECIFIED.);
#157=B_SPLINE_CURVE_WITH_KNOTS('',3,(#10857,#10858,#10859,#10860,#10861),
 .UNSPECIFIED.,.F.,.F.,(4,1,4),(0.,0.0158553369185849,0.0350571306137166),
 .UNSPECIFIED.);
#158=B_SPLINE_CURVE_WITH_KNOTS('',3,(#10864,#10865,#10866,#10867,#10868),
 .UNSPECIFIED.,.F.,.F.,(4,1,4),(0.,0.0158553369185849,0.0350571306137166),
 .UNSPECIFIED.);
#159=B_SPLINE_CURVE_WITH_KNOTS('',3,(#10880,#10881,#10882,#10883,#10884),
 .UNSPECIFIED.,.F.,.F.,(4,1,4),(0.,0.0156857528327451,0.0303749386907902),
 .UNSPECIFIED.);
#160=B_SPLINE_CURVE_WITH_KNOTS('',3,(#10887,#10888,#10889,#10890,#10891),
 .UNSPECIFIED.,.F.,.F.,(4,1,4),(0.,0.0156857528327451,0.0303749386907902),
 .UNSPECIFIED.);
#161=B_SPLINE_CURVE_WITH_KNOTS('',3,(#10909,#10910,#10911,#10912,#10913),
 .UNSPECIFIED.,.F.,.F.,(4,1,4),(0.,0.0166375253360257,0.0362181044287358),
 .UNSPECIFIED.);
#162=B_SPLINE_CURVE_WITH_KNOTS('',3,(#10916,#10917,#10918,#10919,#10920),
 .UNSPECIFIED.,.F.,.F.,(4,1,4),(0.,0.0166375253360257,0.0362181044287358),
 .UNSPECIFIED.);
#163=B_SPLINE_CURVE_WITH_KNOTS('',3,(#10932,#10933,#10934,#10935,#10936),
 .UNSPECIFIED.,.F.,.F.,(4,1,4),(0.,0.0189112114064133,0.035193371545519),
 .UNSPECIFIED.);
#164=B_SPLINE_CURVE_WITH_KNOTS('',3,(#10939,#10940,#10941,#10942,#10943),
 .UNSPECIFIED.,.F.,.F.,(4,1,4),(0.,0.0189112114064133,0.035193371545519),
 .UNSPECIFIED.);
#165=B_SPLINE_CURVE_WITH_KNOTS('',3,(#10955,#10956,#10957,#10958,#10959),
 .UNSPECIFIED.,.F.,.F.,(4,1,4),(0.,0.0240898668062371,0.0457067347706586),
 .UNSPECIFIED.);
#166=B_SPLINE_CURVE_WITH_KNOTS('',3,(#10962,#10963,#10964,#10965,#10966),
 .UNSPECIFIED.,.F.,.F.,(4,1,4),(0.,0.0240898668062371,0.0457067347706586),
 .UNSPECIFIED.);
#167=B_SPLINE_CURVE_WITH_KNOTS('',3,(#10978,#10979,#10980,#10981,#10982),
 .UNSPECIFIED.,.F.,.F.,(4,1,4),(0.,0.0157236200485432,0.0322081398772847),
 .UNSPECIFIED.);
#168=B_SPLINE_CURVE_WITH_KNOTS('',3,(#10985,#10986,#10987,#10988,#10989),
 .UNSPECIFIED.,.F.,.F.,(4,1,4),(0.,0.0157236200485432,0.0322081398772847),
 .UNSPECIFIED.);
#169=B_SPLINE_CURVE_WITH_KNOTS('',3,(#11001,#11002,#11003,#11004,#11005),
 .UNSPECIFIED.,.F.,.F.,(4,1,4),(0.,0.0117235457606007,0.0258700012873171),
 .UNSPECIFIED.);
#170=B_SPLINE_CURVE_WITH_KNOTS('',3,(#11008,#11009,#11010,#11011,#11012),
 .UNSPECIFIED.,.F.,.F.,(4,1,4),(0.,0.0117235457606007,0.0258700012873171),
 .UNSPECIFIED.);
#171=B_SPLINE_CURVE_WITH_KNOTS('',3,(#11024,#11025,#11026,#11027,#11028),
 .UNSPECIFIED.,.F.,.F.,(4,1,4),(0.,0.0137869889556603,0.0275887429805065),
 .UNSPECIFIED.);
#172=B_SPLINE_CURVE_WITH_KNOTS('',3,(#11031,#11032,#11033,#11034,#11035),
 .UNSPECIFIED.,.F.,.F.,(4,1,4),(0.,0.0137869889556603,0.0275887429805065),
 .UNSPECIFIED.);
#173=B_SPLINE_CURVE_WITH_KNOTS('',3,(#11047,#11048,#11049,#11050,#11051),
 .UNSPECIFIED.,.F.,.F.,(4,1,4),(0.,0.0140905938708959,0.0279379938790462),
 .UNSPECIFIED.);
#174=B_SPLINE_CURVE_WITH_KNOTS('',3,(#11054,#11055,#11056,#11057,#11058),
 .UNSPECIFIED.,.F.,.F.,(4,1,4),(0.,0.0140905938708959,0.0279379938790462),
 .UNSPECIFIED.);
#175=B_SPLINE_CURVE_WITH_KNOTS('',3,(#11070,#11071,#11072,#11073,#11074),
 .UNSPECIFIED.,.F.,.F.,(4,1,4),(0.,0.0151551987718716,0.0305594843626169),
 .UNSPECIFIED.);
#176=B_SPLINE_CURVE_WITH_KNOTS('',3,(#11077,#11078,#11079,#11080,#11081),
 .UNSPECIFIED.,.F.,.F.,(4,1,4),(0.,0.0151551987718716,0.0305594843626169),
 .UNSPECIFIED.);
#177=B_SPLINE_CURVE_WITH_KNOTS('',3,(#11093,#11094,#11095,#11096,#11097),
 .UNSPECIFIED.,.F.,.F.,(4,1,4),(0.,0.0163899628594432,0.0318165362358894),
 .UNSPECIFIED.);
#178=B_SPLINE_CURVE_WITH_KNOTS('',3,(#11100,#11101,#11102,#11103,#11104),
 .UNSPECIFIED.,.F.,.F.,(4,1,4),(0.,0.0163899628594432,0.0318165362358894),
 .UNSPECIFIED.);
#179=B_SPLINE_CURVE_WITH_KNOTS('',3,(#11116,#11117,#11118,#11119,#11120),
 .UNSPECIFIED.,.F.,.F.,(4,1,4),(0.,0.0356047124871355,0.0589482164953991),
 .UNSPECIFIED.);
#180=B_SPLINE_CURVE_WITH_KNOTS('',3,(#11123,#11124,#11125,#11126,#11127),
 .UNSPECIFIED.,.F.,.F.,(4,1,4),(0.,0.0356047124871355,0.0589482164953991),
 .UNSPECIFIED.);
#181=B_SPLINE_CURVE_WITH_KNOTS('',3,(#11139,#11140,#11141,#11142,#11143),
 .UNSPECIFIED.,.F.,.F.,(4,1,4),(0.,0.0143287215341814,0.039739659610978),
 .UNSPECIFIED.);
#182=B_SPLINE_CURVE_WITH_KNOTS('',3,(#11146,#11147,#11148,#11149,#11150),
 .UNSPECIFIED.,.F.,.F.,(4,1,4),(0.,0.0143287215341814,0.039739659610978),
 .UNSPECIFIED.);
#183=B_SPLINE_CURVE_WITH_KNOTS('',3,(#11162,#11163,#11164,#11165,#11166),
 .UNSPECIFIED.,.F.,.F.,(4,1,4),(0.,0.011477693763532,0.0232373680097455),
 .UNSPECIFIED.);
#184=B_SPLINE_CURVE_WITH_KNOTS('',3,(#11169,#11170,#11171,#11172,#11173),
 .UNSPECIFIED.,.F.,.F.,(4,1,4),(0.,0.011477693763532,0.0232373680097455),
 .UNSPECIFIED.);
#185=B_SPLINE_CURVE_WITH_KNOTS('',3,(#11185,#11186,#11187,#11188,#11189),
 .UNSPECIFIED.,.F.,.F.,(4,1,4),(0.,0.0145225039196137,0.0278995604806262),
 .UNSPECIFIED.);
#186=B_SPLINE_CURVE_WITH_KNOTS('',3,(#11192,#11193,#11194,#11195,#11196),
 .UNSPECIFIED.,.F.,.F.,(4,1,4),(0.,0.0145225039196137,0.0278995604806262),
 .UNSPECIFIED.);
#187=B_SPLINE_CURVE_WITH_KNOTS('',3,(#11208,#11209,#11210,#11211,#11212),
 .UNSPECIFIED.,.F.,.F.,(4,1,4),(0.,0.022251538695205,0.0396283651303804),
 .UNSPECIFIED.);
#188=B_SPLINE_CURVE_WITH_KNOTS('',3,(#11215,#11216,#11217,#11218,#11219),
 .UNSPECIFIED.,.F.,.F.,(4,1,4),(0.,0.022251538695205,0.0396283651303804),
 .UNSPECIFIED.);
#189=B_SPLINE_CURVE_WITH_KNOTS('',3,(#11231,#11232,#11233,#11234,#11235),
 .UNSPECIFIED.,.F.,.F.,(4,1,4),(0.,0.0189466356560796,0.0415180591802694),
 .UNSPECIFIED.);
#190=B_SPLINE_CURVE_WITH_KNOTS('',3,(#11238,#11239,#11240,#11241,#11242),
 .UNSPECIFIED.,.F.,.F.,(4,1,4),(0.,0.0189466356560796,0.0415180591802694),
 .UNSPECIFIED.);
#191=B_SPLINE_CURVE_WITH_KNOTS('',3,(#11254,#11255,#11256,#11257,#11258),
 .UNSPECIFIED.,.F.,.F.,(4,1,4),(0.,0.0201912805283577,0.0383441508122856),
 .UNSPECIFIED.);
#192=B_SPLINE_CURVE_WITH_KNOTS('',3,(#11261,#11262,#11263,#11264,#11265),
 .UNSPECIFIED.,.F.,.F.,(4,1,4),(0.,0.0201912805283577,0.0383441508122856),
 .UNSPECIFIED.);
#193=B_SPLINE_CURVE_WITH_KNOTS('',3,(#11282,#11283,#11284,#11285,#11286),
 .UNSPECIFIED.,.F.,.F.,(4,1,4),(0.,0.0284251370350832,0.0604173236407897),
 .UNSPECIFIED.);
#194=B_SPLINE_CURVE_WITH_KNOTS('',3,(#11287,#11288,#11289,#11290,#11291),
 .UNSPECIFIED.,.F.,.F.,(4,1,4),(0.,0.0284251370350832,0.0604173236407897),
 .UNSPECIFIED.);
#195=B_SPLINE_CURVE_WITH_KNOTS('',3,(#11305,#11306,#11307,#11308,#11309),
 .UNSPECIFIED.,.F.,.F.,(4,1,4),(0.,0.0160785787732976,0.0375146855856352),
 .UNSPECIFIED.);
#196=B_SPLINE_CURVE_WITH_KNOTS('',3,(#11313,#11314,#11315,#11316,#11317),
 .UNSPECIFIED.,.F.,.F.,(4,1,4),(0.,0.0160785787732976,0.0375146855856352),
 .UNSPECIFIED.);
#197=B_SPLINE_CURVE_WITH_KNOTS('',3,(#11330,#11331,#11332,#11333,#11334),
 .UNSPECIFIED.,.F.,.F.,(4,1,4),(0.,0.0181165288458266,0.0356778890976309),
 .UNSPECIFIED.);
#198=B_SPLINE_CURVE_WITH_KNOTS('',3,(#11337,#11338,#11339,#11340,#11341),
 .UNSPECIFIED.,.F.,.F.,(4,1,4),(0.,0.0181165288458266,0.0356778890976309),
 .UNSPECIFIED.);
#199=B_SPLINE_CURVE_WITH_KNOTS('',3,(#11353,#11354,#11355,#11356,#11357),
 .UNSPECIFIED.,.F.,.F.,(4,1,4),(0.,0.020240139970371,0.0393166759960459),
 .UNSPECIFIED.);
#200=B_SPLINE_CURVE_WITH_KNOTS('',3,(#11360,#11361,#11362,#11363,#11364),
 .UNSPECIFIED.,.F.,.F.,(4,1,4),(0.,0.020240139970371,0.0393166759960459),
 .UNSPECIFIED.);
#201=B_SPLINE_CURVE_WITH_KNOTS('',3,(#11376,#11377,#11378,#11379,#11380),
 .UNSPECIFIED.,.F.,.F.,(4,1,4),(0.,0.0155870773005885,0.0346494041911972),
 .UNSPECIFIED.);
#202=B_SPLINE_CURVE_WITH_KNOTS('',3,(#11383,#11384,#11385,#11386,#11387),
 .UNSPECIFIED.,.F.,.F.,(4,1,4),(0.,0.0155870773005885,0.0346494041911972),
 .UNSPECIFIED.);
#203=B_SPLINE_CURVE_WITH_KNOTS('',3,(#11399,#11400,#11401,#11402,#11403),
 .UNSPECIFIED.,.F.,.F.,(4,1,4),(0.,0.0137909118730745,0.0276502248027282),
 .UNSPECIFIED.);
#204=B_SPLINE_CURVE_WITH_KNOTS('',3,(#11406,#11407,#11408,#11409,#11410),
 .UNSPECIFIED.,.F.,.F.,(4,1,4),(0.,0.0137909118730745,0.0276502248027282),
 .UNSPECIFIED.);
#205=B_SPLINE_CURVE_WITH_KNOTS('',3,(#11422,#11423,#11424,#11425,#11426),
 .UNSPECIFIED.,.F.,.F.,(4,1,4),(0.,0.00915624417888567,0.0184280352200637),
 .UNSPECIFIED.);
#206=B_SPLINE_CURVE_WITH_KNOTS('',3,(#11429,#11430,#11431,#11432,#11433),
 .UNSPECIFIED.,.F.,.F.,(4,1,4),(0.,0.00915624417888567,0.0184280352200637),
 .UNSPECIFIED.);
#207=B_SPLINE_CURVE_WITH_KNOTS('',3,(#11445,#11446,#11447,#11448,#11449),
 .UNSPECIFIED.,.F.,.F.,(4,1,4),(0.,0.00974325983667173,0.0190370411206109),
 .UNSPECIFIED.);
#208=B_SPLINE_CURVE_WITH_KNOTS('',3,(#11452,#11453,#11454,#11455,#11456),
 .UNSPECIFIED.,.F.,.F.,(4,1,4),(0.,0.00974325983667173,0.0190370411206109),
 .UNSPECIFIED.);
#209=B_SPLINE_CURVE_WITH_KNOTS('',3,(#11468,#11469,#11470,#11471,#11472),
 .UNSPECIFIED.,.F.,.F.,(4,1,4),(0.,0.019699242580662,0.033018107146329),
 .UNSPECIFIED.);
#210=B_SPLINE_CURVE_WITH_KNOTS('',3,(#11475,#11476,#11477,#11478,#11479),
 .UNSPECIFIED.,.F.,.F.,(4,1,4),(0.,0.019699242580662,0.033018107146329),
 .UNSPECIFIED.);
#211=B_SPLINE_CURVE_WITH_KNOTS('',3,(#11491,#11492,#11493,#11494,#11495),
 .UNSPECIFIED.,.F.,.F.,(4,1,4),(0.,0.0261865721240278,0.0618507615735755),
 .UNSPECIFIED.);
#212=B_SPLINE_CURVE_WITH_KNOTS('',3,(#11498,#11499,#11500,#11501,#11502),
 .UNSPECIFIED.,.F.,.F.,(4,1,4),(0.,0.0261865721240278,0.0618507615735755),
 .UNSPECIFIED.);
#213=B_SPLINE_CURVE_WITH_KNOTS('',3,(#11526,#11527,#11528,#11529,#11530),
 .UNSPECIFIED.,.F.,.F.,(4,1,4),(0.,0.0137801063707021,0.0278031254389668),
 .UNSPECIFIED.);
#214=B_SPLINE_CURVE_WITH_KNOTS('',3,(#11533,#11534,#11535,#11536,#11537),
 .UNSPECIFIED.,.F.,.F.,(4,1,4),(0.,0.0137801063707021,0.0278031254389668),
 .UNSPECIFIED.);
#215=B_SPLINE_CURVE_WITH_KNOTS('',3,(#11549,#11550,#11551,#11552,#11553),
 .UNSPECIFIED.,.F.,.F.,(4,1,4),(0.,0.0419294400690162,0.0650443425972673),
 .UNSPECIFIED.);
#216=B_SPLINE_CURVE_WITH_KNOTS('',3,(#11556,#11557,#11558,#11559,#11560),
 .UNSPECIFIED.,.F.,.F.,(4,1,4),(0.,0.0419294400690162,0.0650443425972673),
 .UNSPECIFIED.);
#217=B_SPLINE_CURVE_WITH_KNOTS('',3,(#11578,#11579,#11580,#11581,#11582),
 .UNSPECIFIED.,.F.,.F.,(4,1,4),(0.,0.0132712853190191,0.0340471900331187),
 .UNSPECIFIED.);
#218=B_SPLINE_CURVE_WITH_KNOTS('',3,(#11585,#11586,#11587,#11588,#11589),
 .UNSPECIFIED.,.F.,.F.,(4,1,4),(0.,0.0132712853190191,0.0340471900331187),
 .UNSPECIFIED.);
#219=B_SPLINE_CURVE_WITH_KNOTS('',3,(#11601,#11602,#11603,#11604,#11605),
 .UNSPECIFIED.,.F.,.F.,(4,1,4),(0.,0.0132102201132302,0.027762784815833),
 .UNSPECIFIED.);
#220=B_SPLINE_CURVE_WITH_KNOTS('',3,(#11608,#11609,#11610,#11611,#11612),
 .UNSPECIFIED.,.F.,.F.,(4,1,4),(0.,0.0132102201132302,0.027762784815833),
 .UNSPECIFIED.);
#221=B_SPLINE_CURVE_WITH_KNOTS('',3,(#11624,#11625,#11626,#11627,#11628),
 .UNSPECIFIED.,.F.,.F.,(4,1,4),(0.,0.0168054342342834,0.030678258916243),
 .UNSPECIFIED.);
#222=B_SPLINE_CURVE_WITH_KNOTS('',3,(#11631,#11632,#11633,#11634,#11635),
 .UNSPECIFIED.,.F.,.F.,(4,1,4),(0.,0.0168054342342834,0.030678258916243),
 .UNSPECIFIED.);
#223=B_SPLINE_CURVE_WITH_KNOTS('',3,(#11647,#11648,#11649,#11650,#11651),
 .UNSPECIFIED.,.F.,.F.,(4,1,4),(0.,0.0252748993811118,0.0458723253728258),
 .UNSPECIFIED.);
#224=B_SPLINE_CURVE_WITH_KNOTS('',3,(#11654,#11655,#11656,#11657,#11658),
 .UNSPECIFIED.,.F.,.F.,(4,1,4),(0.,0.0252748993811118,0.0458723253728258),
 .UNSPECIFIED.);
#225=B_SPLINE_CURVE_WITH_KNOTS('',3,(#11670,#11671,#11672,#11673,#11674),
 .UNSPECIFIED.,.F.,.F.,(4,1,4),(0.,0.0236807354089817,0.0500976519562805),
 .UNSPECIFIED.);
#226=B_SPLINE_CURVE_WITH_KNOTS('',3,(#11677,#11678,#11679,#11680,#11681),
 .UNSPECIFIED.,.F.,.F.,(4,1,4),(0.,0.0236807354089817,0.0500976519562805),
 .UNSPECIFIED.);
#227=B_SPLINE_CURVE_WITH_KNOTS('',3,(#11693,#11694,#11695,#11696,#11697),
 .UNSPECIFIED.,.F.,.F.,(4,1,4),(0.,0.018648911463724,0.0396063300232658),
 .UNSPECIFIED.);
#228=B_SPLINE_CURVE_WITH_KNOTS('',3,(#11700,#11701,#11702,#11703,#11704),
 .UNSPECIFIED.,.F.,.F.,(4,1,4),(0.,0.018648911463724,0.0396063300232658),
 .UNSPECIFIED.);
#229=B_SPLINE_CURVE_WITH_KNOTS('',3,(#11716,#11717,#11718,#11719,#11720),
 .UNSPECIFIED.,.F.,.F.,(4,1,4),(0.,0.0218853499153632,0.0409648144746711),
 .UNSPECIFIED.);
#230=B_SPLINE_CURVE_WITH_KNOTS('',3,(#11723,#11724,#11725,#11726,#11727),
 .UNSPECIFIED.,.F.,.F.,(4,1,4),(0.,0.0218853499153632,0.0409648144746711),
 .UNSPECIFIED.);
#231=B_SPLINE_CURVE_WITH_KNOTS('',3,(#11745,#11746,#11747,#11748,#11749),
 .UNSPECIFIED.,.F.,.F.,(4,1,4),(0.,0.016583346029991,0.0376042607727115),
 .UNSPECIFIED.);
#232=B_SPLINE_CURVE_WITH_KNOTS('',3,(#11752,#11753,#11754,#11755,#11756),
 .UNSPECIFIED.,.F.,.F.,(4,1,4),(0.,0.016583346029991,0.0376042607727115),
 .UNSPECIFIED.);
#233=B_SPLINE_CURVE_WITH_KNOTS('',3,(#11768,#11769,#11770,#11771,#11772),
 .UNSPECIFIED.,.F.,.F.,(4,1,4),(0.,0.0227012655142505,0.0398984735548026),
 .UNSPECIFIED.);
#234=B_SPLINE_CURVE_WITH_KNOTS('',3,(#11775,#11776,#11777,#11778,#11779),
 .UNSPECIFIED.,.F.,.F.,(4,1,4),(0.,0.0227012655142505,0.0398984735548026),
 .UNSPECIFIED.);
#235=B_SPLINE_CURVE_WITH_KNOTS('',3,(#11791,#11792,#11793,#11794,#11795),
 .UNSPECIFIED.,.F.,.F.,(4,1,4),(0.,0.0198891375444365,0.0444909676855025),
 .UNSPECIFIED.);
#236=B_SPLINE_CURVE_WITH_KNOTS('',3,(#11798,#11799,#11800,#11801,#11802),
 .UNSPECIFIED.,.F.,.F.,(4,1,4),(0.,0.0198891375444365,0.0444909676855025),
 .UNSPECIFIED.);
#237=B_SPLINE_CURVE_WITH_KNOTS('',3,(#11814,#11815,#11816,#11817,#11818),
 .UNSPECIFIED.,.F.,.F.,(4,1,4),(0.,0.0193614640425064,0.0341389353644452),
 .UNSPECIFIED.);
#238=B_SPLINE_CURVE_WITH_KNOTS('',3,(#11821,#11822,#11823,#11824,#11825),
 .UNSPECIFIED.,.F.,.F.,(4,1,4),(0.,0.0193614640425064,0.0341389353644452),
 .UNSPECIFIED.);
#239=B_SPLINE_CURVE_WITH_KNOTS('',3,(#11837,#11838,#11839,#11840,#11841),
 .UNSPECIFIED.,.F.,.F.,(4,1,4),(0.,0.00619221878138783,0.00962028635600847),
 .UNSPECIFIED.);
#240=B_SPLINE_CURVE_WITH_KNOTS('',3,(#11844,#11845,#11846,#11847,#11848),
 .UNSPECIFIED.,.F.,.F.,(4,1,4),(0.,0.00619221878138783,0.00962028635600847),
 .UNSPECIFIED.);
#241=B_SPLINE_CURVE_WITH_KNOTS('',3,(#11860,#11861,#11862,#11863,#11864),
 .UNSPECIFIED.,.F.,.F.,(4,1,4),(0.,0.0391646829134457,0.066983451889379),
 .UNSPECIFIED.);
#242=B_SPLINE_CURVE_WITH_KNOTS('',3,(#11867,#11868,#11869,#11870,#11871),
 .UNSPECIFIED.,.F.,.F.,(4,1,4),(0.,0.0391646829134457,0.066983451889379),
 .UNSPECIFIED.);
#243=B_SPLINE_CURVE_WITH_KNOTS('',3,(#11883,#11884,#11885,#11886,#11887),
 .UNSPECIFIED.,.F.,.F.,(4,1,4),(0.,0.0138963049349133,0.0332210433096214),
 .UNSPECIFIED.);
#244=B_SPLINE_CURVE_WITH_KNOTS('',3,(#11890,#11891,#11892,#11893,#11894),
 .UNSPECIFIED.,.F.,.F.,(4,1,4),(0.,0.0138963049349133,0.0332210433096214),
 .UNSPECIFIED.);
#245=B_SPLINE_CURVE_WITH_KNOTS('',3,(#11906,#11907,#11908,#11909,#11910),
 .UNSPECIFIED.,.F.,.F.,(4,1,4),(0.,0.0143382105897979,0.0292189726993326),
 .UNSPECIFIED.);
#246=B_SPLINE_CURVE_WITH_KNOTS('',3,(#11913,#11914,#11915,#11916,#11917),
 .UNSPECIFIED.,.F.,.F.,(4,1,4),(0.,0.0143382105897979,0.0292189726993326),
 .UNSPECIFIED.);
#247=B_SPLINE_CURVE_WITH_KNOTS('',3,(#11929,#11930,#11931,#11932,#11933),
 .UNSPECIFIED.,.F.,.F.,(4,1,4),(0.,0.0145559983765701,0.028678945045515),
 .UNSPECIFIED.);
#248=B_SPLINE_CURVE_WITH_KNOTS('',3,(#11936,#11937,#11938,#11939,#11940),
 .UNSPECIFIED.,.F.,.F.,(4,1,4),(0.,0.0145559983765701,0.028678945045515),
 .UNSPECIFIED.);
#249=B_SPLINE_CURVE_WITH_KNOTS('',3,(#11952,#11953,#11954,#11955,#11956),
 .UNSPECIFIED.,.F.,.F.,(4,1,4),(0.,0.0153787290544835,0.0302990149805885),
 .UNSPECIFIED.);
#250=B_SPLINE_CURVE_WITH_KNOTS('',3,(#11959,#11960,#11961,#11962,#11963),
 .UNSPECIFIED.,.F.,.F.,(4,1,4),(0.,0.0153787290544835,0.0302990149805885),
 .UNSPECIFIED.);
#251=B_SPLINE_CURVE_WITH_KNOTS('',3,(#11975,#11976,#11977,#11978,#11979),
 .UNSPECIFIED.,.F.,.F.,(4,1,4),(0.,0.0246010171194571,0.0498500721033549),
 .UNSPECIFIED.);
#252=B_SPLINE_CURVE_WITH_KNOTS('',3,(#11982,#11983,#11984,#11985,#11986),
 .UNSPECIFIED.,.F.,.F.,(4,1,4),(0.,0.0246010171194571,0.0498500721033549),
 .UNSPECIFIED.);
#253=B_SPLINE_CURVE_WITH_KNOTS('',3,(#11998,#11999,#12000,#12001,#12002),
 .UNSPECIFIED.,.F.,.F.,(4,1,4),(0.,0.0319686107483122,0.0587793099161843),
 .UNSPECIFIED.);
#254=B_SPLINE_CURVE_WITH_KNOTS('',3,(#12005,#12006,#12007,#12008,#12009),
 .UNSPECIFIED.,.F.,.F.,(4,1,4),(0.,0.0319686107483122,0.0587793099161843),
 .UNSPECIFIED.);
#255=B_SPLINE_CURVE_WITH_KNOTS('',3,(#12021,#12022,#12023,#12024,#12025),
 .UNSPECIFIED.,.F.,.F.,(4,1,4),(0.,0.0203417985711583,0.0414188571374854),
 .UNSPECIFIED.);
#256=B_SPLINE_CURVE_WITH_KNOTS('',3,(#12028,#12029,#12030,#12031,#12032),
 .UNSPECIFIED.,.F.,.F.,(4,1,4),(0.,0.0203417985711583,0.0414188571374854),
 .UNSPECIFIED.);
#257=B_SPLINE_CURVE_WITH_KNOTS('',3,(#12044,#12045,#12046,#12047,#12048),
 .UNSPECIFIED.,.F.,.F.,(4,1,4),(0.,0.0249664824710618,0.0465875655575503),
 .UNSPECIFIED.);
#258=B_SPLINE_CURVE_WITH_KNOTS('',3,(#12051,#12052,#12053,#12054,#12055),
 .UNSPECIFIED.,.F.,.F.,(4,1,4),(0.,0.0249664824710618,0.0465875655575503),
 .UNSPECIFIED.);
#259=B_SPLINE_CURVE_WITH_KNOTS('',3,(#12066,#12067,#12068,#12069,#12070),
 .UNSPECIFIED.,.F.,.F.,(4,1,4),(0.,0.0132930127327617,0.0279129207791806),
 .UNSPECIFIED.);
#260=B_SPLINE_CURVE_WITH_KNOTS('',3,(#12071,#12072,#12073,#12074,#12075),
 .UNSPECIFIED.,.F.,.F.,(4,1,4),(0.,0.0132930127327617,0.0279129207791806),
 .UNSPECIFIED.);
#261=B_SPLINE_CURVE_WITH_KNOTS('',3,(#12097,#12098,#12099,#12100,#12101),
 .UNSPECIFIED.,.F.,.F.,(4,1,4),(0.,0.0210752347984056,0.0435356639710229),
 .UNSPECIFIED.);
#262=B_SPLINE_CURVE_WITH_KNOTS('',3,(#12104,#12105,#12106,#12107,#12108),
 .UNSPECIFIED.,.F.,.F.,(4,1,4),(0.,0.0210752347984056,0.0435356639710229),
 .UNSPECIFIED.);
#263=B_SPLINE_CURVE_WITH_KNOTS('',3,(#12120,#12121,#12122,#12123,#12124),
 .UNSPECIFIED.,.F.,.F.,(4,1,4),(0.,0.0119598562353681,0.0246831133562941),
 .UNSPECIFIED.);
#264=B_SPLINE_CURVE_WITH_KNOTS('',3,(#12127,#12128,#12129,#12130,#12131),
 .UNSPECIFIED.,.F.,.F.,(4,1,4),(0.,0.0119598562353681,0.0246831133562941),
 .UNSPECIFIED.);
#265=B_SPLINE_CURVE_WITH_KNOTS('',3,(#12143,#12144,#12145,#12146,#12147),
 .UNSPECIFIED.,.F.,.F.,(4,1,4),(0.,0.0116026138395349,0.0231948221337911),
 .UNSPECIFIED.);
#266=B_SPLINE_CURVE_WITH_KNOTS('',3,(#12150,#12151,#12152,#12153,#12154),
 .UNSPECIFIED.,.F.,.F.,(4,1,4),(0.,0.0116026138395349,0.0231948221337911),
 .UNSPECIFIED.);
#267=B_SPLINE_CURVE_WITH_KNOTS('',3,(#12166,#12167,#12168,#12169,#12170),
 .UNSPECIFIED.,.F.,.F.,(4,1,4),(0.,0.0147731198645125,0.028425872130812),
 .UNSPECIFIED.);
#268=B_SPLINE_CURVE_WITH_KNOTS('',3,(#12173,#12174,#12175,#12176,#12177),
 .UNSPECIFIED.,.F.,.F.,(4,1,4),(0.,0.0147731198645125,0.028425872130812),
 .UNSPECIFIED.);
#269=B_SPLINE_CURVE_WITH_KNOTS('',3,(#12195,#12196,#12197,#12198,#12199),
 .UNSPECIFIED.,.F.,.F.,(4,1,4),(0.,0.0190084877643585,0.0400652008708754),
 .UNSPECIFIED.);
#270=B_SPLINE_CURVE_WITH_KNOTS('',3,(#12202,#12203,#12204,#12205,#12206),
 .UNSPECIFIED.,.F.,.F.,(4,1,4),(0.,0.0190084877643585,0.0400652008708754),
 .UNSPECIFIED.);
#271=B_SPLINE_CURVE_WITH_KNOTS('',3,(#12218,#12219,#12220,#12221,#12222),
 .UNSPECIFIED.,.F.,.F.,(4,1,4),(0.,0.0125612128308181,0.0250528214383508),
 .UNSPECIFIED.);
#272=B_SPLINE_CURVE_WITH_KNOTS('',3,(#12225,#12226,#12227,#12228,#12229),
 .UNSPECIFIED.,.F.,.F.,(4,1,4),(0.,0.0125612128308181,0.0250528214383508),
 .UNSPECIFIED.);
#273=B_SPLINE_CURVE_WITH_KNOTS('',3,(#12241,#12242,#12243,#12244,#12245),
 .UNSPECIFIED.,.F.,.F.,(4,1,4),(0.,0.0227362255889586,0.0386715357127468),
 .UNSPECIFIED.);
#274=B_SPLINE_CURVE_WITH_KNOTS('',3,(#12248,#12249,#12250,#12251,#12252),
 .UNSPECIFIED.,.F.,.F.,(4,1,4),(0.,0.0227362255889586,0.0386715357127468),
 .UNSPECIFIED.);
#275=B_SPLINE_CURVE_WITH_KNOTS('',3,(#12287,#12288,#12289,#12290,#12291),
 .UNSPECIFIED.,.F.,.F.,(4,1,4),(0.,0.0228494306439829,0.0483672121229203),
 .UNSPECIFIED.);
#276=B_SPLINE_CURVE_WITH_KNOTS('',3,(#12295,#12296,#12297,#12298,#12299),
 .UNSPECIFIED.,.F.,.F.,(4,1,4),(0.,0.0228494306439829,0.0483672121229203),
 .UNSPECIFIED.);
#277=B_SPLINE_CURVE_WITH_KNOTS('',3,(#12312,#12313,#12314,#12315,#12316),
 .UNSPECIFIED.,.F.,.F.,(4,1,4),(0.,0.0243282229821019,0.047000069044086),
 .UNSPECIFIED.);
#278=B_SPLINE_CURVE_WITH_KNOTS('',3,(#12319,#12320,#12321,#12322,#12323),
 .UNSPECIFIED.,.F.,.F.,(4,1,4),(0.,0.0243282229821019,0.047000069044086),
 .UNSPECIFIED.);
#279=B_SPLINE_CURVE_WITH_KNOTS('',3,(#12335,#12336,#12337,#12338,#12339),
 .UNSPECIFIED.,.F.,.F.,(4,1,4),(0.,0.036573647157224,0.0654589498434301),
 .UNSPECIFIED.);
#280=B_SPLINE_CURVE_WITH_KNOTS('',3,(#12342,#12343,#12344,#12345,#12346),
 .UNSPECIFIED.,.F.,.F.,(4,1,4),(0.,0.036573647157224,0.0654589498434301),
 .UNSPECIFIED.);
#281=B_SPLINE_CURVE_WITH_KNOTS('',3,(#12358,#12359,#12360,#12361,#12362),
 .UNSPECIFIED.,.F.,.F.,(4,1,4),(0.,0.0295487105860977,0.0676841120597427),
 .UNSPECIFIED.);
#282=B_SPLINE_CURVE_WITH_KNOTS('',3,(#12365,#12366,#12367,#12368,#12369),
 .UNSPECIFIED.,.F.,.F.,(4,1,4),(0.,0.0295487105860977,0.0676841120597427),
 .UNSPECIFIED.);
#283=B_SPLINE_CURVE_WITH_KNOTS('',3,(#12381,#12382,#12383,#12384,#12385),
 .UNSPECIFIED.,.F.,.F.,(4,1,4),(0.,0.0233756826607561,0.0481483713286497),
 .UNSPECIFIED.);
#284=B_SPLINE_CURVE_WITH_KNOTS('',3,(#12388,#12389,#12390,#12391,#12392),
 .UNSPECIFIED.,.F.,.F.,(4,1,4),(0.,0.0233756826607561,0.0481483713286497),
 .UNSPECIFIED.);
#285=B_SPLINE_CURVE_WITH_KNOTS('',3,(#12404,#12405,#12406,#12407,#12408),
 .UNSPECIFIED.,.F.,.F.,(4,1,4),(0.,0.0240573619885692,0.046969153271006),
 .UNSPECIFIED.);
#286=B_SPLINE_CURVE_WITH_KNOTS('',3,(#12411,#12412,#12413,#12414,#12415),
 .UNSPECIFIED.,.F.,.F.,(4,1,4),(0.,0.0240573619885692,0.046969153271006),
 .UNSPECIFIED.);
#287=B_SPLINE_CURVE_WITH_KNOTS('',3,(#12427,#12428,#12429,#12430,#12431),
 .UNSPECIFIED.,.F.,.F.,(4,1,4),(0.,0.036723109692676,0.0652535768482305),
 .UNSPECIFIED.);
#288=B_SPLINE_CURVE_WITH_KNOTS('',3,(#12434,#12435,#12436,#12437,#12438),
 .UNSPECIFIED.,.F.,.F.,(4,1,4),(0.,0.036723109692676,0.0652535768482305),
 .UNSPECIFIED.);
#289=B_SPLINE_CURVE_WITH_KNOTS('',3,(#12449,#12450,#12451,#12452,#12453),
 .UNSPECIFIED.,.F.,.F.,(4,1,4),(0.,0.0302121179046825,0.0674511981227332),
 .UNSPECIFIED.);
#290=B_SPLINE_CURVE_WITH_KNOTS('',3,(#12454,#12455,#12456,#12457,#12458),
 .UNSPECIFIED.,.F.,.F.,(4,1,4),(0.,0.0302121179046825,0.0674511981227332),
 .UNSPECIFIED.);
#291=B_SPLINE_CURVE_WITH_KNOTS('',3,(#12479,#12480,#12481,#12482,#12483),
 .UNSPECIFIED.,.F.,.F.,(4,1,4),(0.,0.01597005735125,0.0312181705634528),
 .UNSPECIFIED.);
#292=B_SPLINE_CURVE_WITH_KNOTS('',3,(#12486,#12487,#12488,#12489,#12490),
 .UNSPECIFIED.,.F.,.F.,(4,1,4),(0.,0.01597005735125,0.0312181705634528),
 .UNSPECIFIED.);
#293=B_SPLINE_CURVE_WITH_KNOTS('',3,(#12502,#12503,#12504,#12505,#12506),
 .UNSPECIFIED.,.F.,.F.,(4,1,4),(0.,0.0175789036282521,0.0342128919793911),
 .UNSPECIFIED.);
#294=B_SPLINE_CURVE_WITH_KNOTS('',3,(#12509,#12510,#12511,#12512,#12513),
 .UNSPECIFIED.,.F.,.F.,(4,1,4),(0.,0.0175789036282521,0.0342128919793911),
 .UNSPECIFIED.);
#295=B_SPLINE_CURVE_WITH_KNOTS('',3,(#12525,#12526,#12527,#12528,#12529),
 .UNSPECIFIED.,.F.,.F.,(4,1,4),(0.,0.0257215905117399,0.0505595502219851),
 .UNSPECIFIED.);
#296=B_SPLINE_CURVE_WITH_KNOTS('',3,(#12532,#12533,#12534,#12535,#12536),
 .UNSPECIFIED.,.F.,.F.,(4,1,4),(0.,0.0257215905117399,0.0505595502219851),
 .UNSPECIFIED.);
#297=B_SPLINE_CURVE_WITH_KNOTS('',3,(#12548,#12549,#12550,#12551,#12552),
 .UNSPECIFIED.,.F.,.F.,(4,1,4),(0.,0.0277815744835096,0.0543339574084134),
 .UNSPECIFIED.);
#298=B_SPLINE_CURVE_WITH_KNOTS('',3,(#12555,#12556,#12557,#12558,#12559),
 .UNSPECIFIED.,.F.,.F.,(4,1,4),(0.,0.0277815744835096,0.0543339574084134),
 .UNSPECIFIED.);
#299=B_SPLINE_CURVE_WITH_KNOTS('',3,(#12571,#12572,#12573,#12574,#12575),
 .UNSPECIFIED.,.F.,.F.,(4,1,4),(0.,0.0318343964692513,0.061589299941224),
 .UNSPECIFIED.);
#300=B_SPLINE_CURVE_WITH_KNOTS('',3,(#12578,#12579,#12580,#12581,#12582),
 .UNSPECIFIED.,.F.,.F.,(4,1,4),(0.,0.0318343964692513,0.061589299941224),
 .UNSPECIFIED.);
#301=B_SPLINE_CURVE_WITH_KNOTS('',3,(#12594,#12595,#12596,#12597,#12598),
 .UNSPECIFIED.,.F.,.F.,(4,1,4),(0.,0.0285290451799665,0.05850355034362),
 .UNSPECIFIED.);
#302=B_SPLINE_CURVE_WITH_KNOTS('',3,(#12601,#12602,#12603,#12604,#12605),
 .UNSPECIFIED.,.F.,.F.,(4,1,4),(0.,0.0285290451799665,0.05850355034362),
 .UNSPECIFIED.);
#303=B_SPLINE_CURVE_WITH_KNOTS('',3,(#12617,#12618,#12619,#12620,#12621),
 .UNSPECIFIED.,.F.,.F.,(4,1,4),(0.,0.025432567922984,0.0522084970674985),
 .UNSPECIFIED.);
#304=B_SPLINE_CURVE_WITH_KNOTS('',3,(#12624,#12625,#12626,#12627,#12628),
 .UNSPECIFIED.,.F.,.F.,(4,1,4),(0.,0.025432567922984,0.0522084970674985),
 .UNSPECIFIED.);
#305=B_SPLINE_CURVE_WITH_KNOTS('',3,(#12640,#12641,#12642,#12643,#12644),
 .UNSPECIFIED.,.F.,.F.,(4,1,4),(0.,0.0264372921520731,0.0517500159317143),
 .UNSPECIFIED.);
#306=B_SPLINE_CURVE_WITH_KNOTS('',3,(#12647,#12648,#12649,#12650,#12651),
 .UNSPECIFIED.,.F.,.F.,(4,1,4),(0.,0.0264372921520731,0.0517500159317143),
 .UNSPECIFIED.);
#307=B_SPLINE_CURVE_WITH_KNOTS('',3,(#12663,#12664,#12665,#12666,#12667),
 .UNSPECIFIED.,.F.,.F.,(4,1,4),(0.,0.0176549735645057,0.0374601273517579),
 .UNSPECIFIED.);
#308=B_SPLINE_CURVE_WITH_KNOTS('',3,(#12670,#12671,#12672,#12673,#12674),
 .UNSPECIFIED.,.F.,.F.,(4,1,4),(0.,0.0176549735645057,0.0374601273517579),
 .UNSPECIFIED.);
#309=B_SPLINE_CURVE_WITH_KNOTS('',3,(#12686,#12687,#12688,#12689,#12690),
 .UNSPECIFIED.,.F.,.F.,(4,1,4),(0.,0.0192363684878506,0.036790475943282),
 .UNSPECIFIED.);
#310=B_SPLINE_CURVE_WITH_KNOTS('',3,(#12693,#12694,#12695,#12696,#12697),
 .UNSPECIFIED.,.F.,.F.,(4,1,4),(0.,0.0192363684878506,0.036790475943282),
 .UNSPECIFIED.);
#311=B_SPLINE_CURVE_WITH_KNOTS('',3,(#12732,#12733,#12734,#12735,#12736),
 .UNSPECIFIED.,.F.,.F.,(4,1,4),(0.,0.0160785787732976,0.0375147020862079),
 .UNSPECIFIED.);
#312=B_SPLINE_CURVE_WITH_KNOTS('',3,(#12740,#12741,#12742,#12743,#12744),
 .UNSPECIFIED.,.F.,.F.,(4,1,4),(0.,0.0160785787732976,0.0375147020862079),
 .UNSPECIFIED.);
#313=B_SPLINE_CURVE_WITH_KNOTS('',3,(#12757,#12758,#12759,#12760,#12761),
 .UNSPECIFIED.,.F.,.F.,(4,1,4),(0.,0.0181165288458266,0.0356778890976309),
 .UNSPECIFIED.);
#314=B_SPLINE_CURVE_WITH_KNOTS('',3,(#12764,#12765,#12766,#12767,#12768),
 .UNSPECIFIED.,.F.,.F.,(4,1,4),(0.,0.0181165288458266,0.0356778890976309),
 .UNSPECIFIED.);
#315=B_SPLINE_CURVE_WITH_KNOTS('',3,(#12780,#12781,#12782,#12783,#12784),
 .UNSPECIFIED.,.F.,.F.,(4,1,4),(0.,0.020240139970371,0.0393166759960459),
 .UNSPECIFIED.);
#316=B_SPLINE_CURVE_WITH_KNOTS('',3,(#12787,#12788,#12789,#12790,#12791),
 .UNSPECIFIED.,.F.,.F.,(4,1,4),(0.,0.020240139970371,0.0393166759960459),
 .UNSPECIFIED.);
#317=B_SPLINE_CURVE_WITH_KNOTS('',3,(#12803,#12804,#12805,#12806,#12807),
 .UNSPECIFIED.,.F.,.F.,(4,1,4),(0.,0.0155870773005885,0.0346494041911972),
 .UNSPECIFIED.);
#318=B_SPLINE_CURVE_WITH_KNOTS('',3,(#12810,#12811,#12812,#12813,#12814),
 .UNSPECIFIED.,.F.,.F.,(4,1,4),(0.,0.0155870773005885,0.0346494041911972),
 .UNSPECIFIED.);
#319=B_SPLINE_CURVE_WITH_KNOTS('',3,(#12826,#12827,#12828,#12829,#12830),
 .UNSPECIFIED.,.F.,.F.,(4,1,4),(0.,0.0137909600754128,0.0276501291107445),
 .UNSPECIFIED.);
#320=B_SPLINE_CURVE_WITH_KNOTS('',3,(#12833,#12834,#12835,#12836,#12837),
 .UNSPECIFIED.,.F.,.F.,(4,1,4),(0.,0.0137909600754128,0.0276501291107445),
 .UNSPECIFIED.);
#321=B_SPLINE_CURVE_WITH_KNOTS('',3,(#12849,#12850,#12851,#12852,#12853),
 .UNSPECIFIED.,.F.,.F.,(4,1,4),(0.,0.00915624417888567,0.0184280352200637),
 .UNSPECIFIED.);
#322=B_SPLINE_CURVE_WITH_KNOTS('',3,(#12856,#12857,#12858,#12859,#12860),
 .UNSPECIFIED.,.F.,.F.,(4,1,4),(0.,0.00915624417888567,0.0184280352200637),
 .UNSPECIFIED.);
#323=B_SPLINE_CURVE_WITH_KNOTS('',3,(#12872,#12873,#12874,#12875,#12876),
 .UNSPECIFIED.,.F.,.F.,(4,1,4),(0.,0.00974325983667173,0.0190370411206109),
 .UNSPECIFIED.);
#324=B_SPLINE_CURVE_WITH_KNOTS('',3,(#12879,#12880,#12881,#12882,#12883),
 .UNSPECIFIED.,.F.,.F.,(4,1,4),(0.,0.00974325983667173,0.0190370411206109),
 .UNSPECIFIED.);
#325=B_SPLINE_CURVE_WITH_KNOTS('',3,(#12895,#12896,#12897,#12898,#12899),
 .UNSPECIFIED.,.F.,.F.,(4,1,4),(0.,0.0196990079093554,0.0330181005084464),
 .UNSPECIFIED.);
#326=B_SPLINE_CURVE_WITH_KNOTS('',3,(#12902,#12903,#12904,#12905,#12906),
 .UNSPECIFIED.,.F.,.F.,(4,1,4),(0.,0.0196990079093554,0.0330181005084464),
 .UNSPECIFIED.);
#327=B_SPLINE_CURVE_WITH_KNOTS('',3,(#12918,#12919,#12920,#12921,#12922),
 .UNSPECIFIED.,.F.,.F.,(4,1,4),(0.,0.0261868003589391,0.0618509898084868),
 .UNSPECIFIED.);
#328=B_SPLINE_CURVE_WITH_KNOTS('',3,(#12925,#12926,#12927,#12928,#12929),
 .UNSPECIFIED.,.F.,.F.,(4,1,4),(0.,0.0261868003589391,0.0618509898084868),
 .UNSPECIFIED.);
#329=B_SPLINE_CURVE_WITH_KNOTS('',3,(#12953,#12954,#12955,#12956,#12957),
 .UNSPECIFIED.,.F.,.F.,(4,1,4),(0.,0.0137801063707021,0.0278031254389668),
 .UNSPECIFIED.);
#330=B_SPLINE_CURVE_WITH_KNOTS('',3,(#12960,#12961,#12962,#12963,#12964),
 .UNSPECIFIED.,.F.,.F.,(4,1,4),(0.,0.0137801063707021,0.0278031254389668),
 .UNSPECIFIED.);
#331=B_SPLINE_CURVE_WITH_KNOTS('',3,(#12976,#12977,#12978,#12979,#12980),
 .UNSPECIFIED.,.F.,.F.,(4,1,4),(0.,0.0419294400690162,0.0650443425972673),
 .UNSPECIFIED.);
#332=B_SPLINE_CURVE_WITH_KNOTS('',3,(#12983,#12984,#12985,#12986,#12987),
 .UNSPECIFIED.,.F.,.F.,(4,1,4),(0.,0.0419294400690162,0.0650443425972673),
 .UNSPECIFIED.);
#333=B_SPLINE_CURVE_WITH_KNOTS('',3,(#13005,#13006,#13007,#13008,#13009),
 .UNSPECIFIED.,.F.,.F.,(4,1,4),(0.,0.0132712605043424,0.0340471705030758),
 .UNSPECIFIED.);
#334=B_SPLINE_CURVE_WITH_KNOTS('',3,(#13012,#13013,#13014,#13015,#13016),
 .UNSPECIFIED.,.F.,.F.,(4,1,4),(0.,0.0132712605043424,0.0340471705030758),
 .UNSPECIFIED.);
#335=B_SPLINE_CURVE_WITH_KNOTS('',3,(#13028,#13029,#13030,#13031,#13032),
 .UNSPECIFIED.,.F.,.F.,(4,1,4),(0.,0.0132103456845812,0.027762910387184),
 .UNSPECIFIED.);
#336=B_SPLINE_CURVE_WITH_KNOTS('',3,(#13035,#13036,#13037,#13038,#13039),
 .UNSPECIFIED.,.F.,.F.,(4,1,4),(0.,0.0132103456845812,0.027762910387184),
 .UNSPECIFIED.);
#337=B_SPLINE_CURVE_WITH_KNOTS('',3,(#13051,#13052,#13053,#13054,#13055),
 .UNSPECIFIED.,.F.,.F.,(4,1,4),(0.,0.0168054342342834,0.0306780786737162),
 .UNSPECIFIED.);
#338=B_SPLINE_CURVE_WITH_KNOTS('',3,(#13058,#13059,#13060,#13061,#13062),
 .UNSPECIFIED.,.F.,.F.,(4,1,4),(0.,0.0168054342342834,0.0306780786737162),
 .UNSPECIFIED.);
#339=B_SPLINE_CURVE_WITH_KNOTS('',3,(#13074,#13075,#13076,#13077,#13078),
 .UNSPECIFIED.,.F.,.F.,(4,1,4),(0.,0.0252746614631924,0.0458723189966757),
 .UNSPECIFIED.);
#340=B_SPLINE_CURVE_WITH_KNOTS('',3,(#13081,#13082,#13083,#13084,#13085),
 .UNSPECIFIED.,.F.,.F.,(4,1,4),(0.,0.0252746614631924,0.0458723189966757),
 .UNSPECIFIED.);
#341=B_SPLINE_CURVE_WITH_KNOTS('',3,(#13097,#13098,#13099,#13100,#13101),
 .UNSPECIFIED.,.F.,.F.,(4,1,4),(0.,0.0236807354089817,0.0500976519562805),
 .UNSPECIFIED.);
#342=B_SPLINE_CURVE_WITH_KNOTS('',3,(#13104,#13105,#13106,#13107,#13108),
 .UNSPECIFIED.,.F.,.F.,(4,1,4),(0.,0.0236807354089817,0.0500976519562805),
 .UNSPECIFIED.);
#343=B_SPLINE_CURVE_WITH_KNOTS('',3,(#13120,#13121,#13122,#13123,#13124),
 .UNSPECIFIED.,.F.,.F.,(4,1,4),(0.,0.018648911463724,0.0396063300232658),
 .UNSPECIFIED.);
#344=B_SPLINE_CURVE_WITH_KNOTS('',3,(#13127,#13128,#13129,#13130,#13131),
 .UNSPECIFIED.,.F.,.F.,(4,1,4),(0.,0.018648911463724,0.0396063300232658),
 .UNSPECIFIED.);
#345=B_SPLINE_CURVE_WITH_KNOTS('',3,(#13143,#13144,#13145,#13146,#13147),
 .UNSPECIFIED.,.F.,.F.,(4,1,4),(0.,0.0218854206963163,0.040964764428304),
 .UNSPECIFIED.);
#346=B_SPLINE_CURVE_WITH_KNOTS('',3,(#13150,#13151,#13152,#13153,#13154),
 .UNSPECIFIED.,.F.,.F.,(4,1,4),(0.,0.0218854206963163,0.040964764428304),
 .UNSPECIFIED.);
#347=B_SPLINE_CURVE_WITH_KNOTS('',3,(#13172,#13173,#13174,#13175,#13176),
 .UNSPECIFIED.,.F.,.F.,(4,1,4),(0.,0.016583346029991,0.0376042607727115),
 .UNSPECIFIED.);
#348=B_SPLINE_CURVE_WITH_KNOTS('',3,(#13179,#13180,#13181,#13182,#13183),
 .UNSPECIFIED.,.F.,.F.,(4,1,4),(0.,0.016583346029991,0.0376042607727115),
 .UNSPECIFIED.);
#349=B_SPLINE_CURVE_WITH_KNOTS('',3,(#13195,#13196,#13197,#13198,#13199),
 .UNSPECIFIED.,.F.,.F.,(4,1,4),(0.,0.0227012655142505,0.0398984735548026),
 .UNSPECIFIED.);
#350=B_SPLINE_CURVE_WITH_KNOTS('',3,(#13202,#13203,#13204,#13205,#13206),
 .UNSPECIFIED.,.F.,.F.,(4,1,4),(0.,0.0227012655142505,0.0398984735548026),
 .UNSPECIFIED.);
#351=B_SPLINE_CURVE_WITH_KNOTS('',3,(#13218,#13219,#13220,#13221,#13222),
 .UNSPECIFIED.,.F.,.F.,(4,1,4),(0.,0.0198891375444365,0.0444909676855025),
 .UNSPECIFIED.);
#352=B_SPLINE_CURVE_WITH_KNOTS('',3,(#13225,#13226,#13227,#13228,#13229),
 .UNSPECIFIED.,.F.,.F.,(4,1,4),(0.,0.0198891375444365,0.0444909676855025),
 .UNSPECIFIED.);
#353=B_SPLINE_CURVE_WITH_KNOTS('',3,(#13241,#13242,#13243,#13244,#13245),
 .UNSPECIFIED.,.F.,.F.,(4,1,4),(0.,0.0193614640425064,0.0341389353644452),
 .UNSPECIFIED.);
#354=B_SPLINE_CURVE_WITH_KNOTS('',3,(#13248,#13249,#13250,#13251,#13252),
 .UNSPECIFIED.,.F.,.F.,(4,1,4),(0.,0.0193614640425064,0.0341389353644452),
 .UNSPECIFIED.);
#355=B_SPLINE_CURVE_WITH_KNOTS('',3,(#13264,#13265,#13266,#13267,#13268),
 .UNSPECIFIED.,.F.,.F.,(4,1,4),(0.,0.00619221878138783,0.00962028279921753),
 .UNSPECIFIED.);
#356=B_SPLINE_CURVE_WITH_KNOTS('',3,(#13271,#13272,#13273,#13274,#13275),
 .UNSPECIFIED.,.F.,.F.,(4,1,4),(0.,0.00619221878138783,0.00962028279921753),
 .UNSPECIFIED.);
#357=B_SPLINE_CURVE_WITH_KNOTS('',3,(#13287,#13288,#13289,#13290,#13291),
 .UNSPECIFIED.,.F.,.F.,(4,1,4),(0.,0.0391644471532374,0.0669836782611183),
 .UNSPECIFIED.);
#358=B_SPLINE_CURVE_WITH_KNOTS('',3,(#13294,#13295,#13296,#13297,#13298),
 .UNSPECIFIED.,.F.,.F.,(4,1,4),(0.,0.0391644471532374,0.0669836782611183),
 .UNSPECIFIED.);
#359=B_SPLINE_CURVE_WITH_KNOTS('',3,(#13310,#13311,#13312,#13313,#13314),
 .UNSPECIFIED.,.F.,.F.,(4,1,4),(0.,0.0138963049349133,0.0332210433096214),
 .UNSPECIFIED.);
#360=B_SPLINE_CURVE_WITH_KNOTS('',3,(#13317,#13318,#13319,#13320,#13321),
 .UNSPECIFIED.,.F.,.F.,(4,1,4),(0.,0.0138963049349133,0.0332210433096214),
 .UNSPECIFIED.);
#361=B_SPLINE_CURVE_WITH_KNOTS('',3,(#13333,#13334,#13335,#13336,#13337),
 .UNSPECIFIED.,.F.,.F.,(4,1,4),(0.,0.0143382105897979,0.0292189726993326),
 .UNSPECIFIED.);
#362=B_SPLINE_CURVE_WITH_KNOTS('',3,(#13340,#13341,#13342,#13343,#13344),
 .UNSPECIFIED.,.F.,.F.,(4,1,4),(0.,0.0143382105897979,0.0292189726993326),
 .UNSPECIFIED.);
#363=B_SPLINE_CURVE_WITH_KNOTS('',3,(#13356,#13357,#13358,#13359,#13360),
 .UNSPECIFIED.,.F.,.F.,(4,1,4),(0.,0.0145561358041569,0.0286789028307024),
 .UNSPECIFIED.);
#364=B_SPLINE_CURVE_WITH_KNOTS('',3,(#13363,#13364,#13365,#13366,#13367),
 .UNSPECIFIED.,.F.,.F.,(4,1,4),(0.,0.0145561358041569,0.0286789028307024),
 .UNSPECIFIED.);
#365=B_SPLINE_CURVE_WITH_KNOTS('',3,(#13379,#13380,#13381,#13382,#13383),
 .UNSPECIFIED.,.F.,.F.,(4,1,4),(0.,0.0153787572105388,0.0302989560727614),
 .UNSPECIFIED.);
#366=B_SPLINE_CURVE_WITH_KNOTS('',3,(#13386,#13387,#13388,#13389,#13390),
 .UNSPECIFIED.,.F.,.F.,(4,1,4),(0.,0.0153787572105388,0.0302989560727614),
 .UNSPECIFIED.);
#367=B_SPLINE_CURVE_WITH_KNOTS('',3,(#13402,#13403,#13404,#13405,#13406),
 .UNSPECIFIED.,.F.,.F.,(4,1,4),(0.,0.024601156937691,0.0498501665115245),
 .UNSPECIFIED.);
#368=B_SPLINE_CURVE_WITH_KNOTS('',3,(#13409,#13410,#13411,#13412,#13413),
 .UNSPECIFIED.,.F.,.F.,(4,1,4),(0.,0.024601156937691,0.0498501665115245),
 .UNSPECIFIED.);
#369=B_SPLINE_CURVE_WITH_KNOTS('',3,(#13425,#13426,#13427,#13428,#13429),
 .UNSPECIFIED.,.F.,.F.,(4,1,4),(0.,0.0319686107483122,0.0587793099161843),
 .UNSPECIFIED.);
#370=B_SPLINE_CURVE_WITH_KNOTS('',3,(#13432,#13433,#13434,#13435,#13436),
 .UNSPECIFIED.,.F.,.F.,(4,1,4),(0.,0.0319686107483122,0.0587793099161843),
 .UNSPECIFIED.);
#371=B_SPLINE_CURVE_WITH_KNOTS('',3,(#13448,#13449,#13450,#13451,#13452),
 .UNSPECIFIED.,.F.,.F.,(4,1,4),(0.,0.0203417985711583,0.0414188571374854),
 .UNSPECIFIED.);
#372=B_SPLINE_CURVE_WITH_KNOTS('',3,(#13455,#13456,#13457,#13458,#13459),
 .UNSPECIFIED.,.F.,.F.,(4,1,4),(0.,0.0203417985711583,0.0414188571374854),
 .UNSPECIFIED.);
#373=B_SPLINE_CURVE_WITH_KNOTS('',3,(#13471,#13472,#13473,#13474,#13475),
 .UNSPECIFIED.,.F.,.F.,(4,1,4),(0.,0.0249664824710618,0.0465875655575503),
 .UNSPECIFIED.);
#374=B_SPLINE_CURVE_WITH_KNOTS('',3,(#13478,#13479,#13480,#13481,#13482),
 .UNSPECIFIED.,.F.,.F.,(4,1,4),(0.,0.0249664824710618,0.0465875655575503),
 .UNSPECIFIED.);
#375=B_SPLINE_CURVE_WITH_KNOTS('',3,(#13493,#13494,#13495,#13496,#13497),
 .UNSPECIFIED.,.F.,.F.,(4,1,4),(0.,0.0132930127327617,0.0279129207791806),
 .UNSPECIFIED.);
#376=B_SPLINE_CURVE_WITH_KNOTS('',3,(#13498,#13499,#13500,#13501,#13502),
 .UNSPECIFIED.,.F.,.F.,(4,1,4),(0.,0.0132930127327617,0.0279129207791806),
 .UNSPECIFIED.);
#377=B_SPLINE_CURVE_WITH_KNOTS('',3,(#13516,#13517,#13518,#13519,#13520),
 .UNSPECIFIED.,.F.,.F.,(4,1,4),(0.,0.0257956576584471,0.0515493304668228),
 .UNSPECIFIED.);
#378=B_SPLINE_CURVE_WITH_KNOTS('',3,(#13524,#13525,#13526,#13527,#13528),
 .UNSPECIFIED.,.F.,.F.,(4,1,4),(0.,0.0257956576584471,0.0515493304668228),
 .UNSPECIFIED.);
#379=B_SPLINE_CURVE_WITH_KNOTS('',3,(#13541,#13542,#13543,#13544,#13545),
 .UNSPECIFIED.,.F.,.F.,(4,1,4),(0.,0.0257798047014254,0.0513050821652362),
 .UNSPECIFIED.);
#380=B_SPLINE_CURVE_WITH_KNOTS('',3,(#13548,#13549,#13550,#13551,#13552),
 .UNSPECIFIED.,.F.,.F.,(4,1,4),(0.,0.0257798047014254,0.0513050821652362),
 .UNSPECIFIED.);
#381=B_SPLINE_CURVE_WITH_KNOTS('',3,(#13564,#13565,#13566,#13567,#13568),
 .UNSPECIFIED.,.F.,.F.,(4,1,4),(0.,0.0357226821079863,0.0648250819246189),
 .UNSPECIFIED.);
#382=B_SPLINE_CURVE_WITH_KNOTS('',3,(#13571,#13572,#13573,#13574,#13575),
 .UNSPECIFIED.,.F.,.F.,(4,1,4),(0.,0.0357226821079863,0.0648250819246189),
 .UNSPECIFIED.);
#383=B_SPLINE_CURVE_WITH_KNOTS('',3,(#13587,#13588,#13589,#13590,#13591),
 .UNSPECIFIED.,.F.,.F.,(4,1,4),(0.,0.029677555780094,0.067249822174434),
 .UNSPECIFIED.);
#384=B_SPLINE_CURVE_WITH_KNOTS('',3,(#13594,#13595,#13596,#13597,#13598),
 .UNSPECIFIED.,.F.,.F.,(4,1,4),(0.,0.029677555780094,0.067249822174434),
 .UNSPECIFIED.);
#385=B_SPLINE_CURVE_WITH_KNOTS('',3,(#13610,#13611,#13612,#13613,#13614),
 .UNSPECIFIED.,.F.,.F.,(4,1,4),(0.,0.0256558389151968,0.0514616049406046),
 .UNSPECIFIED.);
#386=B_SPLINE_CURVE_WITH_KNOTS('',3,(#13617,#13618,#13619,#13620,#13621),
 .UNSPECIFIED.,.F.,.F.,(4,1,4),(0.,0.0256558389151968,0.0514616049406046),
 .UNSPECIFIED.);
#387=B_SPLINE_CURVE_WITH_KNOTS('',3,(#13633,#13634,#13635,#13636,#13637),
 .UNSPECIFIED.,.F.,.F.,(4,1,4),(0.,0.0258001446724688,0.051600702957435),
 .UNSPECIFIED.);
#388=B_SPLINE_CURVE_WITH_KNOTS('',3,(#13640,#13641,#13642,#13643,#13644),
 .UNSPECIFIED.,.F.,.F.,(4,1,4),(0.,0.0258001446724688,0.051600702957435),
 .UNSPECIFIED.);
#389=B_SPLINE_CURVE_WITH_KNOTS('',3,(#13656,#13657,#13658,#13659,#13660),
 .UNSPECIFIED.,.F.,.F.,(4,1,4),(0.,0.0367852563580282,0.0661681033980188),
 .UNSPECIFIED.);
#390=B_SPLINE_CURVE_WITH_KNOTS('',3,(#13663,#13664,#13665,#13666,#13667),
 .UNSPECIFIED.,.F.,.F.,(4,1,4),(0.,0.0367852563580282,0.0661681033980188),
 .UNSPECIFIED.);
#391=B_SPLINE_CURVE_WITH_KNOTS('',3,(#13678,#13679,#13680,#13681,#13682),
 .UNSPECIFIED.,.F.,.F.,(4,1,4),(0.,0.0293149114171549,0.0660748237393958),
 .UNSPECIFIED.);
#392=B_SPLINE_CURVE_WITH_KNOTS('',3,(#13683,#13684,#13685,#13686,#13687),
 .UNSPECIFIED.,.F.,.F.,(4,1,4),(0.,0.0293149114171549,0.0660748237393958),
 .UNSPECIFIED.);
#393=B_SPLINE_CURVE_WITH_KNOTS('',3,(#13700,#13701,#13702,#13703,#13704),
 .UNSPECIFIED.,.F.,.F.,(4,1,4),(0.,0.0419038035238163,0.0811303220376975),
 .UNSPECIFIED.);
#394=B_SPLINE_CURVE_WITH_KNOTS('',3,(#13708,#13709,#13710,#13711,#13712),
 .UNSPECIFIED.,.F.,.F.,(4,1,4),(0.,0.0419038035238163,0.0811303220376975),
 .UNSPECIFIED.);
#395=B_SPLINE_CURVE_WITH_KNOTS('',3,(#13725,#13726,#13727,#13728,#13729),
 .UNSPECIFIED.,.F.,.F.,(4,1,4),(0.,0.0270515301740284,0.0545979267299531),
 .UNSPECIFIED.);
#396=B_SPLINE_CURVE_WITH_KNOTS('',3,(#13732,#13733,#13734,#13735,#13736),
 .UNSPECIFIED.,.F.,.F.,(4,1,4),(0.,0.0270515301740284,0.0545979267299531),
 .UNSPECIFIED.);
#397=B_SPLINE_CURVE_WITH_KNOTS('',3,(#13748,#13749,#13750,#13751,#13752),
 .UNSPECIFIED.,.F.,.F.,(4,1,4),(0.,0.0263613920970336,0.0528980603542535),
 .UNSPECIFIED.);
#398=B_SPLINE_CURVE_WITH_KNOTS('',3,(#13755,#13756,#13757,#13758,#13759),
 .UNSPECIFIED.,.F.,.F.,(4,1,4),(0.,0.0263613920970336,0.0528980603542535),
 .UNSPECIFIED.);
#399=B_SPLINE_CURVE_WITH_KNOTS('',3,(#13771,#13772,#13773,#13774,#13775),
 .UNSPECIFIED.,.F.,.F.,(4,1,4),(0.,0.0376062803728909,0.0676489962614889),
 .UNSPECIFIED.);
#400=B_SPLINE_CURVE_WITH_KNOTS('',3,(#13778,#13779,#13780,#13781,#13782),
 .UNSPECIFIED.,.F.,.F.,(4,1,4),(0.,0.0376062803728909,0.0676489962614889),
 .UNSPECIFIED.);
#401=B_SPLINE_CURVE_WITH_KNOTS('',3,(#13794,#13795,#13796,#13797,#13798),
 .UNSPECIFIED.,.F.,.F.,(4,1,4),(0.,0.0409616725456609,0.0876776415831743),
 .UNSPECIFIED.);
#402=B_SPLINE_CURVE_WITH_KNOTS('',3,(#13801,#13802,#13803,#13804,#13805),
 .UNSPECIFIED.,.F.,.F.,(4,1,4),(0.,0.0409616725456609,0.0876776415831743),
 .UNSPECIFIED.);
#403=B_SPLINE_CURVE_WITH_KNOTS('',3,(#13817,#13818,#13819,#13820,#13821),
 .UNSPECIFIED.,.F.,.F.,(4,1,4),(0.,0.0413795340190762,0.0806701562465827),
 .UNSPECIFIED.);
#404=B_SPLINE_CURVE_WITH_KNOTS('',3,(#13824,#13825,#13826,#13827,#13828),
 .UNSPECIFIED.,.F.,.F.,(4,1,4),(0.,0.0413795340190762,0.0806701562465827),
 .UNSPECIFIED.);
#405=B_SPLINE_CURVE_WITH_KNOTS('',3,(#13840,#13841,#13842,#13843,#13844),
 .UNSPECIFIED.,.F.,.F.,(4,1,4),(0.,0.0359932537147115,0.0737234135126507),
 .UNSPECIFIED.);
#406=B_SPLINE_CURVE_WITH_KNOTS('',3,(#13847,#13848,#13849,#13850,#13851),
 .UNSPECIFIED.,.F.,.F.,(4,1,4),(0.,0.0359932537147115,0.0737234135126507),
 .UNSPECIFIED.);
#407=B_SPLINE_CURVE_WITH_KNOTS('',3,(#13863,#13864,#13865,#13866,#13867),
 .UNSPECIFIED.,.F.,.F.,(4,1,4),(0.,0.053206582167052,0.0978625269601354),
 .UNSPECIFIED.);
#408=B_SPLINE_CURVE_WITH_KNOTS('',3,(#13870,#13871,#13872,#13873,#13874),
 .UNSPECIFIED.,.F.,.F.,(4,1,4),(0.,0.053206582167052,0.0978625269601354),
 .UNSPECIFIED.);
#409=B_SPLINE_CURVE_WITH_KNOTS('',3,(#13885,#13886,#13887,#13888,#13889),
 .UNSPECIFIED.,.F.,.F.,(4,1,4),(0.,0.0414790882704501,0.090587128164891),
 .UNSPECIFIED.);
#410=B_SPLINE_CURVE_WITH_KNOTS('',3,(#13890,#13891,#13892,#13893,#13894),
 .UNSPECIFIED.,.F.,.F.,(4,1,4),(0.,0.0414790882704501,0.090587128164891),
 .UNSPECIFIED.);
#411=B_SPLINE_CURVE_WITH_KNOTS('',3,(#14037,#14038,#14039,#14040,#14041),
 .UNSPECIFIED.,.F.,.F.,(4,1,4),(0.,0.0212425827751786,0.0506707737745898),
 .UNSPECIFIED.);
#412=B_SPLINE_CURVE_WITH_KNOTS('',3,(#14044,#14045,#14046,#14047,#14048),
 .UNSPECIFIED.,.F.,.F.,(4,1,4),(0.,0.0212425827751786,0.0506707737745898),
 .UNSPECIFIED.);
#413=B_SPLINE_CURVE_WITH_KNOTS('',3,(#14060,#14061,#14062,#14063,#14064),
 .UNSPECIFIED.,.F.,.F.,(4,1,4),(0.,0.0272928381776876,0.0466604494695166),
 .UNSPECIFIED.);
#414=B_SPLINE_CURVE_WITH_KNOTS('',3,(#14067,#14068,#14069,#14070,#14071),
 .UNSPECIFIED.,.F.,.F.,(4,1,4),(0.,0.0272928381776876,0.0466604494695166),
 .UNSPECIFIED.);
#415=B_SPLINE_CURVE_WITH_KNOTS('',3,(#14106,#14107,#14108,#14109,#14110),
 .UNSPECIFIED.,.F.,.F.,(4,1,4),(0.,0.023086770169517,0.0469250274953972),
 .UNSPECIFIED.);
#416=B_SPLINE_CURVE_WITH_KNOTS('',3,(#14114,#14115,#14116,#14117,#14118),
 .UNSPECIFIED.,.F.,.F.,(4,1,4),(0.,0.023086770169517,0.0469250274953972),
 .UNSPECIFIED.);
#417=B_SPLINE_CURVE_WITH_KNOTS('',3,(#14131,#14132,#14133,#14134,#14135),
 .UNSPECIFIED.,.F.,.F.,(4,1,4),(0.,0.0247614994153072,0.0485171987372488),
 .UNSPECIFIED.);
#418=B_SPLINE_CURVE_WITH_KNOTS('',3,(#14138,#14139,#14140,#14141,#14142),
 .UNSPECIFIED.,.F.,.F.,(4,1,4),(0.,0.0247614994153072,0.0485171987372488),
 .UNSPECIFIED.);
#419=B_SPLINE_CURVE_WITH_KNOTS('',3,(#14154,#14155,#14156,#14157,#14158),
 .UNSPECIFIED.,.F.,.F.,(4,1,4),(0.,0.0389146748930212,0.0686612740486342),
 .UNSPECIFIED.);
#420=B_SPLINE_CURVE_WITH_KNOTS('',3,(#14161,#14162,#14163,#14164,#14165),
 .UNSPECIFIED.,.F.,.F.,(4,1,4),(0.,0.0389146748930212,0.0686612740486342),
 .UNSPECIFIED.);
#421=B_SPLINE_CURVE_WITH_KNOTS('',3,(#14177,#14178,#14179,#14180,#14181),
 .UNSPECIFIED.,.F.,.F.,(4,1,4),(0.,0.0279704080800603,0.0635473671510107),
 .UNSPECIFIED.);
#422=B_SPLINE_CURVE_WITH_KNOTS('',3,(#14184,#14185,#14186,#14187,#14188),
 .UNSPECIFIED.,.F.,.F.,(4,1,4),(0.,0.0279704080800603,0.0635473671510107),
 .UNSPECIFIED.);
#423=B_SPLINE_CURVE_WITH_KNOTS('',3,(#14200,#14201,#14202,#14203,#14204),
 .UNSPECIFIED.,.F.,.F.,(4,1,4),(0.,0.0228704502343504,0.0467241161243286),
 .UNSPECIFIED.);
#424=B_SPLINE_CURVE_WITH_KNOTS('',3,(#14207,#14208,#14209,#14210,#14211),
 .UNSPECIFIED.,.F.,.F.,(4,1,4),(0.,0.0228704502343504,0.0467241161243286),
 .UNSPECIFIED.);
#425=B_SPLINE_CURVE_WITH_KNOTS('',3,(#14223,#14224,#14225,#14226,#14227),
 .UNSPECIFIED.,.F.,.F.,(4,1,4),(0.,0.0246649457096415,0.0476108112307807),
 .UNSPECIFIED.);
#426=B_SPLINE_CURVE_WITH_KNOTS('',3,(#14230,#14231,#14232,#14233,#14234),
 .UNSPECIFIED.,.F.,.F.,(4,1,4),(0.,0.0246649457096415,0.0476108112307807),
 .UNSPECIFIED.);
#427=B_SPLINE_CURVE_WITH_KNOTS('',3,(#14246,#14247,#14248,#14249,#14250),
 .UNSPECIFIED.,.F.,.F.,(4,1,4),(0.,0.0367411799975707,0.0658444052941088),
 .UNSPECIFIED.);
#428=B_SPLINE_CURVE_WITH_KNOTS('',3,(#14253,#14254,#14255,#14256,#14257),
 .UNSPECIFIED.,.F.,.F.,(4,1,4),(0.,0.0367411799975707,0.0658444052941088),
 .UNSPECIFIED.);
#429=B_SPLINE_CURVE_WITH_KNOTS('',3,(#14268,#14269,#14270,#14271,#14272),
 .UNSPECIFIED.,.F.,.F.,(4,1,4),(0.,0.0286378531978397,0.0662616402520489),
 .UNSPECIFIED.);
#430=B_SPLINE_CURVE_WITH_KNOTS('',3,(#14273,#14274,#14275,#14276,#14277),
 .UNSPECIFIED.,.F.,.F.,(4,1,4),(0.,0.0286378531978397,0.0662616402520489),
 .UNSPECIFIED.);
#431=B_SPLINE_CURVE_WITH_KNOTS('',3,(#14310,#14311,#14312,#14313,#14314),
 .UNSPECIFIED.,.F.,.F.,(4,1,4),(0.,0.0168723984097842,0.033220611202007),
 .UNSPECIFIED.);
#432=B_SPLINE_CURVE_WITH_KNOTS('',3,(#14317,#14318,#14319,#14320,#14321),
 .UNSPECIFIED.,.F.,.F.,(4,1,4),(0.,0.0168723984097842,0.033220611202007),
 .UNSPECIFIED.);
#433=B_SPLINE_CURVE_WITH_KNOTS('',3,(#14333,#14334,#14335,#14336,#14337),
 .UNSPECIFIED.,.F.,.F.,(4,1,4),(0.,0.018686127233509,0.0362454103568826),
 .UNSPECIFIED.);
#434=B_SPLINE_CURVE_WITH_KNOTS('',3,(#14340,#14341,#14342,#14343,#14344),
 .UNSPECIFIED.,.F.,.F.,(4,1,4),(0.,0.018686127233509,0.0362454103568826),
 .UNSPECIFIED.);
#435=B_SPLINE_CURVE_WITH_KNOTS('',3,(#14356,#14357,#14358,#14359,#14360),
 .UNSPECIFIED.,.F.,.F.,(4,1,4),(0.,0.0252942891423392,0.0510658613461538),
 .UNSPECIFIED.);
#436=B_SPLINE_CURVE_WITH_KNOTS('',3,(#14363,#14364,#14365,#14366,#14367),
 .UNSPECIFIED.,.F.,.F.,(4,1,4),(0.,0.0252942891423392,0.0510658613461538),
 .UNSPECIFIED.);
#437=B_SPLINE_CURVE_WITH_KNOTS('',3,(#14379,#14380,#14381,#14382,#14383),
 .UNSPECIFIED.,.F.,.F.,(4,1,4),(0.,0.0270484014205804,0.0526728781235558),
 .UNSPECIFIED.);
#438=B_SPLINE_CURVE_WITH_KNOTS('',3,(#14386,#14387,#14388,#14389,#14390),
 .UNSPECIFIED.,.F.,.F.,(4,1,4),(0.,0.0270484014205804,0.0526728781235558),
 .UNSPECIFIED.);
#439=B_SPLINE_CURVE_WITH_KNOTS('',3,(#14402,#14403,#14404,#14405,#14406),
 .UNSPECIFIED.,.F.,.F.,(4,1,4),(0.,0.0311465692726121,0.0603137212152745),
 .UNSPECIFIED.);
#440=B_SPLINE_CURVE_WITH_KNOTS('',3,(#14409,#14410,#14411,#14412,#14413),
 .UNSPECIFIED.,.F.,.F.,(4,1,4),(0.,0.0311465692726121,0.0603137212152745),
 .UNSPECIFIED.);
#441=B_SPLINE_CURVE_WITH_KNOTS('',3,(#14425,#14426,#14427,#14428,#14429),
 .UNSPECIFIED.,.F.,.F.,(4,1,4),(0.,0.0290242155254014,0.0606039310823309),
 .UNSPECIFIED.);
#442=B_SPLINE_CURVE_WITH_KNOTS('',3,(#14432,#14433,#14434,#14435,#14436),
 .UNSPECIFIED.,.F.,.F.,(4,1,4),(0.,0.0290242155254014,0.0606039310823309),
 .UNSPECIFIED.);
#443=B_SPLINE_CURVE_WITH_KNOTS('',3,(#14448,#14449,#14450,#14451,#14452),
 .UNSPECIFIED.,.F.,.F.,(4,1,4),(0.,0.0258568597260034,0.0528741796321256),
 .UNSPECIFIED.);
#444=B_SPLINE_CURVE_WITH_KNOTS('',3,(#14455,#14456,#14457,#14458,#14459),
 .UNSPECIFIED.,.F.,.F.,(4,1,4),(0.,0.0258568597260034,0.0528741796321256),
 .UNSPECIFIED.);
#445=B_SPLINE_CURVE_WITH_KNOTS('',3,(#14471,#14472,#14473,#14474,#14475),
 .UNSPECIFIED.,.F.,.F.,(4,1,4),(0.,0.025195814026214,0.0504390459750841),
 .UNSPECIFIED.);
#446=B_SPLINE_CURVE_WITH_KNOTS('',3,(#14478,#14479,#14480,#14481,#14482),
 .UNSPECIFIED.,.F.,.F.,(4,1,4),(0.,0.025195814026214,0.0504390459750841),
 .UNSPECIFIED.);
#447=B_SPLINE_CURVE_WITH_KNOTS('',3,(#14494,#14495,#14496,#14497,#14498),
 .UNSPECIFIED.,.F.,.F.,(4,1,4),(0.,0.0352100471662698,0.0713742139539751),
 .UNSPECIFIED.);
#448=B_SPLINE_CURVE_WITH_KNOTS('',3,(#14501,#14502,#14503,#14504,#14505),
 .UNSPECIFIED.,.F.,.F.,(4,1,4),(0.,0.0352100471662698,0.0713742139539751),
 .UNSPECIFIED.);
#449=B_SPLINE_CURVE_WITH_KNOTS('',3,(#14528,#14529,#14530,#14531,#14532),
 .UNSPECIFIED.,.F.,.F.,(4,1,4),(0.,0.023086770169517,0.0469251199801287),
 .UNSPECIFIED.);
#450=B_SPLINE_CURVE_WITH_KNOTS('',3,(#14536,#14537,#14538,#14539,#14540),
 .UNSPECIFIED.,.F.,.F.,(4,1,4),(0.,0.023086770169517,0.0469251199801287),
 .UNSPECIFIED.);
#451=B_SPLINE_CURVE_WITH_KNOTS('',3,(#14553,#14554,#14555,#14556,#14557),
 .UNSPECIFIED.,.F.,.F.,(4,1,4),(0.,0.0247614994153072,0.0485169661419846),
 .UNSPECIFIED.);
#452=B_SPLINE_CURVE_WITH_KNOTS('',3,(#14560,#14561,#14562,#14563,#14564),
 .UNSPECIFIED.,.F.,.F.,(4,1,4),(0.,0.0247614994153072,0.0485169661419846),
 .UNSPECIFIED.);
#453=B_SPLINE_CURVE_WITH_KNOTS('',3,(#14576,#14577,#14578,#14579,#14580),
 .UNSPECIFIED.,.F.,.F.,(4,1,4),(0.,0.0389146880572044,0.0686612872128174),
 .UNSPECIFIED.);
#454=B_SPLINE_CURVE_WITH_KNOTS('',3,(#14583,#14584,#14585,#14586,#14587),
 .UNSPECIFIED.,.F.,.F.,(4,1,4),(0.,0.0389146880572044,0.0686612872128174),
 .UNSPECIFIED.);
#455=B_SPLINE_CURVE_WITH_KNOTS('',3,(#14599,#14600,#14601,#14602,#14603),
 .UNSPECIFIED.,.F.,.F.,(4,1,4),(0.,0.0279704080800603,0.0635473671510107),
 .UNSPECIFIED.);
#456=B_SPLINE_CURVE_WITH_KNOTS('',3,(#14606,#14607,#14608,#14609,#14610),
 .UNSPECIFIED.,.F.,.F.,(4,1,4),(0.,0.0279704080800603,0.0635473671510107),
 .UNSPECIFIED.);
#457=B_SPLINE_CURVE_WITH_KNOTS('',3,(#14622,#14623,#14624,#14625,#14626),
 .UNSPECIFIED.,.F.,.F.,(4,1,4),(0.,0.022870333835651,0.0467240931729248),
 .UNSPECIFIED.);
#458=B_SPLINE_CURVE_WITH_KNOTS('',3,(#14629,#14630,#14631,#14632,#14633),
 .UNSPECIFIED.,.F.,.F.,(4,1,4),(0.,0.022870333835651,0.0467240931729248),
 .UNSPECIFIED.);
#459=B_SPLINE_CURVE_WITH_KNOTS('',3,(#14645,#14646,#14647,#14648,#14649),
 .UNSPECIFIED.,.F.,.F.,(4,1,4),(0.,0.0246648529855246,0.0476109508016201),
 .UNSPECIFIED.);
#460=B_SPLINE_CURVE_WITH_KNOTS('',3,(#14652,#14653,#14654,#14655,#14656),
 .UNSPECIFIED.,.F.,.F.,(4,1,4),(0.,0.0246648529855246,0.0476109508016201),
 .UNSPECIFIED.);
#461=B_SPLINE_CURVE_WITH_KNOTS('',3,(#14668,#14669,#14670,#14671,#14672),
 .UNSPECIFIED.,.F.,.F.,(4,1,4),(0.,0.0367411799975707,0.0658442971637299),
 .UNSPECIFIED.);
#462=B_SPLINE_CURVE_WITH_KNOTS('',3,(#14675,#14676,#14677,#14678,#14679),
 .UNSPECIFIED.,.F.,.F.,(4,1,4),(0.,0.0367411799975707,0.0658442971637299),
 .UNSPECIFIED.);
#463=B_SPLINE_CURVE_WITH_KNOTS('',3,(#14690,#14691,#14692,#14693,#14694),
 .UNSPECIFIED.,.F.,.F.,(4,1,4),(0.,0.0286378531978397,0.0662616272031342),
 .UNSPECIFIED.);
#464=B_SPLINE_CURVE_WITH_KNOTS('',3,(#14695,#14696,#14697,#14698,#14699),
 .UNSPECIFIED.,.F.,.F.,(4,1,4),(0.,0.0286378531978397,0.0662616272031342),
 .UNSPECIFIED.);
#465=B_SPLINE_CURVE_WITH_KNOTS('',3,(#14732,#14733,#14734,#14735,#14736),
 .UNSPECIFIED.,.F.,.F.,(4,1,4),(0.,0.0168723000918581,0.0332206740389573),
 .UNSPECIFIED.);
#466=B_SPLINE_CURVE_WITH_KNOTS('',3,(#14739,#14740,#14741,#14742,#14743),
 .UNSPECIFIED.,.F.,.F.,(4,1,4),(0.,0.0168723000918581,0.0332206740389573),
 .UNSPECIFIED.);
#467=B_SPLINE_CURVE_WITH_KNOTS('',3,(#14755,#14756,#14757,#14758,#14759),
 .UNSPECIFIED.,.F.,.F.,(4,1,4),(0.,0.018686127233509,0.0362454103568826),
 .UNSPECIFIED.);
#468=B_SPLINE_CURVE_WITH_KNOTS('',3,(#14762,#14763,#14764,#14765,#14766),
 .UNSPECIFIED.,.F.,.F.,(4,1,4),(0.,0.018686127233509,0.0362454103568826),
 .UNSPECIFIED.);
#469=B_SPLINE_CURVE_WITH_KNOTS('',3,(#14778,#14779,#14780,#14781,#14782),
 .UNSPECIFIED.,.F.,.F.,(4,1,4),(0.,0.0252942891423392,0.0510658613461538),
 .UNSPECIFIED.);
#470=B_SPLINE_CURVE_WITH_KNOTS('',3,(#14785,#14786,#14787,#14788,#14789),
 .UNSPECIFIED.,.F.,.F.,(4,1,4),(0.,0.0252942891423392,0.0510658613461538),
 .UNSPECIFIED.);
#471=B_SPLINE_CURVE_WITH_KNOTS('',3,(#14801,#14802,#14803,#14804,#14805),
 .UNSPECIFIED.,.F.,.F.,(4,1,4),(0.,0.0270484611708391,0.0526729378738146),
 .UNSPECIFIED.);
#472=B_SPLINE_CURVE_WITH_KNOTS('',3,(#14808,#14809,#14810,#14811,#14812),
 .UNSPECIFIED.,.F.,.F.,(4,1,4),(0.,0.0270484611708391,0.0526729378738146),
 .UNSPECIFIED.);
#473=B_SPLINE_CURVE_WITH_KNOTS('',3,(#14824,#14825,#14826,#14827,#14828),
 .UNSPECIFIED.,.F.,.F.,(4,1,4),(0.,0.0311465588948063,0.0603137108374686),
 .UNSPECIFIED.);
#474=B_SPLINE_CURVE_WITH_KNOTS('',3,(#14831,#14832,#14833,#14834,#14835),
 .UNSPECIFIED.,.F.,.F.,(4,1,4),(0.,0.0311465588948063,0.0603137108374686),
 .UNSPECIFIED.);
#475=B_SPLINE_CURVE_WITH_KNOTS('',3,(#14847,#14848,#14849,#14850,#14851),
 .UNSPECIFIED.,.F.,.F.,(4,1,4),(0.,0.0290242524018902,0.0606039679588198),
 .UNSPECIFIED.);
#476=B_SPLINE_CURVE_WITH_KNOTS('',3,(#14854,#14855,#14856,#14857,#14858),
 .UNSPECIFIED.,.F.,.F.,(4,1,4),(0.,0.0290242524018902,0.0606039679588198),
 .UNSPECIFIED.);
#477=B_SPLINE_CURVE_WITH_KNOTS('',3,(#14870,#14871,#14872,#14873,#14874),
 .UNSPECIFIED.,.F.,.F.,(4,1,4),(0.,0.0258568597260034,0.0528740523179191),
 .UNSPECIFIED.);
#478=B_SPLINE_CURVE_WITH_KNOTS('',3,(#14877,#14878,#14879,#14880,#14881),
 .UNSPECIFIED.,.F.,.F.,(4,1,4),(0.,0.0258568597260034,0.0528740523179191),
 .UNSPECIFIED.);
#479=B_SPLINE_CURVE_WITH_KNOTS('',3,(#14893,#14894,#14895,#14896,#14897),
 .UNSPECIFIED.,.F.,.F.,(4,1,4),(0.,0.0251960500242747,0.0504392819731448),
 .UNSPECIFIED.);
#480=B_SPLINE_CURVE_WITH_KNOTS('',3,(#14900,#14901,#14902,#14903,#14904),
 .UNSPECIFIED.,.F.,.F.,(4,1,4),(0.,0.0251960500242747,0.0504392819731448),
 .UNSPECIFIED.);
#481=B_SPLINE_CURVE_WITH_KNOTS('',3,(#14916,#14917,#14918,#14919,#14920),
 .UNSPECIFIED.,.F.,.F.,(4,1,4),(0.,0.0352102200278875,0.0713741544289119),
 .UNSPECIFIED.);
#482=B_SPLINE_CURVE_WITH_KNOTS('',3,(#14923,#14924,#14925,#14926,#14927),
 .UNSPECIFIED.,.F.,.F.,(4,1,4),(0.,0.0352102200278875,0.0713741544289119),
 .UNSPECIFIED.);
#483=B_SPLINE_CURVE_WITH_KNOTS('',3,(#14950,#14951,#14952,#14953,#14954),
 .UNSPECIFIED.,.F.,.F.,(4,1,4),(0.,0.0201770743774284,0.0393045711858784),
 .UNSPECIFIED.);
#484=B_SPLINE_CURVE_WITH_KNOTS('',3,(#14958,#14959,#14960,#14961,#14962),
 .UNSPECIFIED.,.F.,.F.,(4,1,4),(0.,0.0201770743774284,0.0393045711858784),
 .UNSPECIFIED.);
#485=B_SPLINE_CURVE_WITH_KNOTS('',3,(#14975,#14976,#14977,#14978,#14979),
 .UNSPECIFIED.,.F.,.F.,(4,1,4),(0.,0.0244050497920468,0.0493578439292787),
 .UNSPECIFIED.);
#486=B_SPLINE_CURVE_WITH_KNOTS('',3,(#14982,#14983,#14984,#14985,#14986),
 .UNSPECIFIED.,.F.,.F.,(4,1,4),(0.,0.0244050497920468,0.0493578439292787),
 .UNSPECIFIED.);
#487=B_SPLINE_CURVE_WITH_KNOTS('',3,(#14998,#14999,#15000,#15001,#15002),
 .UNSPECIFIED.,.F.,.F.,(4,1,4),(0.,0.0380389916372503,0.0667768801798452),
 .UNSPECIFIED.);
#488=B_SPLINE_CURVE_WITH_KNOTS('',3,(#15005,#15006,#15007,#15008,#15009),
 .UNSPECIFIED.,.F.,.F.,(4,1,4),(0.,0.0380389916372503,0.0667768801798452),
 .UNSPECIFIED.);
#489=B_SPLINE_CURVE_WITH_KNOTS('',3,(#15021,#15022,#15023,#15024,#15025),
 .UNSPECIFIED.,.F.,.F.,(4,1,4),(0.,0.0288740235160458,0.0664982680384872),
 .UNSPECIFIED.);
#490=B_SPLINE_CURVE_WITH_KNOTS('',3,(#15028,#15029,#15030,#15031,#15032),
 .UNSPECIFIED.,.F.,.F.,(4,1,4),(0.,0.0288740235160458,0.0664982680384872),
 .UNSPECIFIED.);
#491=B_SPLINE_CURVE_WITH_KNOTS('',3,(#15044,#15045,#15046,#15047,#15048),
 .UNSPECIFIED.,.F.,.F.,(4,1,4),(0.,0.0257101566520115,0.0506914417863046),
 .UNSPECIFIED.);
#492=B_SPLINE_CURVE_WITH_KNOTS('',3,(#15051,#15052,#15053,#15054,#15055),
 .UNSPECIFIED.,.F.,.F.,(4,1,4),(0.,0.0257101566520115,0.0506914417863046),
 .UNSPECIFIED.);
#493=B_SPLINE_CURVE_WITH_KNOTS('',3,(#15067,#15068,#15069,#15070,#15071),
 .UNSPECIFIED.,.F.,.F.,(4,1,4),(0.,0.0165716437657271,0.033855569478964),
 .UNSPECIFIED.);
#494=B_SPLINE_CURVE_WITH_KNOTS('',3,(#15074,#15075,#15076,#15077,#15078),
 .UNSPECIFIED.,.F.,.F.,(4,1,4),(0.,0.0165716437657271,0.033855569478964),
 .UNSPECIFIED.);
#495=B_SPLINE_CURVE_WITH_KNOTS('',3,(#15090,#15091,#15092,#15093,#15094),
 .UNSPECIFIED.,.F.,.F.,(4,1,4),(0.,0.0204515023101603,0.0380850071283673),
 .UNSPECIFIED.);
#496=B_SPLINE_CURVE_WITH_KNOTS('',3,(#15097,#15098,#15099,#15100,#15101),
 .UNSPECIFIED.,.F.,.F.,(4,1,4),(0.,0.0204515023101603,0.0380850071283673),
 .UNSPECIFIED.);
#497=B_SPLINE_CURVE_WITH_KNOTS('',3,(#15119,#15120,#15121,#15122,#15123),
 .UNSPECIFIED.,.F.,.F.,(4,1,4),(0.,0.0284694989511189,0.0594487004384514),
 .UNSPECIFIED.);
#498=B_SPLINE_CURVE_WITH_KNOTS('',3,(#15126,#15127,#15128,#15129,#15130),
 .UNSPECIFIED.,.F.,.F.,(4,1,4),(0.,0.0284694989511189,0.0594487004384514),
 .UNSPECIFIED.);
#499=B_SPLINE_CURVE_WITH_KNOTS('',3,(#15142,#15143,#15144,#15145,#15146),
 .UNSPECIFIED.,.F.,.F.,(4,1,4),(0.,0.0324892249269716,0.0615159573572422),
 .UNSPECIFIED.);
#500=B_SPLINE_CURVE_WITH_KNOTS('',3,(#15149,#15150,#15151,#15152,#15153),
 .UNSPECIFIED.,.F.,.F.,(4,1,4),(0.,0.0324892249269716,0.0615159573572422),
 .UNSPECIFIED.);
#501=B_SPLINE_CURVE_WITH_KNOTS('',3,(#15165,#15166,#15167,#15168,#15169),
 .UNSPECIFIED.,.F.,.F.,(4,1,4),(0.,0.0267856028585348,0.0539733143257065),
 .UNSPECIFIED.);
#502=B_SPLINE_CURVE_WITH_KNOTS('',3,(#15172,#15173,#15174,#15175,#15176),
 .UNSPECIFIED.,.F.,.F.,(4,1,4),(0.,0.0267856028585348,0.0539733143257065),
 .UNSPECIFIED.);
#503=B_SPLINE_CURVE_WITH_KNOTS('',3,(#15188,#15189,#15190,#15191,#15192),
 .UNSPECIFIED.,.F.,.F.,(4,1,4),(0.,0.0273839695989237,0.0539302400647866),
 .UNSPECIFIED.);
#504=B_SPLINE_CURVE_WITH_KNOTS('',3,(#15195,#15196,#15197,#15198,#15199),
 .UNSPECIFIED.,.F.,.F.,(4,1,4),(0.,0.0273839695989237,0.0539302400647866),
 .UNSPECIFIED.);
#505=B_SPLINE_CURVE_WITH_KNOTS('',3,(#15211,#15212,#15213,#15214,#15215),
 .UNSPECIFIED.,.F.,.F.,(4,1,4),(0.,0.0331265511306415,0.0630329320596255),
 .UNSPECIFIED.);
#506=B_SPLINE_CURVE_WITH_KNOTS('',3,(#15218,#15219,#15220,#15221,#15222),
 .UNSPECIFIED.,.F.,.F.,(4,1,4),(0.,0.0331265511306415,0.0630329320596255),
 .UNSPECIFIED.);
#507=B_SPLINE_CURVE_WITH_KNOTS('',3,(#15234,#15235,#15236,#15237,#15238),
 .UNSPECIFIED.,.F.,.F.,(4,1,4),(0.,0.0408940908098709,0.0894848452577629),
 .UNSPECIFIED.);
#508=B_SPLINE_CURVE_WITH_KNOTS('',3,(#15241,#15242,#15243,#15244,#15245),
 .UNSPECIFIED.,.F.,.F.,(4,1,4),(0.,0.0408940908098709,0.0894848452577629),
 .UNSPECIFIED.);
#509=B_SPLINE_CURVE_WITH_KNOTS('',3,(#15257,#15258,#15259,#15260,#15261),
 .UNSPECIFIED.,.F.,.F.,(4,1,4),(0.,0.0408921678471758,0.0792310280926891),
 .UNSPECIFIED.);
#510=B_SPLINE_CURVE_WITH_KNOTS('',3,(#15264,#15265,#15266,#15267,#15268),
 .UNSPECIFIED.,.F.,.F.,(4,1,4),(0.,0.0408921678471758,0.0792310280926891),
 .UNSPECIFIED.);
#511=B_SPLINE_CURVE_WITH_KNOTS('',3,(#15280,#15281,#15282,#15283,#15284),
 .UNSPECIFIED.,.F.,.F.,(4,1,4),(0.,0.0315355153895789,0.0647788334378462),
 .UNSPECIFIED.);
#512=B_SPLINE_CURVE_WITH_KNOTS('',3,(#15287,#15288,#15289,#15290,#15291),
 .UNSPECIFIED.,.F.,.F.,(4,1,4),(0.,0.0315355153895789,0.0647788334378462),
 .UNSPECIFIED.);
#513=B_SPLINE_CURVE_WITH_KNOTS('',3,(#15303,#15304,#15305,#15306,#15307),
 .UNSPECIFIED.,.F.,.F.,(4,1,4),(0.,0.0350134471124664,0.067113777374383),
 .UNSPECIFIED.);
#514=B_SPLINE_CURVE_WITH_KNOTS('',3,(#15310,#15311,#15312,#15313,#15314),
 .UNSPECIFIED.,.F.,.F.,(4,1,4),(0.,0.0350134471124664,0.067113777374383),
 .UNSPECIFIED.);
#515=B_SPLINE_CURVE_WITH_KNOTS('',3,(#15331,#15332,#15333,#15334,#15335),
 .UNSPECIFIED.,.F.,.F.,(4,1,4),(0.,0.0206372870854261,0.0455580536721967),
 .UNSPECIFIED.);
#516=B_SPLINE_CURVE_WITH_KNOTS('',3,(#15336,#15337,#15338,#15339,#15340),
 .UNSPECIFIED.,.F.,.F.,(4,1,4),(0.,0.0206372870854261,0.0455580536721967),
 .UNSPECIFIED.);
#517=B_SPLINE_CURVE_WITH_KNOTS('',3,(#15435,#15436,#15437,#15438,#15439),
 .UNSPECIFIED.,.F.,.F.,(4,1,4),(0.,0.0212425919622945,0.0506707448292913),
 .UNSPECIFIED.);
#518=B_SPLINE_CURVE_WITH_KNOTS('',3,(#15442,#15443,#15444,#15445,#15446),
 .UNSPECIFIED.,.F.,.F.,(4,1,4),(0.,0.0212425919622945,0.0506707448292913),
 .UNSPECIFIED.);
#519=B_SPLINE_CURVE_WITH_KNOTS('',3,(#15458,#15459,#15460,#15461,#15462),
 .UNSPECIFIED.,.F.,.F.,(4,1,4),(0.,0.027292847451026,0.0466604587428549),
 .UNSPECIFIED.);
#520=B_SPLINE_CURVE_WITH_KNOTS('',3,(#15465,#15466,#15467,#15468,#15469),
 .UNSPECIFIED.,.F.,.F.,(4,1,4),(0.,0.027292847451026,0.0466604587428549),
 .UNSPECIFIED.);
#521=B_SPLINE_SURFACE_WITH_KNOTS('',3,1,((#9202,#9203),(#9204,#9205),(#9206,
#9207),(#9208,#9209),(#9210,#9211)),.UNSPECIFIED.,.F.,.F.,.F.,(4,1,4),(2,
2),(0.,0.0210752868846736,0.0435357079108796),(0.,0.2),.UNSPECIFIED.);
#522=B_SPLINE_SURFACE_WITH_KNOTS('',3,1,((#9225,#9226),(#9227,#9228),(#9229,
#9230),(#9231,#9232),(#9233,#9234)),.UNSPECIFIED.,.F.,.F.,.F.,(4,1,4),(2,
2),(0.,0.011959897284635,0.0246830518250216),(0.,0.2),.UNSPECIFIED.);
#523=B_SPLINE_SURFACE_WITH_KNOTS('',3,1,((#9248,#9249),(#9250,#9251),(#9252,
#9253),(#9254,#9255),(#9256,#9257)),.UNSPECIFIED.,.F.,.F.,.F.,(4,1,4),(2,
2),(0.,0.0116027904492727,0.023194946132962),(0.,0.2),.UNSPECIFIED.);
#524=B_SPLINE_SURFACE_WITH_KNOTS('',3,1,((#9271,#9272),(#9273,#9274),(#9275,
#9276),(#9277,#9278),(#9279,#9280)),.UNSPECIFIED.,.F.,.F.,.F.,(4,1,4),(2,
2),(0.,0.014773065371594,0.0284257586731767),(0.,0.2),.UNSPECIFIED.);
#525=B_SPLINE_SURFACE_WITH_KNOTS('',3,1,((#9300,#9301),(#9302,#9303),(#9304,
#9305),(#9306,#9307),(#9308,#9309)),.UNSPECIFIED.,.F.,.F.,.F.,(4,1,4),(2,
2),(0.,0.0190086055122729,0.0400653186187899),(0.,0.2),.UNSPECIFIED.);
#526=B_SPLINE_SURFACE_WITH_KNOTS('',3,1,((#9323,#9324),(#9325,#9326),(#9327,
#9328),(#9329,#9330),(#9331,#9332)),.UNSPECIFIED.,.F.,.F.,.F.,(4,1,4),(2,
2),(0.,0.0125611593020501,0.0250527089563538),(0.,0.2),.UNSPECIFIED.);
#527=B_SPLINE_SURFACE_WITH_KNOTS('',3,1,((#9346,#9347),(#9348,#9349),(#9350,
#9351),(#9352,#9353),(#9354,#9355)),.UNSPECIFIED.,.F.,.F.,.F.,(4,1,4),(2,
2),(0.,0.0227362575762458,0.0386715677000339),(0.,0.2),.UNSPECIFIED.);
#528=B_SPLINE_SURFACE_WITH_KNOTS('',3,1,((#9391,#9392),(#9393,#9394),(#9395,
#9396),(#9397,#9398),(#9399,#9400)),.UNSPECIFIED.,.F.,.F.,.F.,(4,1,4),(2,
2),(0.,0.0257956576584471,0.0515494732616312),(0.,0.2),.UNSPECIFIED.);
#529=B_SPLINE_SURFACE_WITH_KNOTS('',3,1,((#9417,#9418),(#9419,#9420),(#9421,
#9422),(#9423,#9424),(#9425,#9426)),.UNSPECIFIED.,.F.,.F.,.F.,(4,1,4),(2,
2),(0.,0.0257797097184964,0.0513049871823072),(0.,0.2),.UNSPECIFIED.);
#530=B_SPLINE_SURFACE_WITH_KNOTS('',3,1,((#9440,#9441),(#9442,#9443),(#9444,
#9445),(#9446,#9447),(#9448,#9449)),.UNSPECIFIED.,.F.,.F.,.F.,(4,1,4),(2,
2),(0.,0.035722712666973,0.0648250280829111),(0.,0.2),.UNSPECIFIED.);
#531=B_SPLINE_SURFACE_WITH_KNOTS('',3,1,((#9463,#9464),(#9465,#9466),(#9467,
#9468),(#9469,#9470),(#9471,#9472)),.UNSPECIFIED.,.F.,.F.,.F.,(4,1,4),(2,
2),(0.,0.0296776380819347,0.0672498900296932),(0.,0.2),.UNSPECIFIED.);
#532=B_SPLINE_SURFACE_WITH_KNOTS('',3,1,((#9486,#9487),(#9488,#9489),(#9490,
#9491),(#9492,#9493),(#9494,#9495)),.UNSPECIFIED.,.F.,.F.,.F.,(4,1,4),(2,
2),(0.,0.0256556638391184,0.0514614772488146),(0.,0.2),.UNSPECIFIED.);
#533=B_SPLINE_SURFACE_WITH_KNOTS('',3,1,((#9509,#9510),(#9511,#9512),(#9513,
#9514),(#9515,#9516),(#9517,#9518)),.UNSPECIFIED.,.F.,.F.,.F.,(4,1,4),(2,
2),(0.,0.0258000971594837,0.0516008889843727),(0.,0.2),.UNSPECIFIED.);
#534=B_SPLINE_SURFACE_WITH_KNOTS('',3,1,((#9532,#9533),(#9534,#9535),(#9536,
#9537),(#9538,#9539),(#9540,#9541)),.UNSPECIFIED.,.F.,.F.,.F.,(4,1,4),(2,
2),(0.,0.0367852416023662,0.0661680332236485),(0.,0.2),.UNSPECIFIED.);
#535=B_SPLINE_SURFACE_WITH_KNOTS('',3,1,((#9555,#9556),(#9557,#9558),(#9559,
#9560),(#9561,#9562),(#9563,#9564)),.UNSPECIFIED.,.F.,.F.,.F.,(4,1,4),(2,
2),(0.,0.0293148558700167,0.0660747534264223),(0.,0.2),.UNSPECIFIED.);
#536=B_SPLINE_SURFACE_WITH_KNOTS('',3,1,((#9575,#9576),(#9577,#9578),(#9579,
#9580),(#9581,#9582),(#9583,#9584)),.UNSPECIFIED.,.F.,.F.,.F.,(4,1,4),(2,
2),(0.,0.0419037448345845,0.0811302633484657),(0.,0.2),.UNSPECIFIED.);
#537=B_SPLINE_SURFACE_WITH_KNOTS('',3,1,((#9601,#9602),(#9603,#9604),(#9605,
#9606),(#9607,#9608),(#9609,#9610)),.UNSPECIFIED.,.F.,.F.,.F.,(4,1,4),(2,
2),(0.,0.0270516963844248,0.0545979746028744),(0.,0.2),.UNSPECIFIED.);
#538=B_SPLINE_SURFACE_WITH_KNOTS('',3,1,((#9624,#9625),(#9626,#9627),(#9628,
#9629),(#9630,#9631),(#9632,#9633)),.UNSPECIFIED.,.F.,.F.,.F.,(4,1,4),(2,
2),(0.,0.0263613571631861,0.0528979778471827),(0.,0.2),.UNSPECIFIED.);
#539=B_SPLINE_SURFACE_WITH_KNOTS('',3,1,((#9647,#9648),(#9649,#9650),(#9651,
#9652),(#9653,#9654),(#9655,#9656)),.UNSPECIFIED.,.F.,.F.,.F.,(4,1,4),(2,
2),(0.,0.037606270399178,0.0676490611944434),(0.,0.2),.UNSPECIFIED.);
#540=B_SPLINE_SURFACE_WITH_KNOTS('',3,1,((#9670,#9671),(#9672,#9673),(#9674,
#9675),(#9676,#9677),(#9678,#9679)),.UNSPECIFIED.,.F.,.F.,.F.,(4,1,4),(2,
2),(0.,0.0409616104590999,0.0876775976427176),(0.,0.2),.UNSPECIFIED.);
#541=B_SPLINE_SURFACE_WITH_KNOTS('',3,1,((#9693,#9694),(#9695,#9696),(#9697,
#9698),(#9699,#9700),(#9701,#9702)),.UNSPECIFIED.,.F.,.F.,.F.,(4,1,4),(2,
2),(0.,0.0413795340190762,0.0806702056065626),(0.,0.2),.UNSPECIFIED.);
#542=B_SPLINE_SURFACE_WITH_KNOTS('',3,1,((#9716,#9717),(#9718,#9719),(#9720,
#9721),(#9722,#9723),(#9724,#9725)),.UNSPECIFIED.,.F.,.F.,.F.,(4,1,4),(2,
2),(0.,0.0359932537147115,0.0737235311861698),(0.,0.2),.UNSPECIFIED.);
#543=B_SPLINE_SURFACE_WITH_KNOTS('',3,1,((#9739,#9740),(#9741,#9742),(#9743,
#9744),(#9745,#9746),(#9747,#9748)),.UNSPECIFIED.,.F.,.F.,.F.,(4,1,4),(2,
2),(0.,0.0532066103638552,0.0978624207701791),(0.,0.2),.UNSPECIFIED.);
#544=B_SPLINE_SURFACE_WITH_KNOTS('',3,1,((#9762,#9763),(#9764,#9765),(#9766,
#9767),(#9768,#9769),(#9770,#9771)),.UNSPECIFIED.,.F.,.F.,.F.,(4,1,4),(2,
2),(0.,0.0414790882704501,0.0905871452407318),(0.,0.2),.UNSPECIFIED.);
#545=B_SPLINE_SURFACE_WITH_KNOTS('',3,1,((#9783,#9784),(#9785,#9786),(#9787,
#9788),(#9789,#9790),(#9791,#9792)),.UNSPECIFIED.,.F.,.F.,.F.,(4,1,4),(2,
2),(0.,0.0160785127734628,0.0375146360863731),(0.,0.2),.UNSPECIFIED.);
#546=B_SPLINE_SURFACE_WITH_KNOTS('',3,1,((#9809,#9810),(#9811,#9812),(#9813,
#9814),(#9815,#9816),(#9817,#9818)),.UNSPECIFIED.,.F.,.F.,.F.,(4,1,4),(2,
2),(0.,0.0181166234399973,0.0356779836918016),(0.,0.2),.UNSPECIFIED.);
#547=B_SPLINE_SURFACE_WITH_KNOTS('',3,1,((#9832,#9833),(#9834,#9835),(#9836,
#9837),(#9838,#9839),(#9840,#9841)),.UNSPECIFIED.,.F.,.F.,.F.,(4,1,4),(2,
2),(0.,0.0202400215520861,0.0393165575777609),(0.,0.2),.UNSPECIFIED.);
#548=B_SPLINE_SURFACE_WITH_KNOTS('',3,1,((#9855,#9856),(#9857,#9858),(#9859,
#9860),(#9861,#9862),(#9863,#9864)),.UNSPECIFIED.,.F.,.F.,.F.,(4,1,4),(2,
2),(0.,0.015587182354918,0.0346495092455267),(0.,0.2),.UNSPECIFIED.);
#549=B_SPLINE_SURFACE_WITH_KNOTS('',3,1,((#9878,#9879),(#9880,#9881),(#9882,
#9883),(#9884,#9885),(#9886,#9887)),.UNSPECIFIED.,.F.,.F.,.F.,(4,1,4),(2,
2),(0.,0.0137909359737495,0.0276502489034032),(0.,0.2),.UNSPECIFIED.);
#550=B_SPLINE_SURFACE_WITH_KNOTS('',3,1,((#9901,#9902),(#9903,#9904),(#9905,
#9906),(#9907,#9908),(#9909,#9910)),.UNSPECIFIED.,.F.,.F.,.F.,(4,1,4),(2,
2),(0.,0.00915619422247068,0.0184280017071836),(0.,0.2),.UNSPECIFIED.);
#551=B_SPLINE_SURFACE_WITH_KNOTS('',3,1,((#9924,#9925),(#9926,#9927),(#9928,
#9929),(#9930,#9931),(#9932,#9933)),.UNSPECIFIED.,.F.,.F.,.F.,(4,1,4),(2,
2),(0.,0.00974325983667173,0.0190371205226535),(0.,0.2),.UNSPECIFIED.);
#552=B_SPLINE_SURFACE_WITH_KNOTS('',3,1,((#9947,#9948),(#9949,#9950),(#9951,
#9952),(#9953,#9954),(#9955,#9956)),.UNSPECIFIED.,.F.,.F.,.F.,(4,1,4),(2,
2),(0.,0.0196991252449975,0.0330179898106644),(0.,0.2),.UNSPECIFIED.);
#553=B_SPLINE_SURFACE_WITH_KNOTS('',3,1,((#9970,#9971),(#9972,#9973),(#9974,
#9975),(#9976,#9977),(#9978,#9979)),.UNSPECIFIED.,.F.,.F.,.F.,(4,1,4),(2,
2),(0.,0.0261866862414607,0.061850992999276),(0.,0.2),.UNSPECIFIED.);
#554=B_SPLINE_SURFACE_WITH_KNOTS('',3,1,((#10005,#10006),(#10007,#10008),
(#10009,#10010),(#10011,#10012),(#10013,#10014)),.UNSPECIFIED.,.F.,.F.,
 .F.,(4,1,4),(2,2),(0.,0.0137801670023933,0.0278031367086167),(0.,0.2),
 .UNSPECIFIED.);
#555=B_SPLINE_SURFACE_WITH_KNOTS('',3,1,((#10028,#10029),(#10030,#10031),
(#10032,#10033),(#10034,#10035),(#10036,#10037)),.UNSPECIFIED.,.F.,.F.,
 .F.,(4,1,4),(2,2),(0.,0.0419294383962614,0.0650443409245124),(0.,0.2),
 .UNSPECIFIED.);
#556=B_SPLINE_SURFACE_WITH_KNOTS('',3,1,((#10057,#10058),(#10059,#10060),
(#10061,#10062),(#10063,#10064),(#10065,#10066)),.UNSPECIFIED.,.F.,.F.,
 .F.,(4,1,4),(2,2),(0.,0.0132712729111511,0.0340471802672258),(0.,0.2),
 .UNSPECIFIED.);
#557=B_SPLINE_SURFACE_WITH_KNOTS('',3,1,((#10080,#10081),(#10082,#10083),
(#10084,#10085),(#10086,#10087),(#10088,#10089)),.UNSPECIFIED.,.F.,.F.,
 .F.,(4,1,4),(2,2),(0.,0.013210282898517,0.0277628476011198),(0.,0.2),
 .UNSPECIFIED.);
#558=B_SPLINE_SURFACE_WITH_KNOTS('',3,1,((#10103,#10104),(#10105,#10106),
(#10107,#10108),(#10109,#10110),(#10111,#10112)),.UNSPECIFIED.,.F.,.F.,
 .F.,(4,1,4),(2,2),(0.,0.0168054342342834,0.0306781687947602),(0.,0.2),
 .UNSPECIFIED.);
#559=B_SPLINE_SURFACE_WITH_KNOTS('',3,1,((#10126,#10127),(#10128,#10129),
(#10130,#10131),(#10132,#10133),(#10134,#10135)),.UNSPECIFIED.,.F.,.F.,
 .F.,(4,1,4),(2,2),(0.,0.0252747804221509,0.0458723221847299),(0.,0.2),
 .UNSPECIFIED.);
#560=B_SPLINE_SURFACE_WITH_KNOTS('',3,1,((#10149,#10150),(#10151,#10152),
(#10153,#10154),(#10155,#10156),(#10157,#10158)),.UNSPECIFIED.,.F.,.F.,
 .F.,(4,1,4),(2,2),(0.,0.0236807354089817,0.0500976519562805),(0.,0.2),
 .UNSPECIFIED.);
#561=B_SPLINE_SURFACE_WITH_KNOTS('',3,1,((#10172,#10173),(#10174,#10175),
(#10176,#10177),(#10178,#10179),(#10180,#10181)),.UNSPECIFIED.,.F.,.F.,
 .F.,(4,1,4),(2,2),(0.,0.0186488234931913,0.0396063488507633),(0.,0.2),
 .UNSPECIFIED.);
#562=B_SPLINE_SURFACE_WITH_KNOTS('',3,1,((#10195,#10196),(#10197,#10198),
(#10199,#10200),(#10201,#10202),(#10203,#10204)),.UNSPECIFIED.,.F.,.F.,
 .F.,(4,1,4),(2,2),(0.,0.0218853853055437,0.0409647894509147),(0.,0.2),
 .UNSPECIFIED.);
#563=B_SPLINE_SURFACE_WITH_KNOTS('',3,1,((#10224,#10225),(#10226,#10227),
(#10228,#10229),(#10230,#10231),(#10232,#10233)),.UNSPECIFIED.,.F.,.F.,
 .F.,(4,1,4),(2,2),(0.,0.016583346029991,0.0376041751852709),(0.,0.2),
 .UNSPECIFIED.);
#564=B_SPLINE_SURFACE_WITH_KNOTS('',3,1,((#10247,#10248),(#10249,#10250),
(#10251,#10252),(#10253,#10254),(#10255,#10256)),.UNSPECIFIED.,.F.,.F.,
 .F.,(4,1,4),(2,2),(0.,0.0227013841225781,0.0398985921631301),(0.,0.2),
 .UNSPECIFIED.);
#565=B_SPLINE_SURFACE_WITH_KNOTS('',3,1,((#10270,#10271),(#10272,#10273),
(#10274,#10275),(#10276,#10277),(#10278,#10279)),.UNSPECIFIED.,.F.,.F.,
 .F.,(4,1,4),(2,2),(0.,0.0198890323681987,0.0444908625092646),(0.,0.2),
 .UNSPECIFIED.);
#566=B_SPLINE_SURFACE_WITH_KNOTS('',3,1,((#10293,#10294),(#10295,#10296),
(#10297,#10298),(#10299,#10300),(#10301,#10302)),.UNSPECIFIED.,.F.,.F.,
 .F.,(4,1,4),(2,2),(0.,0.019361496171556,0.0341389043495366),(0.,0.2),
 .UNSPECIFIED.);
#567=B_SPLINE_SURFACE_WITH_KNOTS('',3,1,((#10316,#10317),(#10318,#10319),
(#10320,#10321),(#10322,#10323),(#10324,#10325)),.UNSPECIFIED.,.F.,.F.,
 .F.,(4,1,4),(2,2),(0.,0.00619221582663438,0.00962028340125502),(0.,0.2),
 .UNSPECIFIED.);
#568=B_SPLINE_SURFACE_WITH_KNOTS('',3,1,((#10339,#10340),(#10341,#10342),
(#10343,#10344),(#10345,#10346),(#10347,#10348)),.UNSPECIFIED.,.F.,.F.,
 .F.,(4,1,4),(2,2),(0.,0.0391644471532374,0.0669835627280849),(0.,0.2),
 .UNSPECIFIED.);
#569=B_SPLINE_SURFACE_WITH_KNOTS('',3,1,((#10362,#10363),(#10364,#10365),
(#10366,#10367),(#10368,#10369),(#10370,#10371)),.UNSPECIFIED.,.F.,.F.,
 .F.,(4,1,4),(2,2),(0.,0.0138964216749122,0.0332211600496202),(0.,0.2),
 .UNSPECIFIED.);
#570=B_SPLINE_SURFACE_WITH_KNOTS('',3,1,((#10385,#10386),(#10387,#10388),
(#10389,#10390),(#10391,#10392),(#10393,#10394)),.UNSPECIFIED.,.F.,.F.,
 .F.,(4,1,4),(2,2),(0.,0.0143383145859174,0.0292189646035815),(0.,0.2),
 .UNSPECIFIED.);
#571=B_SPLINE_SURFACE_WITH_KNOTS('',3,1,((#10408,#10409),(#10410,#10411),
(#10412,#10413),(#10414,#10415),(#10416,#10417)),.UNSPECIFIED.,.F.,.F.,
 .F.,(4,1,4),(2,2),(0.,0.0145559983765701,0.0286788552240978),(0.,0.2),
 .UNSPECIFIED.);
#572=B_SPLINE_SURFACE_WITH_KNOTS('',3,1,((#10431,#10432),(#10433,#10434),
(#10435,#10436),(#10437,#10438),(#10439,#10440)),.UNSPECIFIED.,.F.,.F.,
 .F.,(4,1,4),(2,2),(0.,0.0153787572105388,0.0302989560727614),(0.,0.2),
 .UNSPECIFIED.);
#573=B_SPLINE_SURFACE_WITH_KNOTS('',3,1,((#10454,#10455),(#10456,#10457),
(#10458,#10459),(#10460,#10461),(#10462,#10463)),.UNSPECIFIED.,.F.,.F.,
 .F.,(4,1,4),(2,2),(0.,0.0246010870283846,0.049850096602218),(0.,0.2),
 .UNSPECIFIED.);
#574=B_SPLINE_SURFACE_WITH_KNOTS('',3,1,((#10477,#10478),(#10479,#10480),
(#10481,#10482),(#10483,#10484),(#10485,#10486)),.UNSPECIFIED.,.F.,.F.,
 .F.,(4,1,4),(2,2),(0.,0.0319684926601835,0.0587792957825013),(0.,0.2),
 .UNSPECIFIED.);
#575=B_SPLINE_SURFACE_WITH_KNOTS('',3,1,((#10500,#10501),(#10502,#10503),
(#10504,#10505),(#10506,#10507),(#10508,#10509)),.UNSPECIFIED.,.F.,.F.,
 .F.,(4,1,4),(2,2),(0.,0.0203417985711583,0.0414190946941585),(0.,0.2),
 .UNSPECIFIED.);
#576=B_SPLINE_SURFACE_WITH_KNOTS('',3,1,((#10523,#10524),(#10525,#10526),
(#10527,#10528),(#10529,#10530),(#10531,#10532)),.UNSPECIFIED.,.F.,.F.,
 .F.,(4,1,4),(2,2),(0.,0.0249664824710618,0.0465874590748775),(0.,0.2),
 .UNSPECIFIED.);
#577=B_SPLINE_SURFACE_WITH_KNOTS('',3,1,((#10546,#10547),(#10548,#10549),
(#10550,#10551),(#10552,#10553),(#10554,#10555)),.UNSPECIFIED.,.F.,.F.,
 .F.,(4,1,4),(2,2),(0.,0.0132929705229795,0.0279128785693983),(0.,0.2),
 .UNSPECIFIED.);
#578=B_SPLINE_SURFACE_WITH_KNOTS('',3,1,((#10567,#10568),(#10569,#10570),
(#10571,#10572),(#10573,#10574),(#10575,#10576)),.UNSPECIFIED.,.F.,.F.,
 .F.,(4,1,4),(2,2),(0.,0.0375794148607376,0.0678509974278399),(0.,0.2),
 .UNSPECIFIED.);
#579=B_SPLINE_SURFACE_WITH_KNOTS('',3,1,((#10593,#10594),(#10595,#10596),
(#10597,#10598),(#10599,#10600),(#10601,#10602)),.UNSPECIFIED.,.F.,.F.,
 .F.,(4,1,4),(2,2),(0.,0.0225982491949301,0.0469497047393309),(0.,0.2),
 .UNSPECIFIED.);
#580=B_SPLINE_SURFACE_WITH_KNOTS('',3,1,((#10616,#10617),(#10618,#10619),
(#10620,#10621),(#10622,#10623),(#10624,#10625)),.UNSPECIFIED.,.F.,.F.,
 .F.,(4,1,4),(2,2),(0.,0.0195022507547142,0.0403618856139714),(0.,0.2),
 .UNSPECIFIED.);
#581=B_SPLINE_SURFACE_WITH_KNOTS('',3,1,((#10639,#10640),(#10641,#10642),
(#10643,#10644),(#10645,#10646),(#10647,#10648)),.UNSPECIFIED.,.F.,.F.,
 .F.,(4,1,4),(2,2),(0.,0.0180808982128836,0.0367186200329488),(0.,0.2),
 .UNSPECIFIED.);
#582=B_SPLINE_SURFACE_WITH_KNOTS('',3,1,((#10662,#10663),(#10664,#10665),
(#10666,#10667),(#10668,#10669),(#10670,#10671)),.UNSPECIFIED.,.F.,.F.,
 .F.,(4,1,4),(2,2),(0.,0.0156789459213482,0.0331102825335668),(0.,0.2),
 .UNSPECIFIED.);
#583=B_SPLINE_SURFACE_WITH_KNOTS('',3,1,((#10685,#10686),(#10687,#10688),
(#10689,#10690),(#10691,#10692),(#10693,#10694)),.UNSPECIFIED.,.F.,.F.,
 .F.,(4,1,4),(2,2),(0.,0.0160212487174656,0.0313317988620522),(0.,0.2),
 .UNSPECIFIED.);
#584=B_SPLINE_SURFACE_WITH_KNOTS('',3,1,((#10708,#10709),(#10710,#10711),
(#10712,#10713),(#10714,#10715),(#10716,#10717)),.UNSPECIFIED.,.F.,.F.,
 .F.,(4,1,4),(2,2),(0.,0.0345076307558298,0.0571776136863088),(0.,0.2),
 .UNSPECIFIED.);
#585=B_SPLINE_SURFACE_WITH_KNOTS('',3,1,((#10731,#10732),(#10733,#10734),
(#10735,#10736),(#10737,#10738),(#10739,#10740)),.UNSPECIFIED.,.F.,.F.,
 .F.,(4,1,4),(2,2),(0.,0.0114081740120549,0.0338749598805073),(0.,0.2),
 .UNSPECIFIED.);
#586=B_SPLINE_SURFACE_WITH_KNOTS('',3,1,((#10754,#10755),(#10756,#10757),
(#10758,#10759),(#10760,#10761),(#10762,#10763)),.UNSPECIFIED.,.F.,.F.,
 .F.,(4,1,4),(2,2),(0.,0.00792635555508958,0.0173548947627535),(0.,0.2),
 .UNSPECIFIED.);
#587=B_SPLINE_SURFACE_WITH_KNOTS('',3,1,((#10777,#10778),(#10779,#10780),
(#10781,#10782),(#10783,#10784),(#10785,#10786)),.UNSPECIFIED.,.F.,.F.,
 .F.,(4,1,4),(2,2),(0.,0.00689671198558693,0.0138583388802261),(0.,0.2),
 .UNSPECIFIED.);
#588=B_SPLINE_SURFACE_WITH_KNOTS('',3,1,((#10800,#10801),(#10802,#10803),
(#10804,#10805),(#10806,#10807),(#10808,#10809)),.UNSPECIFIED.,.F.,.F.,
 .F.,(4,1,4),(2,2),(0.,0.0122104317879977,0.0230925125365143),(0.,0.2),
 .UNSPECIFIED.);
#589=B_SPLINE_SURFACE_WITH_KNOTS('',3,1,((#10823,#10824),(#10825,#10826),
(#10827,#10828),(#10829,#10830),(#10831,#10832)),.UNSPECIFIED.,.F.,.F.,
 .F.,(4,1,4),(2,2),(0.,0.0218437624361211,0.037630332682903),(0.,0.2),
 .UNSPECIFIED.);
#590=B_SPLINE_SURFACE_WITH_KNOTS('',3,1,((#10846,#10847),(#10848,#10849),
(#10850,#10851),(#10852,#10853),(#10854,#10855)),.UNSPECIFIED.,.F.,.F.,
 .F.,(4,1,4),(2,2),(0.,0.0158553369185849,0.0350571306137166),(0.,0.2),
 .UNSPECIFIED.);
#591=B_SPLINE_SURFACE_WITH_KNOTS('',3,1,((#10869,#10870),(#10871,#10872),
(#10873,#10874),(#10875,#10876),(#10877,#10878)),.UNSPECIFIED.,.F.,.F.,
 .F.,(4,1,4),(2,2),(0.,0.0156857528327451,0.0303749386907902),(0.,0.2),
 .UNSPECIFIED.);
#592=B_SPLINE_SURFACE_WITH_KNOTS('',3,1,((#10898,#10899),(#10900,#10901),
(#10902,#10903),(#10904,#10905),(#10906,#10907)),.UNSPECIFIED.,.F.,.F.,
 .F.,(4,1,4),(2,2),(0.,0.0166375253360257,0.0362181044287358),(0.,0.2),
 .UNSPECIFIED.);
#593=B_SPLINE_SURFACE_WITH_KNOTS('',3,1,((#10921,#10922),(#10923,#10924),
(#10925,#10926),(#10927,#10928),(#10929,#10930)),.UNSPECIFIED.,.F.,.F.,
 .F.,(4,1,4),(2,2),(0.,0.0189112114064133,0.035193371545519),(0.,0.2),
 .UNSPECIFIED.);
#594=B_SPLINE_SURFACE_WITH_KNOTS('',3,1,((#10944,#10945),(#10946,#10947),
(#10948,#10949),(#10950,#10951),(#10952,#10953)),.UNSPECIFIED.,.F.,.F.,
 .F.,(4,1,4),(2,2),(0.,0.0240898668062371,0.0457067347706586),(0.,0.2),
 .UNSPECIFIED.);
#595=B_SPLINE_SURFACE_WITH_KNOTS('',3,1,((#10967,#10968),(#10969,#10970),
(#10971,#10972),(#10973,#10974),(#10975,#10976)),.UNSPECIFIED.,.F.,.F.,
 .F.,(4,1,4),(2,2),(0.,0.0157236200485432,0.0322081398772847),(0.,0.2),
 .UNSPECIFIED.);
#596=B_SPLINE_SURFACE_WITH_KNOTS('',3,1,((#10990,#10991),(#10992,#10993),
(#10994,#10995),(#10996,#10997),(#10998,#10999)),.UNSPECIFIED.,.F.,.F.,
 .F.,(4,1,4),(2,2),(0.,0.0117235457606007,0.0258700012873171),(0.,0.2),
 .UNSPECIFIED.);
#597=B_SPLINE_SURFACE_WITH_KNOTS('',3,1,((#11013,#11014),(#11015,#11016),
(#11017,#11018),(#11019,#11020),(#11021,#11022)),.UNSPECIFIED.,.F.,.F.,
 .F.,(4,1,4),(2,2),(0.,0.0137869889556603,0.0275887429805065),(0.,0.2),
 .UNSPECIFIED.);
#598=B_SPLINE_SURFACE_WITH_KNOTS('',3,1,((#11036,#11037),(#11038,#11039),
(#11040,#11041),(#11042,#11043),(#11044,#11045)),.UNSPECIFIED.,.F.,.F.,
 .F.,(4,1,4),(2,2),(0.,0.0140905938708959,0.0279379938790462),(0.,0.2),
 .UNSPECIFIED.);
#599=B_SPLINE_SURFACE_WITH_KNOTS('',3,1,((#11059,#11060),(#11061,#11062),
(#11063,#11064),(#11065,#11066),(#11067,#11068)),.UNSPECIFIED.,.F.,.F.,
 .F.,(4,1,4),(2,2),(0.,0.0151551987718716,0.0305594843626169),(0.,0.2),
 .UNSPECIFIED.);
#600=B_SPLINE_SURFACE_WITH_KNOTS('',3,1,((#11082,#11083),(#11084,#11085),
(#11086,#11087),(#11088,#11089),(#11090,#11091)),.UNSPECIFIED.,.F.,.F.,
 .F.,(4,1,4),(2,2),(0.,0.0163899628594432,0.0318165362358894),(0.,0.2),
 .UNSPECIFIED.);
#601=B_SPLINE_SURFACE_WITH_KNOTS('',3,1,((#11105,#11106),(#11107,#11108),
(#11109,#11110),(#11111,#11112),(#11113,#11114)),.UNSPECIFIED.,.F.,.F.,
 .F.,(4,1,4),(2,2),(0.,0.0356047124871355,0.0589482164953991),(0.,0.2),
 .UNSPECIFIED.);
#602=B_SPLINE_SURFACE_WITH_KNOTS('',3,1,((#11128,#11129),(#11130,#11131),
(#11132,#11133),(#11134,#11135),(#11136,#11137)),.UNSPECIFIED.,.F.,.F.,
 .F.,(4,1,4),(2,2),(0.,0.0143287215341814,0.039739659610978),(0.,0.2),
 .UNSPECIFIED.);
#603=B_SPLINE_SURFACE_WITH_KNOTS('',3,1,((#11151,#11152),(#11153,#11154),
(#11155,#11156),(#11157,#11158),(#11159,#11160)),.UNSPECIFIED.,.F.,.F.,
 .F.,(4,1,4),(2,2),(0.,0.011477693763532,0.0232373680097455),(0.,0.2),
 .UNSPECIFIED.);
#604=B_SPLINE_SURFACE_WITH_KNOTS('',3,1,((#11174,#11175),(#11176,#11177),
(#11178,#11179),(#11180,#11181),(#11182,#11183)),.UNSPECIFIED.,.F.,.F.,
 .F.,(4,1,4),(2,2),(0.,0.0145225039196137,0.0278995604806262),(0.,0.2),
 .UNSPECIFIED.);
#605=B_SPLINE_SURFACE_WITH_KNOTS('',3,1,((#11197,#11198),(#11199,#11200),
(#11201,#11202),(#11203,#11204),(#11205,#11206)),.UNSPECIFIED.,.F.,.F.,
 .F.,(4,1,4),(2,2),(0.,0.022251538695205,0.0396283651303804),(0.,0.2),
 .UNSPECIFIED.);
#606=B_SPLINE_SURFACE_WITH_KNOTS('',3,1,((#11220,#11221),(#11222,#11223),
(#11224,#11225),(#11226,#11227),(#11228,#11229)),.UNSPECIFIED.,.F.,.F.,
 .F.,(4,1,4),(2,2),(0.,0.0189466356560796,0.0415180591802694),(0.,0.2),
 .UNSPECIFIED.);
#607=B_SPLINE_SURFACE_WITH_KNOTS('',3,1,((#11243,#11244),(#11245,#11246),
(#11247,#11248),(#11249,#11250),(#11251,#11252)),.UNSPECIFIED.,.F.,.F.,
 .F.,(4,1,4),(2,2),(0.,0.0201912805283577,0.0383441508122856),(0.,0.2),
 .UNSPECIFIED.);
#608=B_SPLINE_SURFACE_WITH_KNOTS('',3,1,((#11272,#11273),(#11274,#11275),
(#11276,#11277),(#11278,#11279),(#11280,#11281)),.UNSPECIFIED.,.F.,.F.,
 .F.,(4,1,4),(2,2),(0.,0.0284251370350832,0.0604173236407897),(0.,0.2),
 .UNSPECIFIED.);
#609=B_SPLINE_SURFACE_WITH_KNOTS('',3,1,((#11293,#11294),(#11295,#11296),
(#11297,#11298),(#11299,#11300),(#11301,#11302)),.UNSPECIFIED.,.F.,.F.,
 .F.,(4,1,4),(2,2),(0.,0.0160785787732976,0.0375146855856352),(0.,0.2),
 .UNSPECIFIED.);
#610=B_SPLINE_SURFACE_WITH_KNOTS('',3,1,((#11319,#11320),(#11321,#11322),
(#11323,#11324),(#11325,#11326),(#11327,#11328)),.UNSPECIFIED.,.F.,.F.,
 .F.,(4,1,4),(2,2),(0.,0.0181165288458266,0.0356778890976309),(0.,0.2),
 .UNSPECIFIED.);
#611=B_SPLINE_SURFACE_WITH_KNOTS('',3,1,((#11342,#11343),(#11344,#11345),
(#11346,#11347),(#11348,#11349),(#11350,#11351)),.UNSPECIFIED.,.F.,.F.,
 .F.,(4,1,4),(2,2),(0.,0.020240139970371,0.0393166759960459),(0.,0.2),
 .UNSPECIFIED.);
#612=B_SPLINE_SURFACE_WITH_KNOTS('',3,1,((#11365,#11366),(#11367,#11368),
(#11369,#11370),(#11371,#11372),(#11373,#11374)),.UNSPECIFIED.,.F.,.F.,
 .F.,(4,1,4),(2,2),(0.,0.0155870773005885,0.0346494041911972),(0.,0.2),
 .UNSPECIFIED.);
#613=B_SPLINE_SURFACE_WITH_KNOTS('',3,1,((#11388,#11389),(#11390,#11391),
(#11392,#11393),(#11394,#11395),(#11396,#11397)),.UNSPECIFIED.,.F.,.F.,
 .F.,(4,1,4),(2,2),(0.,0.0137909118730745,0.0276502248027282),(0.,0.2),
 .UNSPECIFIED.);
#614=B_SPLINE_SURFACE_WITH_KNOTS('',3,1,((#11411,#11412),(#11413,#11414),
(#11415,#11416),(#11417,#11418),(#11419,#11420)),.UNSPECIFIED.,.F.,.F.,
 .F.,(4,1,4),(2,2),(0.,0.00915624417888567,0.0184280352200637),(0.,0.2),
 .UNSPECIFIED.);
#615=B_SPLINE_SURFACE_WITH_KNOTS('',3,1,((#11434,#11435),(#11436,#11437),
(#11438,#11439),(#11440,#11441),(#11442,#11443)),.UNSPECIFIED.,.F.,.F.,
 .F.,(4,1,4),(2,2),(0.,0.00974325983667173,0.0190370411206109),(0.,0.2),
 .UNSPECIFIED.);
#616=B_SPLINE_SURFACE_WITH_KNOTS('',3,1,((#11457,#11458),(#11459,#11460),
(#11461,#11462),(#11463,#11464),(#11465,#11466)),.UNSPECIFIED.,.F.,.F.,
 .F.,(4,1,4),(2,2),(0.,0.019699242580662,0.033018107146329),(0.,0.2),
 .UNSPECIFIED.);
#617=B_SPLINE_SURFACE_WITH_KNOTS('',3,1,((#11480,#11481),(#11482,#11483),
(#11484,#11485),(#11486,#11487),(#11488,#11489)),.UNSPECIFIED.,.F.,.F.,
 .F.,(4,1,4),(2,2),(0.,0.0261865721240278,0.0618507615735755),(0.,0.2),
 .UNSPECIFIED.);
#618=B_SPLINE_SURFACE_WITH_KNOTS('',3,1,((#11515,#11516),(#11517,#11518),
(#11519,#11520),(#11521,#11522),(#11523,#11524)),.UNSPECIFIED.,.F.,.F.,
 .F.,(4,1,4),(2,2),(0.,0.0137801063707021,0.0278031254389668),(0.,0.2),
 .UNSPECIFIED.);
#619=B_SPLINE_SURFACE_WITH_KNOTS('',3,1,((#11538,#11539),(#11540,#11541),
(#11542,#11543),(#11544,#11545),(#11546,#11547)),.UNSPECIFIED.,.F.,.F.,
 .F.,(4,1,4),(2,2),(0.,0.0419294400690162,0.0650443425972673),(0.,0.2),
 .UNSPECIFIED.);
#620=B_SPLINE_SURFACE_WITH_KNOTS('',3,1,((#11567,#11568),(#11569,#11570),
(#11571,#11572),(#11573,#11574),(#11575,#11576)),.UNSPECIFIED.,.F.,.F.,
 .F.,(4,1,4),(2,2),(0.,0.0132712853190191,0.0340471900331187),(0.,0.2),
 .UNSPECIFIED.);
#621=B_SPLINE_SURFACE_WITH_KNOTS('',3,1,((#11590,#11591),(#11592,#11593),
(#11594,#11595),(#11596,#11597),(#11598,#11599)),.UNSPECIFIED.,.F.,.F.,
 .F.,(4,1,4),(2,2),(0.,0.0132102201132302,0.027762784815833),(0.,0.2),
 .UNSPECIFIED.);
#622=B_SPLINE_SURFACE_WITH_KNOTS('',3,1,((#11613,#11614),(#11615,#11616),
(#11617,#11618),(#11619,#11620),(#11621,#11622)),.UNSPECIFIED.,.F.,.F.,
 .F.,(4,1,4),(2,2),(0.,0.0168054342342834,0.030678258916243),(0.,0.2),
 .UNSPECIFIED.);
#623=B_SPLINE_SURFACE_WITH_KNOTS('',3,1,((#11636,#11637),(#11638,#11639),
(#11640,#11641),(#11642,#11643),(#11644,#11645)),.UNSPECIFIED.,.F.,.F.,
 .F.,(4,1,4),(2,2),(0.,0.0252748993811118,0.0458723253728258),(0.,0.2),
 .UNSPECIFIED.);
#624=B_SPLINE_SURFACE_WITH_KNOTS('',3,1,((#11659,#11660),(#11661,#11662),
(#11663,#11664),(#11665,#11666),(#11667,#11668)),.UNSPECIFIED.,.F.,.F.,
 .F.,(4,1,4),(2,2),(0.,0.0236807354089817,0.0500976519562805),(0.,0.2),
 .UNSPECIFIED.);
#625=B_SPLINE_SURFACE_WITH_KNOTS('',3,1,((#11682,#11683),(#11684,#11685),
(#11686,#11687),(#11688,#11689),(#11690,#11691)),.UNSPECIFIED.,.F.,.F.,
 .F.,(4,1,4),(2,2),(0.,0.018648911463724,0.0396063300232658),(0.,0.2),
 .UNSPECIFIED.);
#626=B_SPLINE_SURFACE_WITH_KNOTS('',3,1,((#11705,#11706),(#11707,#11708),
(#11709,#11710),(#11711,#11712),(#11713,#11714)),.UNSPECIFIED.,.F.,.F.,
 .F.,(4,1,4),(2,2),(0.,0.0218853499153632,0.0409648144746711),(0.,0.2),
 .UNSPECIFIED.);
#627=B_SPLINE_SURFACE_WITH_KNOTS('',3,1,((#11734,#11735),(#11736,#11737),
(#11738,#11739),(#11740,#11741),(#11742,#11743)),.UNSPECIFIED.,.F.,.F.,
 .F.,(4,1,4),(2,2),(0.,0.016583346029991,0.0376042607727115),(0.,0.2),
 .UNSPECIFIED.);
#628=B_SPLINE_SURFACE_WITH_KNOTS('',3,1,((#11757,#11758),(#11759,#11760),
(#11761,#11762),(#11763,#11764),(#11765,#11766)),.UNSPECIFIED.,.F.,.F.,
 .F.,(4,1,4),(2,2),(0.,0.0227012655142505,0.0398984735548026),(0.,0.2),
 .UNSPECIFIED.);
#629=B_SPLINE_SURFACE_WITH_KNOTS('',3,1,((#11780,#11781),(#11782,#11783),
(#11784,#11785),(#11786,#11787),(#11788,#11789)),.UNSPECIFIED.,.F.,.F.,
 .F.,(4,1,4),(2,2),(0.,0.0198891375444365,0.0444909676855025),(0.,0.2),
 .UNSPECIFIED.);
#630=B_SPLINE_SURFACE_WITH_KNOTS('',3,1,((#11803,#11804),(#11805,#11806),
(#11807,#11808),(#11809,#11810),(#11811,#11812)),.UNSPECIFIED.,.F.,.F.,
 .F.,(4,1,4),(2,2),(0.,0.0193614640425064,0.0341389353644452),(0.,0.2),
 .UNSPECIFIED.);
#631=B_SPLINE_SURFACE_WITH_KNOTS('',3,1,((#11826,#11827),(#11828,#11829),
(#11830,#11831),(#11832,#11833),(#11834,#11835)),.UNSPECIFIED.,.F.,.F.,
 .F.,(4,1,4),(2,2),(0.,0.00619221878138783,0.00962028635600847),(0.,0.2),
 .UNSPECIFIED.);
#632=B_SPLINE_SURFACE_WITH_KNOTS('',3,1,((#11849,#11850),(#11851,#11852),
(#11853,#11854),(#11855,#11856),(#11857,#11858)),.UNSPECIFIED.,.F.,.F.,
 .F.,(4,1,4),(2,2),(0.,0.0391646829134457,0.066983451889379),(0.,0.2),
 .UNSPECIFIED.);
#633=B_SPLINE_SURFACE_WITH_KNOTS('',3,1,((#11872,#11873),(#11874,#11875),
(#11876,#11877),(#11878,#11879),(#11880,#11881)),.UNSPECIFIED.,.F.,.F.,
 .F.,(4,1,4),(2,2),(0.,0.0138963049349133,0.0332210433096214),(0.,0.2),
 .UNSPECIFIED.);
#634=B_SPLINE_SURFACE_WITH_KNOTS('',3,1,((#11895,#11896),(#11897,#11898),
(#11899,#11900),(#11901,#11902),(#11903,#11904)),.UNSPECIFIED.,.F.,.F.,
 .F.,(4,1,4),(2,2),(0.,0.0143382105897979,0.0292189726993326),(0.,0.2),
 .UNSPECIFIED.);
#635=B_SPLINE_SURFACE_WITH_KNOTS('',3,1,((#11918,#11919),(#11920,#11921),
(#11922,#11923),(#11924,#11925),(#11926,#11927)),.UNSPECIFIED.,.F.,.F.,
 .F.,(4,1,4),(2,2),(0.,0.0145559983765701,0.028678945045515),(0.,0.2),
 .UNSPECIFIED.);
#636=B_SPLINE_SURFACE_WITH_KNOTS('',3,1,((#11941,#11942),(#11943,#11944),
(#11945,#11946),(#11947,#11948),(#11949,#11950)),.UNSPECIFIED.,.F.,.F.,
 .F.,(4,1,4),(2,2),(0.,0.0153787290544835,0.0302990149805885),(0.,0.2),
 .UNSPECIFIED.);
#637=B_SPLINE_SURFACE_WITH_KNOTS('',3,1,((#11964,#11965),(#11966,#11967),
(#11968,#11969),(#11970,#11971),(#11972,#11973)),.UNSPECIFIED.,.F.,.F.,
 .F.,(4,1,4),(2,2),(0.,0.0246010171194571,0.0498500721033549),(0.,0.2),
 .UNSPECIFIED.);
#638=B_SPLINE_SURFACE_WITH_KNOTS('',3,1,((#11987,#11988),(#11989,#11990),
(#11991,#11992),(#11993,#11994),(#11995,#11996)),.UNSPECIFIED.,.F.,.F.,
 .F.,(4,1,4),(2,2),(0.,0.0319686107483122,0.0587793099161843),(0.,0.2),
 .UNSPECIFIED.);
#639=B_SPLINE_SURFACE_WITH_KNOTS('',3,1,((#12010,#12011),(#12012,#12013),
(#12014,#12015),(#12016,#12017),(#12018,#12019)),.UNSPECIFIED.,.F.,.F.,
 .F.,(4,1,4),(2,2),(0.,0.0203417985711583,0.0414188571374854),(0.,0.2),
 .UNSPECIFIED.);
#640=B_SPLINE_SURFACE_WITH_KNOTS('',3,1,((#12033,#12034),(#12035,#12036),
(#12037,#12038),(#12039,#12040),(#12041,#12042)),.UNSPECIFIED.,.F.,.F.,
 .F.,(4,1,4),(2,2),(0.,0.0249664824710618,0.0465875655575503),(0.,0.2),
 .UNSPECIFIED.);
#641=B_SPLINE_SURFACE_WITH_KNOTS('',3,1,((#12056,#12057),(#12058,#12059),
(#12060,#12061),(#12062,#12063),(#12064,#12065)),.UNSPECIFIED.,.F.,.F.,
 .F.,(4,1,4),(2,2),(0.,0.0132930127327617,0.0279129207791806),(0.,0.2),
 .UNSPECIFIED.);
#642=B_SPLINE_SURFACE_WITH_KNOTS('',3,1,((#12086,#12087),(#12088,#12089),
(#12090,#12091),(#12092,#12093),(#12094,#12095)),.UNSPECIFIED.,.F.,.F.,
 .F.,(4,1,4),(2,2),(0.,0.0210752347984056,0.0435356639710229),(0.,0.2),
 .UNSPECIFIED.);
#643=B_SPLINE_SURFACE_WITH_KNOTS('',3,1,((#12109,#12110),(#12111,#12112),
(#12113,#12114),(#12115,#12116),(#12117,#12118)),.UNSPECIFIED.,.F.,.F.,
 .F.,(4,1,4),(2,2),(0.,0.0119598562353681,0.0246831133562941),(0.,0.2),
 .UNSPECIFIED.);
#644=B_SPLINE_SURFACE_WITH_KNOTS('',3,1,((#12132,#12133),(#12134,#12135),
(#12136,#12137),(#12138,#12139),(#12140,#12141)),.UNSPECIFIED.,.F.,.F.,
 .F.,(4,1,4),(2,2),(0.,0.0116026138395349,0.0231948221337911),(0.,0.2),
 .UNSPECIFIED.);
#645=B_SPLINE_SURFACE_WITH_KNOTS('',3,1,((#12155,#12156),(#12157,#12158),
(#12159,#12160),(#12161,#12162),(#12163,#12164)),.UNSPECIFIED.,.F.,.F.,
 .F.,(4,1,4),(2,2),(0.,0.0147731198645125,0.028425872130812),(0.,0.2),
 .UNSPECIFIED.);
#646=B_SPLINE_SURFACE_WITH_KNOTS('',3,1,((#12184,#12185),(#12186,#12187),
(#12188,#12189),(#12190,#12191),(#12192,#12193)),.UNSPECIFIED.,.F.,.F.,
 .F.,(4,1,4),(2,2),(0.,0.0190084877643585,0.0400652008708754),(0.,0.2),
 .UNSPECIFIED.);
#647=B_SPLINE_SURFACE_WITH_KNOTS('',3,1,((#12207,#12208),(#12209,#12210),
(#12211,#12212),(#12213,#12214),(#12215,#12216)),.UNSPECIFIED.,.F.,.F.,
 .F.,(4,1,4),(2,2),(0.,0.0125612128308181,0.0250528214383508),(0.,0.2),
 .UNSPECIFIED.);
#648=B_SPLINE_SURFACE_WITH_KNOTS('',3,1,((#12230,#12231),(#12232,#12233),
(#12234,#12235),(#12236,#12237),(#12238,#12239)),.UNSPECIFIED.,.F.,.F.,
 .F.,(4,1,4),(2,2),(0.,0.0227362255889586,0.0386715357127468),(0.,0.2),
 .UNSPECIFIED.);
#649=B_SPLINE_SURFACE_WITH_KNOTS('',3,1,((#12275,#12276),(#12277,#12278),
(#12279,#12280),(#12281,#12282),(#12283,#12284)),.UNSPECIFIED.,.F.,.F.,
 .F.,(4,1,4),(2,2),(0.,0.0228494306439829,0.0483672121229203),(0.,0.2),
 .UNSPECIFIED.);
#650=B_SPLINE_SURFACE_WITH_KNOTS('',3,1,((#12301,#12302),(#12303,#12304),
(#12305,#12306),(#12307,#12308),(#12309,#12310)),.UNSPECIFIED.,.F.,.F.,
 .F.,(4,1,4),(2,2),(0.,0.0243282229821019,0.047000069044086),(0.,0.2),
 .UNSPECIFIED.);
#651=B_SPLINE_SURFACE_WITH_KNOTS('',3,1,((#12324,#12325),(#12326,#12327),
(#12328,#12329),(#12330,#12331),(#12332,#12333)),.UNSPECIFIED.,.F.,.F.,
 .F.,(4,1,4),(2,2),(0.,0.036573647157224,0.0654589498434301),(0.,0.2),
 .UNSPECIFIED.);
#652=B_SPLINE_SURFACE_WITH_KNOTS('',3,1,((#12347,#12348),(#12349,#12350),
(#12351,#12352),(#12353,#12354),(#12355,#12356)),.UNSPECIFIED.,.F.,.F.,
 .F.,(4,1,4),(2,2),(0.,0.0295487105860977,0.0676841120597427),(0.,0.2),
 .UNSPECIFIED.);
#653=B_SPLINE_SURFACE_WITH_KNOTS('',3,1,((#12370,#12371),(#12372,#12373),
(#12374,#12375),(#12376,#12377),(#12378,#12379)),.UNSPECIFIED.,.F.,.F.,
 .F.,(4,1,4),(2,2),(0.,0.0233756826607561,0.0481483713286497),(0.,0.2),
 .UNSPECIFIED.);
#654=B_SPLINE_SURFACE_WITH_KNOTS('',3,1,((#12393,#12394),(#12395,#12396),
(#12397,#12398),(#12399,#12400),(#12401,#12402)),.UNSPECIFIED.,.F.,.F.,
 .F.,(4,1,4),(2,2),(0.,0.0240573619885692,0.046969153271006),(0.,0.2),
 .UNSPECIFIED.);
#655=B_SPLINE_SURFACE_WITH_KNOTS('',3,1,((#12416,#12417),(#12418,#12419),
(#12420,#12421),(#12422,#12423),(#12424,#12425)),.UNSPECIFIED.,.F.,.F.,
 .F.,(4,1,4),(2,2),(0.,0.036723109692676,0.0652535768482305),(0.,0.2),
 .UNSPECIFIED.);
#656=B_SPLINE_SURFACE_WITH_KNOTS('',3,1,((#12439,#12440),(#12441,#12442),
(#12443,#12444),(#12445,#12446),(#12447,#12448)),.UNSPECIFIED.,.F.,.F.,
 .F.,(4,1,4),(2,2),(0.,0.0302121179046825,0.0674511981227332),(0.,0.2),
 .UNSPECIFIED.);
#657=B_SPLINE_SURFACE_WITH_KNOTS('',3,1,((#12468,#12469),(#12470,#12471),
(#12472,#12473),(#12474,#12475),(#12476,#12477)),.UNSPECIFIED.,.F.,.F.,
 .F.,(4,1,4),(2,2),(0.,0.01597005735125,0.0312181705634528),(0.,0.2),
 .UNSPECIFIED.);
#658=B_SPLINE_SURFACE_WITH_KNOTS('',3,1,((#12491,#12492),(#12493,#12494),
(#12495,#12496),(#12497,#12498),(#12499,#12500)),.UNSPECIFIED.,.F.,.F.,
 .F.,(4,1,4),(2,2),(0.,0.0175789036282521,0.0342128919793911),(0.,0.2),
 .UNSPECIFIED.);
#659=B_SPLINE_SURFACE_WITH_KNOTS('',3,1,((#12514,#12515),(#12516,#12517),
(#12518,#12519),(#12520,#12521),(#12522,#12523)),.UNSPECIFIED.,.F.,.F.,
 .F.,(4,1,4),(2,2),(0.,0.0257215905117399,0.0505595502219851),(0.,0.2),
 .UNSPECIFIED.);
#660=B_SPLINE_SURFACE_WITH_KNOTS('',3,1,((#12537,#12538),(#12539,#12540),
(#12541,#12542),(#12543,#12544),(#12545,#12546)),.UNSPECIFIED.,.F.,.F.,
 .F.,(4,1,4),(2,2),(0.,0.0277815744835096,0.0543339574084134),(0.,0.2),
 .UNSPECIFIED.);
#661=B_SPLINE_SURFACE_WITH_KNOTS('',3,1,((#12560,#12561),(#12562,#12563),
(#12564,#12565),(#12566,#12567),(#12568,#12569)),.UNSPECIFIED.,.F.,.F.,
 .F.,(4,1,4),(2,2),(0.,0.0318343964692513,0.061589299941224),(0.,0.2),
 .UNSPECIFIED.);
#662=B_SPLINE_SURFACE_WITH_KNOTS('',3,1,((#12583,#12584),(#12585,#12586),
(#12587,#12588),(#12589,#12590),(#12591,#12592)),.UNSPECIFIED.,.F.,.F.,
 .F.,(4,1,4),(2,2),(0.,0.0285290451799665,0.05850355034362),(0.,0.2),
 .UNSPECIFIED.);
#663=B_SPLINE_SURFACE_WITH_KNOTS('',3,1,((#12606,#12607),(#12608,#12609),
(#12610,#12611),(#12612,#12613),(#12614,#12615)),.UNSPECIFIED.,.F.,.F.,
 .F.,(4,1,4),(2,2),(0.,0.025432567922984,0.0522084970674985),(0.,0.2),
 .UNSPECIFIED.);
#664=B_SPLINE_SURFACE_WITH_KNOTS('',3,1,((#12629,#12630),(#12631,#12632),
(#12633,#12634),(#12635,#12636),(#12637,#12638)),.UNSPECIFIED.,.F.,.F.,
 .F.,(4,1,4),(2,2),(0.,0.0264372921520731,0.0517500159317143),(0.,0.2),
 .UNSPECIFIED.);
#665=B_SPLINE_SURFACE_WITH_KNOTS('',3,1,((#12652,#12653),(#12654,#12655),
(#12656,#12657),(#12658,#12659),(#12660,#12661)),.UNSPECIFIED.,.F.,.F.,
 .F.,(4,1,4),(2,2),(0.,0.0176549735645057,0.0374601273517579),(0.,0.2),
 .UNSPECIFIED.);
#666=B_SPLINE_SURFACE_WITH_KNOTS('',3,1,((#12675,#12676),(#12677,#12678),
(#12679,#12680),(#12681,#12682),(#12683,#12684)),.UNSPECIFIED.,.F.,.F.,
 .F.,(4,1,4),(2,2),(0.,0.0192363684878506,0.036790475943282),(0.,0.2),
 .UNSPECIFIED.);
#667=B_SPLINE_SURFACE_WITH_KNOTS('',3,1,((#12720,#12721),(#12722,#12723),
(#12724,#12725),(#12726,#12727),(#12728,#12729)),.UNSPECIFIED.,.F.,.F.,
 .F.,(4,1,4),(2,2),(0.,0.0160785787732976,0.0375147020862079),(0.,0.2),
 .UNSPECIFIED.);
#668=B_SPLINE_SURFACE_WITH_KNOTS('',3,1,((#12746,#12747),(#12748,#12749),
(#12750,#12751),(#12752,#12753),(#12754,#12755)),.UNSPECIFIED.,.F.,.F.,
 .F.,(4,1,4),(2,2),(0.,0.0181165288458266,0.0356778890976309),(0.,0.2),
 .UNSPECIFIED.);
#669=B_SPLINE_SURFACE_WITH_KNOTS('',3,1,((#12769,#12770),(#12771,#12772),
(#12773,#12774),(#12775,#12776),(#12777,#12778)),.UNSPECIFIED.,.F.,.F.,
 .F.,(4,1,4),(2,2),(0.,0.020240139970371,0.0393166759960459),(0.,0.2),
 .UNSPECIFIED.);
#670=B_SPLINE_SURFACE_WITH_KNOTS('',3,1,((#12792,#12793),(#12794,#12795),
(#12796,#12797),(#12798,#12799),(#12800,#12801)),.UNSPECIFIED.,.F.,.F.,
 .F.,(4,1,4),(2,2),(0.,0.0155870773005885,0.0346494041911972),(0.,0.2),
 .UNSPECIFIED.);
#671=B_SPLINE_SURFACE_WITH_KNOTS('',3,1,((#12815,#12816),(#12817,#12818),
(#12819,#12820),(#12821,#12822),(#12823,#12824)),.UNSPECIFIED.,.F.,.F.,
 .F.,(4,1,4),(2,2),(0.,0.0137909600754128,0.0276501291107445),(0.,0.2),
 .UNSPECIFIED.);
#672=B_SPLINE_SURFACE_WITH_KNOTS('',3,1,((#12838,#12839),(#12840,#12841),
(#12842,#12843),(#12844,#12845),(#12846,#12847)),.UNSPECIFIED.,.F.,.F.,
 .F.,(4,1,4),(2,2),(0.,0.00915624417888567,0.0184280352200637),(0.,0.2),
 .UNSPECIFIED.);
#673=B_SPLINE_SURFACE_WITH_KNOTS('',3,1,((#12861,#12862),(#12863,#12864),
(#12865,#12866),(#12867,#12868),(#12869,#12870)),.UNSPECIFIED.,.F.,.F.,
 .F.,(4,1,4),(2,2),(0.,0.00974325983667173,0.0190370411206109),(0.,0.2),
 .UNSPECIFIED.);
#674=B_SPLINE_SURFACE_WITH_KNOTS('',3,1,((#12884,#12885),(#12886,#12887),
(#12888,#12889),(#12890,#12891),(#12892,#12893)),.UNSPECIFIED.,.F.,.F.,
 .F.,(4,1,4),(2,2),(0.,0.0196990079093554,0.0330181005084464),(0.,0.2),
 .UNSPECIFIED.);
#675=B_SPLINE_SURFACE_WITH_KNOTS('',3,1,((#12907,#12908),(#12909,#12910),
(#12911,#12912),(#12913,#12914),(#12915,#12916)),.UNSPECIFIED.,.F.,.F.,
 .F.,(4,1,4),(2,2),(0.,0.0261868003589391,0.0618509898084868),(0.,0.2),
 .UNSPECIFIED.);
#676=B_SPLINE_SURFACE_WITH_KNOTS('',3,1,((#12942,#12943),(#12944,#12945),
(#12946,#12947),(#12948,#12949),(#12950,#12951)),.UNSPECIFIED.,.F.,.F.,
 .F.,(4,1,4),(2,2),(0.,0.0137801063707021,0.0278031254389668),(0.,0.2),
 .UNSPECIFIED.);
#677=B_SPLINE_SURFACE_WITH_KNOTS('',3,1,((#12965,#12966),(#12967,#12968),
(#12969,#12970),(#12971,#12972),(#12973,#12974)),.UNSPECIFIED.,.F.,.F.,
 .F.,(4,1,4),(2,2),(0.,0.0419294400690162,0.0650443425972673),(0.,0.2),
 .UNSPECIFIED.);
#678=B_SPLINE_SURFACE_WITH_KNOTS('',3,1,((#12994,#12995),(#12996,#12997),
(#12998,#12999),(#13000,#13001),(#13002,#13003)),.UNSPECIFIED.,.F.,.F.,
 .F.,(4,1,4),(2,2),(0.,0.0132712605043424,0.0340471705030758),(0.,0.2),
 .UNSPECIFIED.);
#679=B_SPLINE_SURFACE_WITH_KNOTS('',3,1,((#13017,#13018),(#13019,#13020),
(#13021,#13022),(#13023,#13024),(#13025,#13026)),.UNSPECIFIED.,.F.,.F.,
 .F.,(4,1,4),(2,2),(0.,0.0132103456845812,0.027762910387184),(0.,0.2),
 .UNSPECIFIED.);
#680=B_SPLINE_SURFACE_WITH_KNOTS('',3,1,((#13040,#13041),(#13042,#13043),
(#13044,#13045),(#13046,#13047),(#13048,#13049)),.UNSPECIFIED.,.F.,.F.,
 .F.,(4,1,4),(2,2),(0.,0.0168054342342834,0.0306780786737162),(0.,0.2),
 .UNSPECIFIED.);
#681=B_SPLINE_SURFACE_WITH_KNOTS('',3,1,((#13063,#13064),(#13065,#13066),
(#13067,#13068),(#13069,#13070),(#13071,#13072)),.UNSPECIFIED.,.F.,.F.,
 .F.,(4,1,4),(2,2),(0.,0.0252746614631924,0.0458723189966757),(0.,0.2),
 .UNSPECIFIED.);
#682=B_SPLINE_SURFACE_WITH_KNOTS('',3,1,((#13086,#13087),(#13088,#13089),
(#13090,#13091),(#13092,#13093),(#13094,#13095)),.UNSPECIFIED.,.F.,.F.,
 .F.,(4,1,4),(2,2),(0.,0.0236807354089817,0.0500976519562805),(0.,0.2),
 .UNSPECIFIED.);
#683=B_SPLINE_SURFACE_WITH_KNOTS('',3,1,((#13109,#13110),(#13111,#13112),
(#13113,#13114),(#13115,#13116),(#13117,#13118)),.UNSPECIFIED.,.F.,.F.,
 .F.,(4,1,4),(2,2),(0.,0.018648911463724,0.0396063300232658),(0.,0.2),
 .UNSPECIFIED.);
#684=B_SPLINE_SURFACE_WITH_KNOTS('',3,1,((#13132,#13133),(#13134,#13135),
(#13136,#13137),(#13138,#13139),(#13140,#13141)),.UNSPECIFIED.,.F.,.F.,
 .F.,(4,1,4),(2,2),(0.,0.0218854206963163,0.040964764428304),(0.,0.2),
 .UNSPECIFIED.);
#685=B_SPLINE_SURFACE_WITH_KNOTS('',3,1,((#13161,#13162),(#13163,#13164),
(#13165,#13166),(#13167,#13168),(#13169,#13170)),.UNSPECIFIED.,.F.,.F.,
 .F.,(4,1,4),(2,2),(0.,0.016583346029991,0.0376042607727115),(0.,0.2),
 .UNSPECIFIED.);
#686=B_SPLINE_SURFACE_WITH_KNOTS('',3,1,((#13184,#13185),(#13186,#13187),
(#13188,#13189),(#13190,#13191),(#13192,#13193)),.UNSPECIFIED.,.F.,.F.,
 .F.,(4,1,4),(2,2),(0.,0.0227012655142505,0.0398984735548026),(0.,0.2),
 .UNSPECIFIED.);
#687=B_SPLINE_SURFACE_WITH_KNOTS('',3,1,((#13207,#13208),(#13209,#13210),
(#13211,#13212),(#13213,#13214),(#13215,#13216)),.UNSPECIFIED.,.F.,.F.,
 .F.,(4,1,4),(2,2),(0.,0.0198891375444365,0.0444909676855025),(0.,0.2),
 .UNSPECIFIED.);
#688=B_SPLINE_SURFACE_WITH_KNOTS('',3,1,((#13230,#13231),(#13232,#13233),
(#13234,#13235),(#13236,#13237),(#13238,#13239)),.UNSPECIFIED.,.F.,.F.,
 .F.,(4,1,4),(2,2),(0.,0.0193614640425064,0.0341389353644452),(0.,0.2),
 .UNSPECIFIED.);
#689=B_SPLINE_SURFACE_WITH_KNOTS('',3,1,((#13253,#13254),(#13255,#13256),
(#13257,#13258),(#13259,#13260),(#13261,#13262)),.UNSPECIFIED.,.F.,.F.,
 .F.,(4,1,4),(2,2),(0.,0.00619221878138783,0.00962028279921753),(0.,0.2),
 .UNSPECIFIED.);
#690=B_SPLINE_SURFACE_WITH_KNOTS('',3,1,((#13276,#13277),(#13278,#13279),
(#13280,#13281),(#13282,#13283),(#13284,#13285)),.UNSPECIFIED.,.F.,.F.,
 .F.,(4,1,4),(2,2),(0.,0.0391644471532374,0.0669836782611183),(0.,0.2),
 .UNSPECIFIED.);
#691=B_SPLINE_SURFACE_WITH_KNOTS('',3,1,((#13299,#13300),(#13301,#13302),
(#13303,#13304),(#13305,#13306),(#13307,#13308)),.UNSPECIFIED.,.F.,.F.,
 .F.,(4,1,4),(2,2),(0.,0.0138963049349133,0.0332210433096214),(0.,0.2),
 .UNSPECIFIED.);
#692=B_SPLINE_SURFACE_WITH_KNOTS('',3,1,((#13322,#13323),(#13324,#13325),
(#13326,#13327),(#13328,#13329),(#13330,#13331)),.UNSPECIFIED.,.F.,.F.,
 .F.,(4,1,4),(2,2),(0.,0.0143382105897979,0.0292189726993326),(0.,0.2),
 .UNSPECIFIED.);
#693=B_SPLINE_SURFACE_WITH_KNOTS('',3,1,((#13345,#13346),(#13347,#13348),
(#13349,#13350),(#13351,#13352),(#13353,#13354)),.UNSPECIFIED.,.F.,.F.,
 .F.,(4,1,4),(2,2),(0.,0.0145561358041569,0.0286789028307024),(0.,0.2),
 .UNSPECIFIED.);
#694=B_SPLINE_SURFACE_WITH_KNOTS('',3,1,((#13368,#13369),(#13370,#13371),
(#13372,#13373),(#13374,#13375),(#13376,#13377)),.UNSPECIFIED.,.F.,.F.,
 .F.,(4,1,4),(2,2),(0.,0.0153787572105388,0.0302989560727614),(0.,0.2),
 .UNSPECIFIED.);
#695=B_SPLINE_SURFACE_WITH_KNOTS('',3,1,((#13391,#13392),(#13393,#13394),
(#13395,#13396),(#13397,#13398),(#13399,#13400)),.UNSPECIFIED.,.F.,.F.,
 .F.,(4,1,4),(2,2),(0.,0.024601156937691,0.0498501665115245),(0.,0.2),
 .UNSPECIFIED.);
#696=B_SPLINE_SURFACE_WITH_KNOTS('',3,1,((#13414,#13415),(#13416,#13417),
(#13418,#13419),(#13420,#13421),(#13422,#13423)),.UNSPECIFIED.,.F.,.F.,
 .F.,(4,1,4),(2,2),(0.,0.0319686107483122,0.0587793099161843),(0.,0.2),
 .UNSPECIFIED.);
#697=B_SPLINE_SURFACE_WITH_KNOTS('',3,1,((#13437,#13438),(#13439,#13440),
(#13441,#13442),(#13443,#13444),(#13445,#13446)),.UNSPECIFIED.,.F.,.F.,
 .F.,(4,1,4),(2,2),(0.,0.0203417985711583,0.0414188571374854),(0.,0.2),
 .UNSPECIFIED.);
#698=B_SPLINE_SURFACE_WITH_KNOTS('',3,1,((#13460,#13461),(#13462,#13463),
(#13464,#13465),(#13466,#13467),(#13468,#13469)),.UNSPECIFIED.,.F.,.F.,
 .F.,(4,1,4),(2,2),(0.,0.0249664824710618,0.0465875655575503),(0.,0.2),
 .UNSPECIFIED.);
#699=B_SPLINE_SURFACE_WITH_KNOTS('',3,1,((#13483,#13484),(#13485,#13486),
(#13487,#13488),(#13489,#13490),(#13491,#13492)),.UNSPECIFIED.,.F.,.F.,
 .F.,(4,1,4),(2,2),(0.,0.0132930127327617,0.0279129207791806),(0.,0.2),
 .UNSPECIFIED.);
#700=B_SPLINE_SURFACE_WITH_KNOTS('',3,1,((#13504,#13505),(#13506,#13507),
(#13508,#13509),(#13510,#13511),(#13512,#13513)),.UNSPECIFIED.,.F.,.F.,
 .F.,(4,1,4),(2,2),(0.,0.0257956576584471,0.0515493304668228),(0.,0.2),
 .UNSPECIFIED.);
#701=B_SPLINE_SURFACE_WITH_KNOTS('',3,1,((#13530,#13531),(#13532,#13533),
(#13534,#13535),(#13536,#13537),(#13538,#13539)),.UNSPECIFIED.,.F.,.F.,
 .F.,(4,1,4),(2,2),(0.,0.0257798047014254,0.0513050821652362),(0.,0.2),
 .UNSPECIFIED.);
#702=B_SPLINE_SURFACE_WITH_KNOTS('',3,1,((#13553,#13554),(#13555,#13556),
(#13557,#13558),(#13559,#13560),(#13561,#13562)),.UNSPECIFIED.,.F.,.F.,
 .F.,(4,1,4),(2,2),(0.,0.0357226821079863,0.0648250819246189),(0.,0.2),
 .UNSPECIFIED.);
#703=B_SPLINE_SURFACE_WITH_KNOTS('',3,1,((#13576,#13577),(#13578,#13579),
(#13580,#13581),(#13582,#13583),(#13584,#13585)),.UNSPECIFIED.,.F.,.F.,
 .F.,(4,1,4),(2,2),(0.,0.029677555780094,0.067249822174434),(0.,0.2),
 .UNSPECIFIED.);
#704=B_SPLINE_SURFACE_WITH_KNOTS('',3,1,((#13599,#13600),(#13601,#13602),
(#13603,#13604),(#13605,#13606),(#13607,#13608)),.UNSPECIFIED.,.F.,.F.,
 .F.,(4,1,4),(2,2),(0.,0.0256558389151968,0.0514616049406046),(0.,0.2),
 .UNSPECIFIED.);
#705=B_SPLINE_SURFACE_WITH_KNOTS('',3,1,((#13622,#13623),(#13624,#13625),
(#13626,#13627),(#13628,#13629),(#13630,#13631)),.UNSPECIFIED.,.F.,.F.,
 .F.,(4,1,4),(2,2),(0.,0.0258001446724688,0.051600702957435),(0.,0.2),
 .UNSPECIFIED.);
#706=B_SPLINE_SURFACE_WITH_KNOTS('',3,1,((#13645,#13646),(#13647,#13648),
(#13649,#13650),(#13651,#13652),(#13653,#13654)),.UNSPECIFIED.,.F.,.F.,
 .F.,(4,1,4),(2,2),(0.,0.0367852563580282,0.0661681033980188),(0.,0.2),
 .UNSPECIFIED.);
#707=B_SPLINE_SURFACE_WITH_KNOTS('',3,1,((#13668,#13669),(#13670,#13671),
(#13672,#13673),(#13674,#13675),(#13676,#13677)),.UNSPECIFIED.,.F.,.F.,
 .F.,(4,1,4),(2,2),(0.,0.0293149114171549,0.0660748237393958),(0.,0.2),
 .UNSPECIFIED.);
#708=B_SPLINE_SURFACE_WITH_KNOTS('',3,1,((#13688,#13689),(#13690,#13691),
(#13692,#13693),(#13694,#13695),(#13696,#13697)),.UNSPECIFIED.,.F.,.F.,
 .F.,(4,1,4),(2,2),(0.,0.0419038035238163,0.0811303220376975),(0.,0.2),
 .UNSPECIFIED.);
#709=B_SPLINE_SURFACE_WITH_KNOTS('',3,1,((#13714,#13715),(#13716,#13717),
(#13718,#13719),(#13720,#13721),(#13722,#13723)),.UNSPECIFIED.,.F.,.F.,
 .F.,(4,1,4),(2,2),(0.,0.0270515301740284,0.0545979267299531),(0.,0.2),
 .UNSPECIFIED.);
#710=B_SPLINE_SURFACE_WITH_KNOTS('',3,1,((#13737,#13738),(#13739,#13740),
(#13741,#13742),(#13743,#13744),(#13745,#13746)),.UNSPECIFIED.,.F.,.F.,
 .F.,(4,1,4),(2,2),(0.,0.0263613920970336,0.0528980603542535),(0.,0.2),
 .UNSPECIFIED.);
#711=B_SPLINE_SURFACE_WITH_KNOTS('',3,1,((#13760,#13761),(#13762,#13763),
(#13764,#13765),(#13766,#13767),(#13768,#13769)),.UNSPECIFIED.,.F.,.F.,
 .F.,(4,1,4),(2,2),(0.,0.0376062803728909,0.0676489962614889),(0.,0.2),
 .UNSPECIFIED.);
#712=B_SPLINE_SURFACE_WITH_KNOTS('',3,1,((#13783,#13784),(#13785,#13786),
(#13787,#13788),(#13789,#13790),(#13791,#13792)),.UNSPECIFIED.,.F.,.F.,
 .F.,(4,1,4),(2,2),(0.,0.0409616725456609,0.0876776415831743),(0.,0.2),
 .UNSPECIFIED.);
#713=B_SPLINE_SURFACE_WITH_KNOTS('',3,1,((#13806,#13807),(#13808,#13809),
(#13810,#13811),(#13812,#13813),(#13814,#13815)),.UNSPECIFIED.,.F.,.F.,
 .F.,(4,1,4),(2,2),(0.,0.0413795340190762,0.0806701562465827),(0.,0.2),
 .UNSPECIFIED.);
#714=B_SPLINE_SURFACE_WITH_KNOTS('',3,1,((#13829,#13830),(#13831,#13832),
(#13833,#13834),(#13835,#13836),(#13837,#13838)),.UNSPECIFIED.,.F.,.F.,
 .F.,(4,1,4),(2,2),(0.,0.0359932537147115,0.0737234135126507),(0.,0.2),
 .UNSPECIFIED.);
#715=B_SPLINE_SURFACE_WITH_KNOTS('',3,1,((#13852,#13853),(#13854,#13855),
(#13856,#13857),(#13858,#13859),(#13860,#13861)),.UNSPECIFIED.,.F.,.F.,
 .F.,(4,1,4),(2,2),(0.,0.053206582167052,0.0978625269601354),(0.,0.2),
 .UNSPECIFIED.);
#716=B_SPLINE_SURFACE_WITH_KNOTS('',3,1,((#13875,#13876),(#13877,#13878),
(#13879,#13880),(#13881,#13882),(#13883,#13884)),.UNSPECIFIED.,.F.,.F.,
 .F.,(4,1,4),(2,2),(0.,0.0414790882704501,0.090587128164891),(0.,0.2),
 .UNSPECIFIED.);
#717=B_SPLINE_SURFACE_WITH_KNOTS('',3,1,((#14026,#14027),(#14028,#14029),
(#14030,#14031),(#14032,#14033),(#14034,#14035)),.UNSPECIFIED.,.F.,.F.,
 .F.,(4,1,4),(2,2),(0.,0.0212425827751786,0.0506707737745898),(0.,0.2),
 .UNSPECIFIED.);
#718=B_SPLINE_SURFACE_WITH_KNOTS('',3,1,((#14049,#14050),(#14051,#14052),
(#14053,#14054),(#14055,#14056),(#14057,#14058)),.UNSPECIFIED.,.F.,.F.,
 .F.,(4,1,4),(2,2),(0.,0.0272928381776876,0.0466604494695166),(0.,0.2),
 .UNSPECIFIED.);
#719=B_SPLINE_SURFACE_WITH_KNOTS('',3,1,((#14094,#14095),(#14096,#14097),
(#14098,#14099),(#14100,#14101),(#14102,#14103)),.UNSPECIFIED.,.F.,.F.,
 .F.,(4,1,4),(2,2),(0.,0.023086770169517,0.0469250274953972),(0.,0.2),
 .UNSPECIFIED.);
#720=B_SPLINE_SURFACE_WITH_KNOTS('',3,1,((#14120,#14121),(#14122,#14123),
(#14124,#14125),(#14126,#14127),(#14128,#14129)),.UNSPECIFIED.,.F.,.F.,
 .F.,(4,1,4),(2,2),(0.,0.0247614994153072,0.0485171987372488),(0.,0.2),
 .UNSPECIFIED.);
#721=B_SPLINE_SURFACE_WITH_KNOTS('',3,1,((#14143,#14144),(#14145,#14146),
(#14147,#14148),(#14149,#14150),(#14151,#14152)),.UNSPECIFIED.,.F.,.F.,
 .F.,(4,1,4),(2,2),(0.,0.0389146748930212,0.0686612740486342),(0.,0.2),
 .UNSPECIFIED.);
#722=B_SPLINE_SURFACE_WITH_KNOTS('',3,1,((#14166,#14167),(#14168,#14169),
(#14170,#14171),(#14172,#14173),(#14174,#14175)),.UNSPECIFIED.,.F.,.F.,
 .F.,(4,1,4),(2,2),(0.,0.0279704080800603,0.0635473671510107),(0.,0.2),
 .UNSPECIFIED.);
#723=B_SPLINE_SURFACE_WITH_KNOTS('',3,1,((#14189,#14190),(#14191,#14192),
(#14193,#14194),(#14195,#14196),(#14197,#14198)),.UNSPECIFIED.,.F.,.F.,
 .F.,(4,1,4),(2,2),(0.,0.0228704502343504,0.0467241161243286),(0.,0.2),
 .UNSPECIFIED.);
#724=B_SPLINE_SURFACE_WITH_KNOTS('',3,1,((#14212,#14213),(#14214,#14215),
(#14216,#14217),(#14218,#14219),(#14220,#14221)),.UNSPECIFIED.,.F.,.F.,
 .F.,(4,1,4),(2,2),(0.,0.0246649457096415,0.0476108112307807),(0.,0.2),
 .UNSPECIFIED.);
#725=B_SPLINE_SURFACE_WITH_KNOTS('',3,1,((#14235,#14236),(#14237,#14238),
(#14239,#14240),(#14241,#14242),(#14243,#14244)),.UNSPECIFIED.,.F.,.F.,
 .F.,(4,1,4),(2,2),(0.,0.0367411799975707,0.0658444052941088),(0.,0.2),
 .UNSPECIFIED.);
#726=B_SPLINE_SURFACE_WITH_KNOTS('',3,1,((#14258,#14259),(#14260,#14261),
(#14262,#14263),(#14264,#14265),(#14266,#14267)),.UNSPECIFIED.,.F.,.F.,
 .F.,(4,1,4),(2,2),(0.,0.0286378531978397,0.0662616402520489),(0.,0.2),
 .UNSPECIFIED.);
#727=B_SPLINE_SURFACE_WITH_KNOTS('',3,1,((#14299,#14300),(#14301,#14302),
(#14303,#14304),(#14305,#14306),(#14307,#14308)),.UNSPECIFIED.,.F.,.F.,
 .F.,(4,1,4),(2,2),(0.,0.0168723984097842,0.033220611202007),(0.,0.2),
 .UNSPECIFIED.);
#728=B_SPLINE_SURFACE_WITH_KNOTS('',3,1,((#14322,#14323),(#14324,#14325),
(#14326,#14327),(#14328,#14329),(#14330,#14331)),.UNSPECIFIED.,.F.,.F.,
 .F.,(4,1,4),(2,2),(0.,0.018686127233509,0.0362454103568826),(0.,0.2),
 .UNSPECIFIED.);
#729=B_SPLINE_SURFACE_WITH_KNOTS('',3,1,((#14345,#14346),(#14347,#14348),
(#14349,#14350),(#14351,#14352),(#14353,#14354)),.UNSPECIFIED.,.F.,.F.,
 .F.,(4,1,4),(2,2),(0.,0.0252942891423392,0.0510658613461538),(0.,0.2),
 .UNSPECIFIED.);
#730=B_SPLINE_SURFACE_WITH_KNOTS('',3,1,((#14368,#14369),(#14370,#14371),
(#14372,#14373),(#14374,#14375),(#14376,#14377)),.UNSPECIFIED.,.F.,.F.,
 .F.,(4,1,4),(2,2),(0.,0.0270484014205804,0.0526728781235558),(0.,0.2),
 .UNSPECIFIED.);
#731=B_SPLINE_SURFACE_WITH_KNOTS('',3,1,((#14391,#14392),(#14393,#14394),
(#14395,#14396),(#14397,#14398),(#14399,#14400)),.UNSPECIFIED.,.F.,.F.,
 .F.,(4,1,4),(2,2),(0.,0.0311465692726121,0.0603137212152745),(0.,0.2),
 .UNSPECIFIED.);
#732=B_SPLINE_SURFACE_WITH_KNOTS('',3,1,((#14414,#14415),(#14416,#14417),
(#14418,#14419),(#14420,#14421),(#14422,#14423)),.UNSPECIFIED.,.F.,.F.,
 .F.,(4,1,4),(2,2),(0.,0.0290242155254014,0.0606039310823309),(0.,0.2),
 .UNSPECIFIED.);
#733=B_SPLINE_SURFACE_WITH_KNOTS('',3,1,((#14437,#14438),(#14439,#14440),
(#14441,#14442),(#14443,#14444),(#14445,#14446)),.UNSPECIFIED.,.F.,.F.,
 .F.,(4,1,4),(2,2),(0.,0.0258568597260034,0.0528741796321256),(0.,0.2),
 .UNSPECIFIED.);
#734=B_SPLINE_SURFACE_WITH_KNOTS('',3,1,((#14460,#14461),(#14462,#14463),
(#14464,#14465),(#14466,#14467),(#14468,#14469)),.UNSPECIFIED.,.F.,.F.,
 .F.,(4,1,4),(2,2),(0.,0.025195814026214,0.0504390459750841),(0.,0.2),
 .UNSPECIFIED.);
#735=B_SPLINE_SURFACE_WITH_KNOTS('',3,1,((#14483,#14484),(#14485,#14486),
(#14487,#14488),(#14489,#14490),(#14491,#14492)),.UNSPECIFIED.,.F.,.F.,
 .F.,(4,1,4),(2,2),(0.,0.0352100471662698,0.0713742139539751),(0.,0.2),
 .UNSPECIFIED.);
#736=B_SPLINE_SURFACE_WITH_KNOTS('',3,1,((#14516,#14517),(#14518,#14519),
(#14520,#14521),(#14522,#14523),(#14524,#14525)),.UNSPECIFIED.,.F.,.F.,
 .F.,(4,1,4),(2,2),(0.,0.023086770169517,0.0469251199801287),(0.,0.2),
 .UNSPECIFIED.);
#737=B_SPLINE_SURFACE_WITH_KNOTS('',3,1,((#14542,#14543),(#14544,#14545),
(#14546,#14547),(#14548,#14549),(#14550,#14551)),.UNSPECIFIED.,.F.,.F.,
 .F.,(4,1,4),(2,2),(0.,0.0247614994153072,0.0485169661419846),(0.,0.2),
 .UNSPECIFIED.);
#738=B_SPLINE_SURFACE_WITH_KNOTS('',3,1,((#14565,#14566),(#14567,#14568),
(#14569,#14570),(#14571,#14572),(#14573,#14574)),.UNSPECIFIED.,.F.,.F.,
 .F.,(4,1,4),(2,2),(0.,0.0389146880572044,0.0686612872128174),(0.,0.2),
 .UNSPECIFIED.);
#739=B_SPLINE_SURFACE_WITH_KNOTS('',3,1,((#14588,#14589),(#14590,#14591),
(#14592,#14593),(#14594,#14595),(#14596,#14597)),.UNSPECIFIED.,.F.,.F.,
 .F.,(4,1,4),(2,2),(0.,0.0279704080800603,0.0635473671510107),(0.,0.2),
 .UNSPECIFIED.);
#740=B_SPLINE_SURFACE_WITH_KNOTS('',3,1,((#14611,#14612),(#14613,#14614),
(#14615,#14616),(#14617,#14618),(#14619,#14620)),.UNSPECIFIED.,.F.,.F.,
 .F.,(4,1,4),(2,2),(0.,0.022870333835651,0.0467240931729248),(0.,0.2),
 .UNSPECIFIED.);
#741=B_SPLINE_SURFACE_WITH_KNOTS('',3,1,((#14634,#14635),(#14636,#14637),
(#14638,#14639),(#14640,#14641),(#14642,#14643)),.UNSPECIFIED.,.F.,.F.,
 .F.,(4,1,4),(2,2),(0.,0.0246648529855246,0.0476109508016201),(0.,0.2),
 .UNSPECIFIED.);
#742=B_SPLINE_SURFACE_WITH_KNOTS('',3,1,((#14657,#14658),(#14659,#14660),
(#14661,#14662),(#14663,#14664),(#14665,#14666)),.UNSPECIFIED.,.F.,.F.,
 .F.,(4,1,4),(2,2),(0.,0.0367411799975707,0.0658442971637299),(0.,0.2),
 .UNSPECIFIED.);
#743=B_SPLINE_SURFACE_WITH_KNOTS('',3,1,((#14680,#14681),(#14682,#14683),
(#14684,#14685),(#14686,#14687),(#14688,#14689)),.UNSPECIFIED.,.F.,.F.,
 .F.,(4,1,4),(2,2),(0.,0.0286378531978397,0.0662616272031342),(0.,0.2),
 .UNSPECIFIED.);
#744=B_SPLINE_SURFACE_WITH_KNOTS('',3,1,((#14721,#14722),(#14723,#14724),
(#14725,#14726),(#14727,#14728),(#14729,#14730)),.UNSPECIFIED.,.F.,.F.,
 .F.,(4,1,4),(2,2),(0.,0.0168723000918581,0.0332206740389573),(0.,0.2),
 .UNSPECIFIED.);
#745=B_SPLINE_SURFACE_WITH_KNOTS('',3,1,((#14744,#14745),(#14746,#14747),
(#14748,#14749),(#14750,#14751),(#14752,#14753)),.UNSPECIFIED.,.F.,.F.,
 .F.,(4,1,4),(2,2),(0.,0.018686127233509,0.0362454103568826),(0.,0.2),
 .UNSPECIFIED.);
#746=B_SPLINE_SURFACE_WITH_KNOTS('',3,1,((#14767,#14768),(#14769,#14770),
(#14771,#14772),(#14773,#14774),(#14775,#14776)),.UNSPECIFIED.,.F.,.F.,
 .F.,(4,1,4),(2,2),(0.,0.0252942891423392,0.0510658613461538),(0.,0.2),
 .UNSPECIFIED.);
#747=B_SPLINE_SURFACE_WITH_KNOTS('',3,1,((#14790,#14791),(#14792,#14793),
(#14794,#14795),(#14796,#14797),(#14798,#14799)),.UNSPECIFIED.,.F.,.F.,
 .F.,(4,1,4),(2,2),(0.,0.0270484611708391,0.0526729378738146),(0.,0.2),
 .UNSPECIFIED.);
#748=B_SPLINE_SURFACE_WITH_KNOTS('',3,1,((#14813,#14814),(#14815,#14816),
(#14817,#14818),(#14819,#14820),(#14821,#14822)),.UNSPECIFIED.,.F.,.F.,
 .F.,(4,1,4),(2,2),(0.,0.0311465588948063,0.0603137108374686),(0.,0.2),
 .UNSPECIFIED.);
#749=B_SPLINE_SURFACE_WITH_KNOTS('',3,1,((#14836,#14837),(#14838,#14839),
(#14840,#14841),(#14842,#14843),(#14844,#14845)),.UNSPECIFIED.,.F.,.F.,
 .F.,(4,1,4),(2,2),(0.,0.0290242524018902,0.0606039679588198),(0.,0.2),
 .UNSPECIFIED.);
#750=B_SPLINE_SURFACE_WITH_KNOTS('',3,1,((#14859,#14860),(#14861,#14862),
(#14863,#14864),(#14865,#14866),(#14867,#14868)),.UNSPECIFIED.,.F.,.F.,
 .F.,(4,1,4),(2,2),(0.,0.0258568597260034,0.0528740523179191),(0.,0.2),
 .UNSPECIFIED.);
#751=B_SPLINE_SURFACE_WITH_KNOTS('',3,1,((#14882,#14883),(#14884,#14885),
(#14886,#14887),(#14888,#14889),(#14890,#14891)),.UNSPECIFIED.,.F.,.F.,
 .F.,(4,1,4),(2,2),(0.,0.0251960500242747,0.0504392819731448),(0.,0.2),
 .UNSPECIFIED.);
#752=B_SPLINE_SURFACE_WITH_KNOTS('',3,1,((#14905,#14906),(#14907,#14908),
(#14909,#14910),(#14911,#14912),(#14913,#14914)),.UNSPECIFIED.,.F.,.F.,
 .F.,(4,1,4),(2,2),(0.,0.0352102200278875,0.0713741544289119),(0.,0.2),
 .UNSPECIFIED.);
#753=B_SPLINE_SURFACE_WITH_KNOTS('',3,1,((#14938,#14939),(#14940,#14941),
(#14942,#14943),(#14944,#14945),(#14946,#14947)),.UNSPECIFIED.,.F.,.F.,
 .F.,(4,1,4),(2,2),(0.,0.0201770743774284,0.0393045711858784),(0.,0.2),
 .UNSPECIFIED.);
#754=B_SPLINE_SURFACE_WITH_KNOTS('',3,1,((#14964,#14965),(#14966,#14967),
(#14968,#14969),(#14970,#14971),(#14972,#14973)),.UNSPECIFIED.,.F.,.F.,
 .F.,(4,1,4),(2,2),(0.,0.0244050497920468,0.0493578439292787),(0.,0.2),
 .UNSPECIFIED.);
#755=B_SPLINE_SURFACE_WITH_KNOTS('',3,1,((#14987,#14988),(#14989,#14990),
(#14991,#14992),(#14993,#14994),(#14995,#14996)),.UNSPECIFIED.,.F.,.F.,
 .F.,(4,1,4),(2,2),(0.,0.0380389916372503,0.0667768801798452),(0.,0.2),
 .UNSPECIFIED.);
#756=B_SPLINE_SURFACE_WITH_KNOTS('',3,1,((#15010,#15011),(#15012,#15013),
(#15014,#15015),(#15016,#15017),(#15018,#15019)),.UNSPECIFIED.,.F.,.F.,
 .F.,(4,1,4),(2,2),(0.,0.0288740235160458,0.0664982680384872),(0.,0.2),
 .UNSPECIFIED.);
#757=B_SPLINE_SURFACE_WITH_KNOTS('',3,1,((#15033,#15034),(#15035,#15036),
(#15037,#15038),(#15039,#15040),(#15041,#15042)),.UNSPECIFIED.,.F.,.F.,
 .F.,(4,1,4),(2,2),(0.,0.0257101566520115,0.0506914417863046),(0.,0.2),
 .UNSPECIFIED.);
#758=B_SPLINE_SURFACE_WITH_KNOTS('',3,1,((#15056,#15057),(#15058,#15059),
(#15060,#15061),(#15062,#15063),(#15064,#15065)),.UNSPECIFIED.,.F.,.F.,
 .F.,(4,1,4),(2,2),(0.,0.0165716437657271,0.033855569478964),(0.,0.2),
 .UNSPECIFIED.);
#759=B_SPLINE_SURFACE_WITH_KNOTS('',3,1,((#15079,#15080),(#15081,#15082),
(#15083,#15084),(#15085,#15086),(#15087,#15088)),.UNSPECIFIED.,.F.,.F.,
 .F.,(4,1,4),(2,2),(0.,0.0204515023101603,0.0380850071283673),(0.,0.2),
 .UNSPECIFIED.);
#760=B_SPLINE_SURFACE_WITH_KNOTS('',3,1,((#15108,#15109),(#15110,#15111),
(#15112,#15113),(#15114,#15115),(#15116,#15117)),.UNSPECIFIED.,.F.,.F.,
 .F.,(4,1,4),(2,2),(0.,0.0284694989511189,0.0594487004384514),(0.,0.2),
 .UNSPECIFIED.);
#761=B_SPLINE_SURFACE_WITH_KNOTS('',3,1,((#15131,#15132),(#15133,#15134),
(#15135,#15136),(#15137,#15138),(#15139,#15140)),.UNSPECIFIED.,.F.,.F.,
 .F.,(4,1,4),(2,2),(0.,0.0324892249269716,0.0615159573572422),(0.,0.2),
 .UNSPECIFIED.);
#762=B_SPLINE_SURFACE_WITH_KNOTS('',3,1,((#15154,#15155),(#15156,#15157),
(#15158,#15159),(#15160,#15161),(#15162,#15163)),.UNSPECIFIED.,.F.,.F.,
 .F.,(4,1,4),(2,2),(0.,0.0267856028585348,0.0539733143257065),(0.,0.2),
 .UNSPECIFIED.);
#763=B_SPLINE_SURFACE_WITH_KNOTS('',3,1,((#15177,#15178),(#15179,#15180),
(#15181,#15182),(#15183,#15184),(#15185,#15186)),.UNSPECIFIED.,.F.,.F.,
 .F.,(4,1,4),(2,2),(0.,0.0273839695989237,0.0539302400647866),(0.,0.2),
 .UNSPECIFIED.);
#764=B_SPLINE_SURFACE_WITH_KNOTS('',3,1,((#15200,#15201),(#15202,#15203),
(#15204,#15205),(#15206,#15207),(#15208,#15209)),.UNSPECIFIED.,.F.,.F.,
 .F.,(4,1,4),(2,2),(0.,0.0331265511306415,0.0630329320596255),(0.,0.2),
 .UNSPECIFIED.);
#765=B_SPLINE_SURFACE_WITH_KNOTS('',3,1,((#15223,#15224),(#15225,#15226),
(#15227,#15228),(#15229,#15230),(#15231,#15232)),.UNSPECIFIED.,.F.,.F.,
 .F.,(4,1,4),(2,2),(0.,0.0408940908098709,0.0894848452577629),(0.,0.2),
 .UNSPECIFIED.);
#766=B_SPLINE_SURFACE_WITH_KNOTS('',3,1,((#15246,#15247),(#15248,#15249),
(#15250,#15251),(#15252,#15253),(#15254,#15255)),.UNSPECIFIED.,.F.,.F.,
 .F.,(4,1,4),(2,2),(0.,0.0408921678471758,0.0792310280926891),(0.,0.2),
 .UNSPECIFIED.);
#767=B_SPLINE_SURFACE_WITH_KNOTS('',3,1,((#15269,#15270),(#15271,#15272),
(#15273,#15274),(#15275,#15276),(#15277,#15278)),.UNSPECIFIED.,.F.,.F.,
 .F.,(4,1,4),(2,2),(0.,0.0315355153895789,0.0647788334378462),(0.,0.2),
 .UNSPECIFIED.);
#768=B_SPLINE_SURFACE_WITH_KNOTS('',3,1,((#15292,#15293),(#15294,#15295),
(#15296,#15297),(#15298,#15299),(#15300,#15301)),.UNSPECIFIED.,.F.,.F.,
 .F.,(4,1,4),(2,2),(0.,0.0350134471124664,0.067113777374383),(0.,0.2),
 .UNSPECIFIED.);
#769=B_SPLINE_SURFACE_WITH_KNOTS('',3,1,((#15321,#15322),(#15323,#15324),
(#15325,#15326),(#15327,#15328),(#15329,#15330)),.UNSPECIFIED.,.F.,.F.,
 .F.,(4,1,4),(2,2),(0.,0.0206372870854261,0.0455580536721967),(0.,0.2),
 .UNSPECIFIED.);
#770=B_SPLINE_SURFACE_WITH_KNOTS('',3,1,((#15424,#15425),(#15426,#15427),
(#15428,#15429),(#15430,#15431),(#15432,#15433)),.UNSPECIFIED.,.F.,.F.,
 .F.,(4,1,4),(2,2),(0.,0.0212425919622945,0.0506707448292913),(0.,0.2),
 .UNSPECIFIED.);
#771=B_SPLINE_SURFACE_WITH_KNOTS('',3,1,((#15447,#15448),(#15449,#15450),
(#15451,#15452),(#15453,#15454),(#15455,#15456)),.UNSPECIFIED.,.F.,.F.,
 .F.,(4,1,4),(2,2),(0.,0.027292847451026,0.0466604587428549),(0.,0.2),
 .UNSPECIFIED.);
#772=SHAPE_REPRESENTATION_RELATIONSHIP('SRR','None',#15669,#774);
#773=SHAPE_REPRESENTATION_RELATIONSHIP('SRR','None',#15670,#775);
#774=ADVANCED_BREP_SHAPE_REPRESENTATION('',(#778),#15653);
#775=ADVANCED_BREP_SHAPE_REPRESENTATION('',(#779),#15654);
#776=STYLED_ITEM('',(#15687),#778);
#777=STYLED_ITEM('',(#15687),#779);
#778=MANIFOLD_SOLID_BREP('K\X\F6rper1',#7787);
#779=MANIFOLD_SOLID_BREP('K\X\F6rper1',#7788);
#780=CYLINDRICAL_SURFACE('',#7826,3.00000000000001);
#781=CYLINDRICAL_SURFACE('',#7829,3.);
#782=CYLINDRICAL_SURFACE('',#7832,3.00000000000001);
#783=CYLINDRICAL_SURFACE('',#7835,3.);
#784=CYLINDRICAL_SURFACE('',#7847,1.7);
#785=CYLINDRICAL_SURFACE('',#7848,1.7);
#786=CYLINDRICAL_SURFACE('',#7849,1.7);
#787=CYLINDRICAL_SURFACE('',#7851,1.7);
#788=CYLINDRICAL_SURFACE('',#8000,3.);
#789=CYLINDRICAL_SURFACE('',#8002,3.);
#790=CYLINDRICAL_SURFACE('',#8003,3.);
#791=CYLINDRICAL_SURFACE('',#8005,3.);
#792=CYLINDRICAL_SURFACE('',#8006,3.);
#793=CYLINDRICAL_SURFACE('',#8007,3.00000000000001);
#794=CYLINDRICAL_SURFACE('',#8008,3.);
#795=CYLINDRICAL_SURFACE('',#8009,3.00000000000001);
#796=FACE_BOUND('',#1298,.T.);
#797=FACE_BOUND('',#1299,.T.);
#798=FACE_BOUND('',#1300,.T.);
#799=FACE_BOUND('',#1301,.T.);
#800=FACE_BOUND('',#1311,.T.);
#801=FACE_BOUND('',#1312,.T.);
#802=FACE_BOUND('',#1313,.T.);
#803=FACE_BOUND('',#1314,.T.);
#804=FACE_BOUND('',#1316,.T.);
#805=FACE_BOUND('',#1318,.T.);
#806=FACE_BOUND('',#1320,.T.);
#807=FACE_BOUND('',#1331,.T.);
#808=FACE_BOUND('',#1369,.T.);
#809=FACE_BOUND('',#1408,.T.);
#810=FACE_BOUND('',#1481,.T.);
#811=FACE_BOUND('',#1520,.T.);
#812=FACE_BOUND('',#1559,.T.);
#813=FACE_BOUND('',#1578,.T.);
#814=FACE_BOUND('',#1631,.T.);
#815=FACE_BOUND('',#1655,.T.);
#816=FACE_BOUND('',#1698,.T.);
#817=FACE_BOUND('',#1699,.T.);
#818=FACE_BOUND('',#1700,.T.);
#819=FACE_BOUND('',#1701,.T.);
#820=FACE_BOUND('',#1702,.T.);
#821=FACE_BOUND('',#1703,.T.);
#822=FACE_BOUND('',#1704,.T.);
#823=FACE_BOUND('',#1705,.T.);
#824=FACE_BOUND('',#1706,.T.);
#825=FACE_BOUND('',#1707,.T.);
#826=FACE_BOUND('',#1708,.T.);
#827=FACE_BOUND('',#1709,.T.);
#828=FACE_BOUND('',#1710,.T.);
#829=FACE_BOUND('',#1711,.T.);
#830=FACE_BOUND('',#1712,.T.);
#831=FACE_BOUND('',#1713,.T.);
#832=FACE_BOUND('',#1714,.T.);
#833=FACE_BOUND('',#1715,.T.);
#834=FACE_BOUND('',#1716,.T.);
#835=FACE_BOUND('',#1717,.T.);
#836=FACE_BOUND('',#1718,.T.);
#837=FACE_BOUND('',#1719,.T.);
#838=FACE_BOUND('',#1720,.T.);
#839=FACE_BOUND('',#1740,.T.);
#840=FACE_BOUND('',#1741,.T.);
#841=FACE_BOUND('',#1742,.T.);
#842=FACE_BOUND('',#1743,.T.);
#843=FACE_BOUND('',#1744,.T.);
#844=FACE_BOUND('',#1745,.T.);
#845=CIRCLE('',#7818,1.7);
#846=CIRCLE('',#7819,1.7);
#847=CIRCLE('',#7820,1.7);
#848=CIRCLE('',#7821,1.7);
#849=CIRCLE('',#7827,3.00000000000001);
#850=CIRCLE('',#7828,3.00000000000001);
#851=CIRCLE('',#7830,3.);
#852=CIRCLE('',#7831,3.);
#853=CIRCLE('',#7833,3.00000000000001);
#854=CIRCLE('',#7834,3.00000000000001);
#855=CIRCLE('',#7836,3.);
#856=CIRCLE('',#7837,3.);
#857=CIRCLE('',#7840,1.7);
#858=CIRCLE('',#7842,1.7);
#859=CIRCLE('',#7844,1.7);
#860=CIRCLE('',#7850,1.7);
#861=CIRCLE('',#7964,3.);
#862=CIRCLE('',#7965,3.);
#863=CIRCLE('',#7966,3.);
#864=CIRCLE('',#7967,3.);
#865=CIRCLE('',#7968,3.00000000000001);
#866=CIRCLE('',#7969,3.);
#867=CIRCLE('',#7970,3.00000000000001);
#868=CIRCLE('',#7971,3.);
#869=CIRCLE('',#7991,3.);
#870=CIRCLE('',#7992,3.);
#871=CIRCLE('',#7993,3.);
#872=CIRCLE('',#7994,3.);
#873=CIRCLE('',#7995,3.);
#874=CIRCLE('',#7996,3.00000000000001);
#875=CIRCLE('',#7997,3.);
#876=CIRCLE('',#7998,3.00000000000001);
#877=FACE_OUTER_BOUND('',#1294,.T.);
#878=FACE_OUTER_BOUND('',#1295,.T.);
#879=FACE_OUTER_BOUND('',#1296,.T.);
#880=FACE_OUTER_BOUND('',#1297,.T.);
#881=FACE_OUTER_BOUND('',#1302,.T.);
#882=FACE_OUTER_BOUND('',#1303,.T.);
#883=FACE_OUTER_BOUND('',#1304,.T.);
#884=FACE_OUTER_BOUND('',#1305,.T.);
#885=FACE_OUTER_BOUND('',#1306,.T.);
#886=FACE_OUTER_BOUND('',#1307,.T.);
#887=FACE_OUTER_BOUND('',#1308,.T.);
#888=FACE_OUTER_BOUND('',#1309,.T.);
#889=FACE_OUTER_BOUND('',#1310,.T.);
#890=FACE_OUTER_BOUND('',#1315,.T.);
#891=FACE_OUTER_BOUND('',#1317,.T.);
#892=FACE_OUTER_BOUND('',#1319,.T.);
#893=FACE_OUTER_BOUND('',#1321,.T.);
#894=FACE_OUTER_BOUND('',#1322,.T.);
#895=FACE_OUTER_BOUND('',#1323,.T.);
#896=FACE_OUTER_BOUND('',#1324,.T.);
#897=FACE_OUTER_BOUND('',#1325,.T.);
#898=FACE_OUTER_BOUND('',#1326,.T.);
#899=FACE_OUTER_BOUND('',#1327,.T.);
#900=FACE_OUTER_BOUND('',#1328,.T.);
#901=FACE_OUTER_BOUND('',#1329,.T.);
#902=FACE_OUTER_BOUND('',#1330,.T.);
#903=FACE_OUTER_BOUND('',#1332,.T.);
#904=FACE_OUTER_BOUND('',#1333,.T.);
#905=FACE_OUTER_BOUND('',#1334,.T.);
#906=FACE_OUTER_BOUND('',#1335,.T.);
#907=FACE_OUTER_BOUND('',#1336,.T.);
#908=FACE_OUTER_BOUND('',#1337,.T.);
#909=FACE_OUTER_BOUND('',#1338,.T.);
#910=FACE_OUTER_BOUND('',#1339,.T.);
#911=FACE_OUTER_BOUND('',#1340,.T.);
#912=FACE_OUTER_BOUND('',#1341,.T.);
#913=FACE_OUTER_BOUND('',#1342,.T.);
#914=FACE_OUTER_BOUND('',#1343,.T.);
#915=FACE_OUTER_BOUND('',#1344,.T.);
#916=FACE_OUTER_BOUND('',#1345,.T.);
#917=FACE_OUTER_BOUND('',#1346,.T.);
#918=FACE_OUTER_BOUND('',#1347,.T.);
#919=FACE_OUTER_BOUND('',#1348,.T.);
#920=FACE_OUTER_BOUND('',#1349,.T.);
#921=FACE_OUTER_BOUND('',#1350,.T.);
#922=FACE_OUTER_BOUND('',#1351,.T.);
#923=FACE_OUTER_BOUND('',#1352,.T.);
#924=FACE_OUTER_BOUND('',#1353,.T.);
#925=FACE_OUTER_BOUND('',#1354,.T.);
#926=FACE_OUTER_BOUND('',#1355,.T.);
#927=FACE_OUTER_BOUND('',#1356,.T.);
#928=FACE_OUTER_BOUND('',#1357,.T.);
#929=FACE_OUTER_BOUND('',#1358,.T.);
#930=FACE_OUTER_BOUND('',#1359,.T.);
#931=FACE_OUTER_BOUND('',#1360,.T.);
#932=FACE_OUTER_BOUND('',#1361,.T.);
#933=FACE_OUTER_BOUND('',#1362,.T.);
#934=FACE_OUTER_BOUND('',#1363,.T.);
#935=FACE_OUTER_BOUND('',#1364,.T.);
#936=FACE_OUTER_BOUND('',#1365,.T.);
#937=FACE_OUTER_BOUND('',#1366,.T.);
#938=FACE_OUTER_BOUND('',#1367,.T.);
#939=FACE_OUTER_BOUND('',#1368,.T.);
#940=FACE_OUTER_BOUND('',#1370,.T.);
#941=FACE_OUTER_BOUND('',#1371,.T.);
#942=FACE_OUTER_BOUND('',#1372,.T.);
#943=FACE_OUTER_BOUND('',#1373,.T.);
#944=FACE_OUTER_BOUND('',#1374,.T.);
#945=FACE_OUTER_BOUND('',#1375,.T.);
#946=FACE_OUTER_BOUND('',#1376,.T.);
#947=FACE_OUTER_BOUND('',#1377,.T.);
#948=FACE_OUTER_BOUND('',#1378,.T.);
#949=FACE_OUTER_BOUND('',#1379,.T.);
#950=FACE_OUTER_BOUND('',#1380,.T.);
#951=FACE_OUTER_BOUND('',#1381,.T.);
#952=FACE_OUTER_BOUND('',#1382,.T.);
#953=FACE_OUTER_BOUND('',#1383,.T.);
#954=FACE_OUTER_BOUND('',#1384,.T.);
#955=FACE_OUTER_BOUND('',#1385,.T.);
#956=FACE_OUTER_BOUND('',#1386,.T.);
#957=FACE_OUTER_BOUND('',#1387,.T.);
#958=FACE_OUTER_BOUND('',#1388,.T.);
#959=FACE_OUTER_BOUND('',#1389,.T.);
#960=FACE_OUTER_BOUND('',#1390,.T.);
#961=FACE_OUTER_BOUND('',#1391,.T.);
#962=FACE_OUTER_BOUND('',#1392,.T.);
#963=FACE_OUTER_BOUND('',#1393,.T.);
#964=FACE_OUTER_BOUND('',#1394,.T.);
#965=FACE_OUTER_BOUND('',#1395,.T.);
#966=FACE_OUTER_BOUND('',#1396,.T.);
#967=FACE_OUTER_BOUND('',#1397,.T.);
#968=FACE_OUTER_BOUND('',#1398,.T.);
#969=FACE_OUTER_BOUND('',#1399,.T.);
#970=FACE_OUTER_BOUND('',#1400,.T.);
#971=FACE_OUTER_BOUND('',#1401,.T.);
#972=FACE_OUTER_BOUND('',#1402,.T.);
#973=FACE_OUTER_BOUND('',#1403,.T.);
#974=FACE_OUTER_BOUND('',#1404,.T.);
#975=FACE_OUTER_BOUND('',#1405,.T.);
#976=FACE_OUTER_BOUND('',#1406,.T.);
#977=FACE_OUTER_BOUND('',#1407,.T.);
#978=FACE_OUTER_BOUND('',#1409,.T.);
#979=FACE_OUTER_BOUND('',#1410,.T.);
#980=FACE_OUTER_BOUND('',#1411,.T.);
#981=FACE_OUTER_BOUND('',#1412,.T.);
#982=FACE_OUTER_BOUND('',#1413,.T.);
#983=FACE_OUTER_BOUND('',#1414,.T.);
#984=FACE_OUTER_BOUND('',#1415,.T.);
#985=FACE_OUTER_BOUND('',#1416,.T.);
#986=FACE_OUTER_BOUND('',#1417,.T.);
#987=FACE_OUTER_BOUND('',#1418,.T.);
#988=FACE_OUTER_BOUND('',#1419,.T.);
#989=FACE_OUTER_BOUND('',#1420,.T.);
#990=FACE_OUTER_BOUND('',#1421,.T.);
#991=FACE_OUTER_BOUND('',#1422,.T.);
#992=FACE_OUTER_BOUND('',#1423,.T.);
#993=FACE_OUTER_BOUND('',#1424,.T.);
#994=FACE_OUTER_BOUND('',#1425,.T.);
#995=FACE_OUTER_BOUND('',#1426,.T.);
#996=FACE_OUTER_BOUND('',#1427,.T.);
#997=FACE_OUTER_BOUND('',#1428,.T.);
#998=FACE_OUTER_BOUND('',#1429,.T.);
#999=FACE_OUTER_BOUND('',#1430,.T.);
#1000=FACE_OUTER_BOUND('',#1431,.T.);
#1001=FACE_OUTER_BOUND('',#1432,.T.);
#1002=FACE_OUTER_BOUND('',#1433,.T.);
#1003=FACE_OUTER_BOUND('',#1434,.T.);
#1004=FACE_OUTER_BOUND('',#1435,.T.);
#1005=FACE_OUTER_BOUND('',#1436,.T.);
#1006=FACE_OUTER_BOUND('',#1437,.T.);
#1007=FACE_OUTER_BOUND('',#1438,.T.);
#1008=FACE_OUTER_BOUND('',#1439,.T.);
#1009=FACE_OUTER_BOUND('',#1440,.T.);
#1010=FACE_OUTER_BOUND('',#1441,.T.);
#1011=FACE_OUTER_BOUND('',#1442,.T.);
#1012=FACE_OUTER_BOUND('',#1443,.T.);
#1013=FACE_OUTER_BOUND('',#1444,.T.);
#1014=FACE_OUTER_BOUND('',#1445,.T.);
#1015=FACE_OUTER_BOUND('',#1446,.T.);
#1016=FACE_OUTER_BOUND('',#1447,.T.);
#1017=FACE_OUTER_BOUND('',#1448,.T.);
#1018=FACE_OUTER_BOUND('',#1449,.T.);
#1019=FACE_OUTER_BOUND('',#1450,.T.);
#1020=FACE_OUTER_BOUND('',#1451,.T.);
#1021=FACE_OUTER_BOUND('',#1452,.T.);
#1022=FACE_OUTER_BOUND('',#1453,.T.);
#1023=FACE_OUTER_BOUND('',#1454,.T.);
#1024=FACE_OUTER_BOUND('',#1455,.T.);
#1025=FACE_OUTER_BOUND('',#1456,.T.);
#1026=FACE_OUTER_BOUND('',#1457,.T.);
#1027=FACE_OUTER_BOUND('',#1458,.T.);
#1028=FACE_OUTER_BOUND('',#1459,.T.);
#1029=FACE_OUTER_BOUND('',#1460,.T.);
#1030=FACE_OUTER_BOUND('',#1461,.T.);
#1031=FACE_OUTER_BOUND('',#1462,.T.);
#1032=FACE_OUTER_BOUND('',#1463,.T.);
#1033=FACE_OUTER_BOUND('',#1464,.T.);
#1034=FACE_OUTER_BOUND('',#1465,.T.);
#1035=FACE_OUTER_BOUND('',#1466,.T.);
#1036=FACE_OUTER_BOUND('',#1467,.T.);
#1037=FACE_OUTER_BOUND('',#1468,.T.);
#1038=FACE_OUTER_BOUND('',#1469,.T.);
#1039=FACE_OUTER_BOUND('',#1470,.T.);
#1040=FACE_OUTER_BOUND('',#1471,.T.);
#1041=FACE_OUTER_BOUND('',#1472,.T.);
#1042=FACE_OUTER_BOUND('',#1473,.T.);
#1043=FACE_OUTER_BOUND('',#1474,.T.);
#1044=FACE_OUTER_BOUND('',#1475,.T.);
#1045=FACE_OUTER_BOUND('',#1476,.T.);
#1046=FACE_OUTER_BOUND('',#1477,.T.);
#1047=FACE_OUTER_BOUND('',#1478,.T.);
#1048=FACE_OUTER_BOUND('',#1479,.T.);
#1049=FACE_OUTER_BOUND('',#1480,.T.);
#1050=FACE_OUTER_BOUND('',#1482,.T.);
#1051=FACE_OUTER_BOUND('',#1483,.T.);
#1052=FACE_OUTER_BOUND('',#1484,.T.);
#1053=FACE_OUTER_BOUND('',#1485,.T.);
#1054=FACE_OUTER_BOUND('',#1486,.T.);
#1055=FACE_OUTER_BOUND('',#1487,.T.);
#1056=FACE_OUTER_BOUND('',#1488,.T.);
#1057=FACE_OUTER_BOUND('',#1489,.T.);
#1058=FACE_OUTER_BOUND('',#1490,.T.);
#1059=FACE_OUTER_BOUND('',#1491,.T.);
#1060=FACE_OUTER_BOUND('',#1492,.T.);
#1061=FACE_OUTER_BOUND('',#1493,.T.);
#1062=FACE_OUTER_BOUND('',#1494,.T.);
#1063=FACE_OUTER_BOUND('',#1495,.T.);
#1064=FACE_OUTER_BOUND('',#1496,.T.);
#1065=FACE_OUTER_BOUND('',#1497,.T.);
#1066=FACE_OUTER_BOUND('',#1498,.T.);
#1067=FACE_OUTER_BOUND('',#1499,.T.);
#1068=FACE_OUTER_BOUND('',#1500,.T.);
#1069=FACE_OUTER_BOUND('',#1501,.T.);
#1070=FACE_OUTER_BOUND('',#1502,.T.);
#1071=FACE_OUTER_BOUND('',#1503,.T.);
#1072=FACE_OUTER_BOUND('',#1504,.T.);
#1073=FACE_OUTER_BOUND('',#1505,.T.);
#1074=FACE_OUTER_BOUND('',#1506,.T.);
#1075=FACE_OUTER_BOUND('',#1507,.T.);
#1076=FACE_OUTER_BOUND('',#1508,.T.);
#1077=FACE_OUTER_BOUND('',#1509,.T.);
#1078=FACE_OUTER_BOUND('',#1510,.T.);
#1079=FACE_OUTER_BOUND('',#1511,.T.);
#1080=FACE_OUTER_BOUND('',#1512,.T.);
#1081=FACE_OUTER_BOUND('',#1513,.T.);
#1082=FACE_OUTER_BOUND('',#1514,.T.);
#1083=FACE_OUTER_BOUND('',#1515,.T.);
#1084=FACE_OUTER_BOUND('',#1516,.T.);
#1085=FACE_OUTER_BOUND('',#1517,.T.);
#1086=FACE_OUTER_BOUND('',#1518,.T.);
#1087=FACE_OUTER_BOUND('',#1519,.T.);
#1088=FACE_OUTER_BOUND('',#1521,.T.);
#1089=FACE_OUTER_BOUND('',#1522,.T.);
#1090=FACE_OUTER_BOUND('',#1523,.T.);
#1091=FACE_OUTER_BOUND('',#1524,.T.);
#1092=FACE_OUTER_BOUND('',#1525,.T.);
#1093=FACE_OUTER_BOUND('',#1526,.T.);
#1094=FACE_OUTER_BOUND('',#1527,.T.);
#1095=FACE_OUTER_BOUND('',#1528,.T.);
#1096=FACE_OUTER_BOUND('',#1529,.T.);
#1097=FACE_OUTER_BOUND('',#1530,.T.);
#1098=FACE_OUTER_BOUND('',#1531,.T.);
#1099=FACE_OUTER_BOUND('',#1532,.T.);
#1100=FACE_OUTER_BOUND('',#1533,.T.);
#1101=FACE_OUTER_BOUND('',#1534,.T.);
#1102=FACE_OUTER_BOUND('',#1535,.T.);
#1103=FACE_OUTER_BOUND('',#1536,.T.);
#1104=FACE_OUTER_BOUND('',#1537,.T.);
#1105=FACE_OUTER_BOUND('',#1538,.T.);
#1106=FACE_OUTER_BOUND('',#1539,.T.);
#1107=FACE_OUTER_BOUND('',#1540,.T.);
#1108=FACE_OUTER_BOUND('',#1541,.T.);
#1109=FACE_OUTER_BOUND('',#1542,.T.);
#1110=FACE_OUTER_BOUND('',#1543,.T.);
#1111=FACE_OUTER_BOUND('',#1544,.T.);
#1112=FACE_OUTER_BOUND('',#1545,.T.);
#1113=FACE_OUTER_BOUND('',#1546,.T.);
#1114=FACE_OUTER_BOUND('',#1547,.T.);
#1115=FACE_OUTER_BOUND('',#1548,.T.);
#1116=FACE_OUTER_BOUND('',#1549,.T.);
#1117=FACE_OUTER_BOUND('',#1550,.T.);
#1118=FACE_OUTER_BOUND('',#1551,.T.);
#1119=FACE_OUTER_BOUND('',#1552,.T.);
#1120=FACE_OUTER_BOUND('',#1553,.T.);
#1121=FACE_OUTER_BOUND('',#1554,.T.);
#1122=FACE_OUTER_BOUND('',#1555,.T.);
#1123=FACE_OUTER_BOUND('',#1556,.T.);
#1124=FACE_OUTER_BOUND('',#1557,.T.);
#1125=FACE_OUTER_BOUND('',#1558,.T.);
#1126=FACE_OUTER_BOUND('',#1560,.T.);
#1127=FACE_OUTER_BOUND('',#1561,.T.);
#1128=FACE_OUTER_BOUND('',#1562,.T.);
#1129=FACE_OUTER_BOUND('',#1563,.T.);
#1130=FACE_OUTER_BOUND('',#1564,.T.);
#1131=FACE_OUTER_BOUND('',#1565,.T.);
#1132=FACE_OUTER_BOUND('',#1566,.T.);
#1133=FACE_OUTER_BOUND('',#1567,.T.);
#1134=FACE_OUTER_BOUND('',#1568,.T.);
#1135=FACE_OUTER_BOUND('',#1569,.T.);
#1136=FACE_OUTER_BOUND('',#1570,.T.);
#1137=FACE_OUTER_BOUND('',#1571,.T.);
#1138=FACE_OUTER_BOUND('',#1572,.T.);
#1139=FACE_OUTER_BOUND('',#1573,.T.);
#1140=FACE_OUTER_BOUND('',#1574,.T.);
#1141=FACE_OUTER_BOUND('',#1575,.T.);
#1142=FACE_OUTER_BOUND('',#1576,.T.);
#1143=FACE_OUTER_BOUND('',#1577,.T.);
#1144=FACE_OUTER_BOUND('',#1579,.T.);
#1145=FACE_OUTER_BOUND('',#1580,.T.);
#1146=FACE_OUTER_BOUND('',#1581,.T.);
#1147=FACE_OUTER_BOUND('',#1582,.T.);
#1148=FACE_OUTER_BOUND('',#1583,.T.);
#1149=FACE_OUTER_BOUND('',#1584,.T.);
#1150=FACE_OUTER_BOUND('',#1585,.T.);
#1151=FACE_OUTER_BOUND('',#1586,.T.);
#1152=FACE_OUTER_BOUND('',#1587,.T.);
#1153=FACE_OUTER_BOUND('',#1588,.T.);
#1154=FACE_OUTER_BOUND('',#1589,.T.);
#1155=FACE_OUTER_BOUND('',#1590,.T.);
#1156=FACE_OUTER_BOUND('',#1591,.T.);
#1157=FACE_OUTER_BOUND('',#1592,.T.);
#1158=FACE_OUTER_BOUND('',#1593,.T.);
#1159=FACE_OUTER_BOUND('',#1594,.T.);
#1160=FACE_OUTER_BOUND('',#1595,.T.);
#1161=FACE_OUTER_BOUND('',#1596,.T.);
#1162=FACE_OUTER_BOUND('',#1597,.T.);
#1163=FACE_OUTER_BOUND('',#1598,.T.);
#1164=FACE_OUTER_BOUND('',#1599,.T.);
#1165=FACE_OUTER_BOUND('',#1600,.T.);
#1166=FACE_OUTER_BOUND('',#1601,.T.);
#1167=FACE_OUTER_BOUND('',#1602,.T.);
#1168=FACE_OUTER_BOUND('',#1603,.T.);
#1169=FACE_OUTER_BOUND('',#1604,.T.);
#1170=FACE_OUTER_BOUND('',#1605,.T.);
#1171=FACE_OUTER_BOUND('',#1606,.T.);
#1172=FACE_OUTER_BOUND('',#1607,.T.);
#1173=FACE_OUTER_BOUND('',#1608,.T.);
#1174=FACE_OUTER_BOUND('',#1609,.T.);
#1175=FACE_OUTER_BOUND('',#1610,.T.);
#1176=FACE_OUTER_BOUND('',#1611,.T.);
#1177=FACE_OUTER_BOUND('',#1612,.T.);
#1178=FACE_OUTER_BOUND('',#1613,.T.);
#1179=FACE_OUTER_BOUND('',#1614,.T.);
#1180=FACE_OUTER_BOUND('',#1615,.T.);
#1181=FACE_OUTER_BOUND('',#1616,.T.);
#1182=FACE_OUTER_BOUND('',#1617,.T.);
#1183=FACE_OUTER_BOUND('',#1618,.T.);
#1184=FACE_OUTER_BOUND('',#1619,.T.);
#1185=FACE_OUTER_BOUND('',#1620,.T.);
#1186=FACE_OUTER_BOUND('',#1621,.T.);
#1187=FACE_OUTER_BOUND('',#1622,.T.);
#1188=FACE_OUTER_BOUND('',#1623,.T.);
#1189=FACE_OUTER_BOUND('',#1624,.T.);
#1190=FACE_OUTER_BOUND('',#1625,.T.);
#1191=FACE_OUTER_BOUND('',#1626,.T.);
#1192=FACE_OUTER_BOUND('',#1627,.T.);
#1193=FACE_OUTER_BOUND('',#1628,.T.);
#1194=FACE_OUTER_BOUND('',#1629,.T.);
#1195=FACE_OUTER_BOUND('',#1630,.T.);
#1196=FACE_OUTER_BOUND('',#1632,.T.);
#1197=FACE_OUTER_BOUND('',#1633,.T.);
#1198=FACE_OUTER_BOUND('',#1634,.T.);
#1199=FACE_OUTER_BOUND('',#1635,.T.);
#1200=FACE_OUTER_BOUND('',#1636,.T.);
#1201=FACE_OUTER_BOUND('',#1637,.T.);
#1202=FACE_OUTER_BOUND('',#1638,.T.);
#1203=FACE_OUTER_BOUND('',#1639,.T.);
#1204=FACE_OUTER_BOUND('',#1640,.T.);
#1205=FACE_OUTER_BOUND('',#1641,.T.);
#1206=FACE_OUTER_BOUND('',#1642,.T.);
#1207=FACE_OUTER_BOUND('',#1643,.T.);
#1208=FACE_OUTER_BOUND('',#1644,.T.);
#1209=FACE_OUTER_BOUND('',#1645,.T.);
#1210=FACE_OUTER_BOUND('',#1646,.T.);
#1211=FACE_OUTER_BOUND('',#1647,.T.);
#1212=FACE_OUTER_BOUND('',#1648,.T.);
#1213=FACE_OUTER_BOUND('',#1649,.T.);
#1214=FACE_OUTER_BOUND('',#1650,.T.);
#1215=FACE_OUTER_BOUND('',#1651,.T.);
#1216=FACE_OUTER_BOUND('',#1652,.T.);
#1217=FACE_OUTER_BOUND('',#1653,.T.);
#1218=FACE_OUTER_BOUND('',#1654,.T.);
#1219=FACE_OUTER_BOUND('',#1656,.T.);
#1220=FACE_OUTER_BOUND('',#1657,.T.);
#1221=FACE_OUTER_BOUND('',#1658,.T.);
#1222=FACE_OUTER_BOUND('',#1659,.T.);
#1223=FACE_OUTER_BOUND('',#1660,.T.);
#1224=FACE_OUTER_BOUND('',#1661,.T.);
#1225=FACE_OUTER_BOUND('',#1662,.T.);
#1226=FACE_OUTER_BOUND('',#1663,.T.);
#1227=FACE_OUTER_BOUND('',#1664,.T.);
#1228=FACE_OUTER_BOUND('',#1665,.T.);
#1229=FACE_OUTER_BOUND('',#1666,.T.);
#1230=FACE_OUTER_BOUND('',#1667,.T.);
#1231=FACE_OUTER_BOUND('',#1668,.T.);
#1232=FACE_OUTER_BOUND('',#1669,.T.);
#1233=FACE_OUTER_BOUND('',#1670,.T.);
#1234=FACE_OUTER_BOUND('',#1671,.T.);
#1235=FACE_OUTER_BOUND('',#1672,.T.);
#1236=FACE_OUTER_BOUND('',#1673,.T.);
#1237=FACE_OUTER_BOUND('',#1674,.T.);
#1238=FACE_OUTER_BOUND('',#1675,.T.);
#1239=FACE_OUTER_BOUND('',#1676,.T.);
#1240=FACE_OUTER_BOUND('',#1677,.T.);
#1241=FACE_OUTER_BOUND('',#1678,.T.);
#1242=FACE_OUTER_BOUND('',#1679,.T.);
#1243=FACE_OUTER_BOUND('',#1680,.T.);
#1244=FACE_OUTER_BOUND('',#1681,.T.);
#1245=FACE_OUTER_BOUND('',#1682,.T.);
#1246=FACE_OUTER_BOUND('',#1683,.T.);
#1247=FACE_OUTER_BOUND('',#1684,.T.);
#1248=FACE_OUTER_BOUND('',#1685,.T.);
#1249=FACE_OUTER_BOUND('',#1686,.T.);
#1250=FACE_OUTER_BOUND('',#1687,.T.);
#1251=FACE_OUTER_BOUND('',#1688,.T.);
#1252=FACE_OUTER_BOUND('',#1689,.T.);
#1253=FACE_OUTER_BOUND('',#1690,.T.);
#1254=FACE_OUTER_BOUND('',#1691,.T.);
#1255=FACE_OUTER_BOUND('',#1692,.T.);
#1256=FACE_OUTER_BOUND('',#1693,.T.);
#1257=FACE_OUTER_BOUND('',#1694,.T.);
#1258=FACE_OUTER_BOUND('',#1695,.T.);
#1259=FACE_OUTER_BOUND('',#1696,.T.);
#1260=FACE_OUTER_BOUND('',#1697,.T.);
#1261=FACE_OUTER_BOUND('',#1721,.T.);
#1262=FACE_OUTER_BOUND('',#1722,.T.);
#1263=FACE_OUTER_BOUND('',#1723,.T.);
#1264=FACE_OUTER_BOUND('',#1724,.T.);
#1265=FACE_OUTER_BOUND('',#1725,.T.);
#1266=FACE_OUTER_BOUND('',#1726,.T.);
#1267=FACE_OUTER_BOUND('',#1727,.T.);
#1268=FACE_OUTER_BOUND('',#1728,.T.);
#1269=FACE_OUTER_BOUND('',#1729,.T.);
#1270=FACE_OUTER_BOUND('',#1730,.T.);
#1271=FACE_OUTER_BOUND('',#1731,.T.);
#1272=FACE_OUTER_BOUND('',#1732,.T.);
#1273=FACE_OUTER_BOUND('',#1733,.T.);
#1274=FACE_OUTER_BOUND('',#1734,.T.);
#1275=FACE_OUTER_BOUND('',#1735,.T.);
#1276=FACE_OUTER_BOUND('',#1736,.T.);
#1277=FACE_OUTER_BOUND('',#1737,.T.);
#1278=FACE_OUTER_BOUND('',#1738,.T.);
#1279=FACE_OUTER_BOUND('',#1739,.T.);
#1280=FACE_OUTER_BOUND('',#1746,.T.);
#1281=FACE_OUTER_BOUND('',#1747,.T.);
#1282=FACE_OUTER_BOUND('',#1748,.T.);
#1283=FACE_OUTER_BOUND('',#1749,.T.);
#1284=FACE_OUTER_BOUND('',#1750,.T.);
#1285=FACE_OUTER_BOUND('',#1751,.T.);
#1286=FACE_OUTER_BOUND('',#1752,.T.);
#1287=FACE_OUTER_BOUND('',#1753,.T.);
#1288=FACE_OUTER_BOUND('',#1754,.T.);
#1289=FACE_OUTER_BOUND('',#1755,.T.);
#1290=FACE_OUTER_BOUND('',#1756,.T.);
#1291=FACE_OUTER_BOUND('',#1757,.T.);
#1292=FACE_OUTER_BOUND('',#1758,.T.);
#1293=FACE_OUTER_BOUND('',#1759,.T.);
#1294=EDGE_LOOP('',(#4916,#4917,#4918,#4919));
#1295=EDGE_LOOP('',(#4920,#4921,#4922,#4923));
#1296=EDGE_LOOP('',(#4924,#4925,#4926,#4927));
#1297=EDGE_LOOP('',(#4928,#4929,#4930,#4931,#4932,#4933,#4934,#4935,#4936,
#4937,#4938,#4939));
#1298=EDGE_LOOP('',(#4940));
#1299=EDGE_LOOP('',(#4941));
#1300=EDGE_LOOP('',(#4942));
#1301=EDGE_LOOP('',(#4943));
#1302=EDGE_LOOP('',(#4944,#4945,#4946,#4947,#4948,#4949,#4950,#4951));
#1303=EDGE_LOOP('',(#4952,#4953,#4954,#4955));
#1304=EDGE_LOOP('',(#4956,#4957,#4958,#4959));
#1305=EDGE_LOOP('',(#4960,#4961,#4962,#4963));
#1306=EDGE_LOOP('',(#4964,#4965,#4966,#4967));
#1307=EDGE_LOOP('',(#4968,#4969,#4970,#4971));
#1308=EDGE_LOOP('',(#4972,#4973,#4974,#4975));
#1309=EDGE_LOOP('',(#4976,#4977,#4978,#4979));
#1310=EDGE_LOOP('',(#4980,#4981,#4982,#4983));
#1311=EDGE_LOOP('',(#4984));
#1312=EDGE_LOOP('',(#4985));
#1313=EDGE_LOOP('',(#4986));
#1314=EDGE_LOOP('',(#4987));
#1315=EDGE_LOOP('',(#4988));
#1316=EDGE_LOOP('',(#4989));
#1317=EDGE_LOOP('',(#4990));
#1318=EDGE_LOOP('',(#4991));
#1319=EDGE_LOOP('',(#4992));
#1320=EDGE_LOOP('',(#4993));
#1321=EDGE_LOOP('',(#4994,#4995,#4996,#4997));
#1322=EDGE_LOOP('',(#4998,#4999,#5000,#5001,#5002,#5003,#5004,#5005));
#1323=EDGE_LOOP('',(#5006,#5007,#5008,#5009));
#1324=EDGE_LOOP('',(#5010,#5011,#5012,#5013));
#1325=EDGE_LOOP('',(#5014,#5015,#5016,#5017));
#1326=EDGE_LOOP('',(#5018,#5019,#5020,#5021));
#1327=EDGE_LOOP('',(#5022,#5023,#5024,#5025));
#1328=EDGE_LOOP('',(#5026,#5027,#5028,#5029));
#1329=EDGE_LOOP('',(#5030,#5031,#5032,#5033));
#1330=EDGE_LOOP('',(#5034));
#1331=EDGE_LOOP('',(#5035));
#1332=EDGE_LOOP('',(#5036,#5037,#5038,#5039));
#1333=EDGE_LOOP('',(#5040,#5041,#5042,#5043));
#1334=EDGE_LOOP('',(#5044,#5045,#5046,#5047));
#1335=EDGE_LOOP('',(#5048,#5049,#5050,#5051));
#1336=EDGE_LOOP('',(#5052,#5053,#5054,#5055));
#1337=EDGE_LOOP('',(#5056,#5057,#5058,#5059));
#1338=EDGE_LOOP('',(#5060,#5061,#5062,#5063));
#1339=EDGE_LOOP('',(#5064,#5065,#5066,#5067));
#1340=EDGE_LOOP('',(#5068,#5069,#5070,#5071));
#1341=EDGE_LOOP('',(#5072,#5073,#5074,#5075));
#1342=EDGE_LOOP('',(#5076,#5077,#5078,#5079));
#1343=EDGE_LOOP('',(#5080,#5081,#5082,#5083));
#1344=EDGE_LOOP('',(#5084,#5085,#5086,#5087));
#1345=EDGE_LOOP('',(#5088,#5089,#5090,#5091));
#1346=EDGE_LOOP('',(#5092,#5093,#5094,#5095));
#1347=EDGE_LOOP('',(#5096,#5097,#5098,#5099));
#1348=EDGE_LOOP('',(#5100,#5101,#5102,#5103));
#1349=EDGE_LOOP('',(#5104,#5105,#5106,#5107));
#1350=EDGE_LOOP('',(#5108,#5109,#5110,#5111,#5112,#5113,#5114,#5115,#5116,
#5117,#5118,#5119,#5120));
#1351=EDGE_LOOP('',(#5121,#5122,#5123,#5124));
#1352=EDGE_LOOP('',(#5125,#5126,#5127,#5128));
#1353=EDGE_LOOP('',(#5129,#5130,#5131,#5132));
#1354=EDGE_LOOP('',(#5133,#5134,#5135,#5136));
#1355=EDGE_LOOP('',(#5137,#5138,#5139,#5140));
#1356=EDGE_LOOP('',(#5141,#5142,#5143,#5144));
#1357=EDGE_LOOP('',(#5145,#5146,#5147,#5148));
#1358=EDGE_LOOP('',(#5149,#5150,#5151,#5152));
#1359=EDGE_LOOP('',(#5153,#5154,#5155,#5156));
#1360=EDGE_LOOP('',(#5157,#5158,#5159,#5160));
#1361=EDGE_LOOP('',(#5161,#5162,#5163,#5164));
#1362=EDGE_LOOP('',(#5165,#5166,#5167,#5168));
#1363=EDGE_LOOP('',(#5169,#5170,#5171,#5172));
#1364=EDGE_LOOP('',(#5173,#5174,#5175,#5176));
#1365=EDGE_LOOP('',(#5177,#5178,#5179,#5180));
#1366=EDGE_LOOP('',(#5181,#5182,#5183,#5184));
#1367=EDGE_LOOP('',(#5185,#5186,#5187,#5188));
#1368=EDGE_LOOP('',(#5189,#5190,#5191,#5192,#5193,#5194,#5195,#5196,#5197));
#1369=EDGE_LOOP('',(#5198,#5199,#5200,#5201,#5202,#5203,#5204,#5205));
#1370=EDGE_LOOP('',(#5206,#5207,#5208,#5209));
#1371=EDGE_LOOP('',(#5210,#5211,#5212,#5213));
#1372=EDGE_LOOP('',(#5214,#5215,#5216,#5217));
#1373=EDGE_LOOP('',(#5218,#5219,#5220,#5221));
#1374=EDGE_LOOP('',(#5222,#5223,#5224,#5225));
#1375=EDGE_LOOP('',(#5226,#5227,#5228,#5229));
#1376=EDGE_LOOP('',(#5230,#5231,#5232,#5233));
#1377=EDGE_LOOP('',(#5234,#5235,#5236,#5237));
#1378=EDGE_LOOP('',(#5238,#5239,#5240,#5241));
#1379=EDGE_LOOP('',(#5242,#5243,#5244,#5245));
#1380=EDGE_LOOP('',(#5246,#5247,#5248,#5249));
#1381=EDGE_LOOP('',(#5250,#5251,#5252,#5253));
#1382=EDGE_LOOP('',(#5254,#5255,#5256,#5257));
#1383=EDGE_LOOP('',(#5258,#5259,#5260,#5261));
#1384=EDGE_LOOP('',(#5262,#5263,#5264,#5265));
#1385=EDGE_LOOP('',(#5266,#5267,#5268,#5269));
#1386=EDGE_LOOP('',(#5270,#5271,#5272,#5273));
#1387=EDGE_LOOP('',(#5274,#5275,#5276,#5277));
#1388=EDGE_LOOP('',(#5278,#5279,#5280,#5281));
#1389=EDGE_LOOP('',(#5282,#5283,#5284,#5285));
#1390=EDGE_LOOP('',(#5286,#5287,#5288,#5289));
#1391=EDGE_LOOP('',(#5290,#5291,#5292,#5293));
#1392=EDGE_LOOP('',(#5294,#5295,#5296,#5297));
#1393=EDGE_LOOP('',(#5298,#5299,#5300,#5301));
#1394=EDGE_LOOP('',(#5302,#5303,#5304,#5305));
#1395=EDGE_LOOP('',(#5306,#5307,#5308,#5309));
#1396=EDGE_LOOP('',(#5310,#5311,#5312,#5313));
#1397=EDGE_LOOP('',(#5314,#5315,#5316,#5317));
#1398=EDGE_LOOP('',(#5318,#5319,#5320,#5321));
#1399=EDGE_LOOP('',(#5322,#5323,#5324,#5325));
#1400=EDGE_LOOP('',(#5326,#5327,#5328,#5329));
#1401=EDGE_LOOP('',(#5330,#5331,#5332,#5333));
#1402=EDGE_LOOP('',(#5334,#5335,#5336,#5337));
#1403=EDGE_LOOP('',(#5338,#5339,#5340,#5341));
#1404=EDGE_LOOP('',(#5342,#5343,#5344,#5345));
#1405=EDGE_LOOP('',(#5346,#5347,#5348,#5349));
#1406=EDGE_LOOP('',(#5350,#5351,#5352,#5353));
#1407=EDGE_LOOP('',(#5354,#5355,#5356,#5357,#5358,#5359,#5360,#5361,#5362,
#5363,#5364,#5365,#5366,#5367,#5368,#5369,#5370,#5371,#5372,#5373,#5374,
#5375,#5376,#5377,#5378,#5379,#5380));
#1408=EDGE_LOOP('',(#5381,#5382,#5383,#5384,#5385,#5386,#5387,#5388,#5389,
#5390));
#1409=EDGE_LOOP('',(#5391,#5392,#5393,#5394));
#1410=EDGE_LOOP('',(#5395,#5396,#5397,#5398));
#1411=EDGE_LOOP('',(#5399,#5400,#5401,#5402));
#1412=EDGE_LOOP('',(#5403,#5404,#5405,#5406));
#1413=EDGE_LOOP('',(#5407,#5408,#5409,#5410));
#1414=EDGE_LOOP('',(#5411,#5412,#5413,#5414));
#1415=EDGE_LOOP('',(#5415,#5416,#5417,#5418));
#1416=EDGE_LOOP('',(#5419,#5420,#5421,#5422));
#1417=EDGE_LOOP('',(#5423,#5424,#5425,#5426));
#1418=EDGE_LOOP('',(#5427,#5428,#5429,#5430));
#1419=EDGE_LOOP('',(#5431,#5432,#5433,#5434));
#1420=EDGE_LOOP('',(#5435,#5436,#5437,#5438));
#1421=EDGE_LOOP('',(#5439,#5440,#5441,#5442));
#1422=EDGE_LOOP('',(#5443,#5444,#5445,#5446));
#1423=EDGE_LOOP('',(#5447,#5448,#5449,#5450));
#1424=EDGE_LOOP('',(#5451,#5452,#5453,#5454));
#1425=EDGE_LOOP('',(#5455,#5456,#5457,#5458));
#1426=EDGE_LOOP('',(#5459,#5460,#5461,#5462));
#1427=EDGE_LOOP('',(#5463,#5464,#5465,#5466));
#1428=EDGE_LOOP('',(#5467,#5468,#5469,#5470));
#1429=EDGE_LOOP('',(#5471,#5472,#5473,#5474));
#1430=EDGE_LOOP('',(#5475,#5476,#5477,#5478));
#1431=EDGE_LOOP('',(#5479,#5480,#5481,#5482));
#1432=EDGE_LOOP('',(#5483,#5484,#5485,#5486));
#1433=EDGE_LOOP('',(#5487,#5488,#5489,#5490));
#1434=EDGE_LOOP('',(#5491,#5492,#5493,#5494));
#1435=EDGE_LOOP('',(#5495,#5496,#5497,#5498));
#1436=EDGE_LOOP('',(#5499,#5500,#5501,#5502));
#1437=EDGE_LOOP('',(#5503,#5504,#5505,#5506));
#1438=EDGE_LOOP('',(#5507,#5508,#5509,#5510));
#1439=EDGE_LOOP('',(#5511,#5512,#5513,#5514));
#1440=EDGE_LOOP('',(#5515,#5516,#5517,#5518));
#1441=EDGE_LOOP('',(#5519,#5520,#5521,#5522));
#1442=EDGE_LOOP('',(#5523,#5524,#5525,#5526,#5527,#5528,#5529,#5530,#5531,
#5532,#5533,#5534,#5535,#5536,#5537,#5538,#5539,#5540,#5541,#5542,#5543,
#5544,#5545,#5546,#5547,#5548,#5549,#5550,#5551,#5552,#5553,#5554,#5555));
#1443=EDGE_LOOP('',(#5556,#5557,#5558,#5559));
#1444=EDGE_LOOP('',(#5560,#5561,#5562,#5563));
#1445=EDGE_LOOP('',(#5564,#5565,#5566,#5567));
#1446=EDGE_LOOP('',(#5568,#5569,#5570,#5571));
#1447=EDGE_LOOP('',(#5572,#5573,#5574,#5575));
#1448=EDGE_LOOP('',(#5576,#5577,#5578,#5579));
#1449=EDGE_LOOP('',(#5580,#5581,#5582,#5583));
#1450=EDGE_LOOP('',(#5584,#5585,#5586,#5587));
#1451=EDGE_LOOP('',(#5588,#5589,#5590,#5591));
#1452=EDGE_LOOP('',(#5592,#5593,#5594,#5595));
#1453=EDGE_LOOP('',(#5596,#5597,#5598,#5599));
#1454=EDGE_LOOP('',(#5600,#5601,#5602,#5603));
#1455=EDGE_LOOP('',(#5604,#5605,#5606,#5607));
#1456=EDGE_LOOP('',(#5608,#5609,#5610,#5611));
#1457=EDGE_LOOP('',(#5612,#5613,#5614,#5615));
#1458=EDGE_LOOP('',(#5616,#5617,#5618,#5619));
#1459=EDGE_LOOP('',(#5620,#5621,#5622,#5623));
#1460=EDGE_LOOP('',(#5624,#5625,#5626,#5627));
#1461=EDGE_LOOP('',(#5628,#5629,#5630,#5631));
#1462=EDGE_LOOP('',(#5632,#5633,#5634,#5635));
#1463=EDGE_LOOP('',(#5636,#5637,#5638,#5639));
#1464=EDGE_LOOP('',(#5640,#5641,#5642,#5643));
#1465=EDGE_LOOP('',(#5644,#5645,#5646,#5647));
#1466=EDGE_LOOP('',(#5648,#5649,#5650,#5651));
#1467=EDGE_LOOP('',(#5652,#5653,#5654,#5655));
#1468=EDGE_LOOP('',(#5656,#5657,#5658,#5659));
#1469=EDGE_LOOP('',(#5660,#5661,#5662,#5663));
#1470=EDGE_LOOP('',(#5664,#5665,#5666,#5667));
#1471=EDGE_LOOP('',(#5668,#5669,#5670,#5671));
#1472=EDGE_LOOP('',(#5672,#5673,#5674,#5675));
#1473=EDGE_LOOP('',(#5676,#5677,#5678,#5679));
#1474=EDGE_LOOP('',(#5680,#5681,#5682,#5683));
#1475=EDGE_LOOP('',(#5684,#5685,#5686,#5687));
#1476=EDGE_LOOP('',(#5688,#5689,#5690,#5691));
#1477=EDGE_LOOP('',(#5692,#5693,#5694,#5695));
#1478=EDGE_LOOP('',(#5696,#5697,#5698,#5699));
#1479=EDGE_LOOP('',(#5700,#5701,#5702,#5703));
#1480=EDGE_LOOP('',(#5704,#5705,#5706,#5707,#5708,#5709,#5710,#5711,#5712,
#5713,#5714,#5715,#5716,#5717,#5718,#5719,#5720,#5721,#5722,#5723,#5724,
#5725,#5726,#5727,#5728,#5729,#5730));
#1481=EDGE_LOOP('',(#5731,#5732,#5733,#5734,#5735,#5736,#5737,#5738,#5739,
#5740));
#1482=EDGE_LOOP('',(#5741,#5742,#5743,#5744));
#1483=EDGE_LOOP('',(#5745,#5746,#5747,#5748));
#1484=EDGE_LOOP('',(#5749,#5750,#5751,#5752));
#1485=EDGE_LOOP('',(#5753,#5754,#5755,#5756));
#1486=EDGE_LOOP('',(#5757,#5758,#5759,#5760));
#1487=EDGE_LOOP('',(#5761,#5762,#5763,#5764));
#1488=EDGE_LOOP('',(#5765,#5766,#5767,#5768));
#1489=EDGE_LOOP('',(#5769,#5770,#5771,#5772));
#1490=EDGE_LOOP('',(#5773,#5774,#5775,#5776));
#1491=EDGE_LOOP('',(#5777,#5778,#5779,#5780));
#1492=EDGE_LOOP('',(#5781,#5782,#5783,#5784));
#1493=EDGE_LOOP('',(#5785,#5786,#5787,#5788));
#1494=EDGE_LOOP('',(#5789,#5790,#5791,#5792));
#1495=EDGE_LOOP('',(#5793,#5794,#5795,#5796,#5797,#5798,#5799,#5800,#5801,
#5802,#5803,#5804,#5805));
#1496=EDGE_LOOP('',(#5806,#5807,#5808,#5809));
#1497=EDGE_LOOP('',(#5810,#5811,#5812,#5813));
#1498=EDGE_LOOP('',(#5814,#5815,#5816,#5817));
#1499=EDGE_LOOP('',(#5818,#5819,#5820,#5821));
#1500=EDGE_LOOP('',(#5822,#5823,#5824,#5825));
#1501=EDGE_LOOP('',(#5826,#5827,#5828,#5829));
#1502=EDGE_LOOP('',(#5830,#5831,#5832,#5833));
#1503=EDGE_LOOP('',(#5834,#5835,#5836,#5837));
#1504=EDGE_LOOP('',(#5838,#5839,#5840,#5841));
#1505=EDGE_LOOP('',(#5842,#5843,#5844,#5845));
#1506=EDGE_LOOP('',(#5846,#5847,#5848,#5849));
#1507=EDGE_LOOP('',(#5850,#5851,#5852,#5853));
#1508=EDGE_LOOP('',(#5854,#5855,#5856,#5857));
#1509=EDGE_LOOP('',(#5858,#5859,#5860,#5861));
#1510=EDGE_LOOP('',(#5862,#5863,#5864,#5865));
#1511=EDGE_LOOP('',(#5866,#5867,#5868,#5869));
#1512=EDGE_LOOP('',(#5870,#5871,#5872,#5873));
#1513=EDGE_LOOP('',(#5874,#5875,#5876,#5877));
#1514=EDGE_LOOP('',(#5878,#5879,#5880,#5881));
#1515=EDGE_LOOP('',(#5882,#5883,#5884,#5885));
#1516=EDGE_LOOP('',(#5886,#5887,#5888,#5889));
#1517=EDGE_LOOP('',(#5890,#5891,#5892,#5893));
#1518=EDGE_LOOP('',(#5894,#5895,#5896,#5897));
#1519=EDGE_LOOP('',(#5898,#5899,#5900,#5901,#5902,#5903,#5904,#5905,#5906,
#5907,#5908,#5909,#5910,#5911,#5912));
#1520=EDGE_LOOP('',(#5913,#5914,#5915,#5916,#5917,#5918,#5919,#5920));
#1521=EDGE_LOOP('',(#5921,#5922,#5923,#5924));
#1522=EDGE_LOOP('',(#5925,#5926,#5927,#5928));
#1523=EDGE_LOOP('',(#5929,#5930,#5931,#5932));
#1524=EDGE_LOOP('',(#5933,#5934,#5935,#5936));
#1525=EDGE_LOOP('',(#5937,#5938,#5939,#5940));
#1526=EDGE_LOOP('',(#5941,#5942,#5943,#5944));
#1527=EDGE_LOOP('',(#5945,#5946,#5947,#5948));
#1528=EDGE_LOOP('',(#5949,#5950,#5951,#5952));
#1529=EDGE_LOOP('',(#5953,#5954,#5955,#5956));
#1530=EDGE_LOOP('',(#5957,#5958,#5959,#5960));
#1531=EDGE_LOOP('',(#5961,#5962,#5963,#5964));
#1532=EDGE_LOOP('',(#5965,#5966,#5967,#5968));
#1533=EDGE_LOOP('',(#5969,#5970,#5971,#5972));
#1534=EDGE_LOOP('',(#5973,#5974,#5975,#5976));
#1535=EDGE_LOOP('',(#5977,#5978,#5979,#5980));
#1536=EDGE_LOOP('',(#5981,#5982,#5983,#5984));
#1537=EDGE_LOOP('',(#5985,#5986,#5987,#5988));
#1538=EDGE_LOOP('',(#5989,#5990,#5991,#5992));
#1539=EDGE_LOOP('',(#5993,#5994,#5995,#5996));
#1540=EDGE_LOOP('',(#5997,#5998,#5999,#6000));
#1541=EDGE_LOOP('',(#6001,#6002,#6003,#6004));
#1542=EDGE_LOOP('',(#6005,#6006,#6007,#6008));
#1543=EDGE_LOOP('',(#6009,#6010,#6011,#6012));
#1544=EDGE_LOOP('',(#6013,#6014,#6015,#6016));
#1545=EDGE_LOOP('',(#6017,#6018,#6019,#6020));
#1546=EDGE_LOOP('',(#6021,#6022,#6023,#6024));
#1547=EDGE_LOOP('',(#6025,#6026,#6027,#6028));
#1548=EDGE_LOOP('',(#6029,#6030,#6031,#6032));
#1549=EDGE_LOOP('',(#6033,#6034,#6035,#6036));
#1550=EDGE_LOOP('',(#6037,#6038,#6039,#6040));
#1551=EDGE_LOOP('',(#6041,#6042,#6043,#6044));
#1552=EDGE_LOOP('',(#6045,#6046,#6047,#6048));
#1553=EDGE_LOOP('',(#6049,#6050,#6051,#6052));
#1554=EDGE_LOOP('',(#6053,#6054,#6055,#6056));
#1555=EDGE_LOOP('',(#6057,#6058,#6059,#6060));
#1556=EDGE_LOOP('',(#6061,#6062,#6063,#6064));
#1557=EDGE_LOOP('',(#6065,#6066,#6067,#6068));
#1558=EDGE_LOOP('',(#6069,#6070,#6071,#6072,#6073,#6074,#6075,#6076,#6077,
#6078,#6079,#6080,#6081,#6082,#6083,#6084,#6085,#6086,#6087,#6088,#6089,
#6090,#6091,#6092,#6093,#6094,#6095));
#1559=EDGE_LOOP('',(#6096,#6097,#6098,#6099,#6100,#6101,#6102,#6103,#6104,
#6105));
#1560=EDGE_LOOP('',(#6106,#6107,#6108,#6109));
#1561=EDGE_LOOP('',(#6110,#6111,#6112,#6113));
#1562=EDGE_LOOP('',(#6114,#6115,#6116,#6117));
#1563=EDGE_LOOP('',(#6118,#6119,#6120,#6121));
#1564=EDGE_LOOP('',(#6122,#6123,#6124,#6125));
#1565=EDGE_LOOP('',(#6126,#6127,#6128,#6129));
#1566=EDGE_LOOP('',(#6130,#6131,#6132,#6133));
#1567=EDGE_LOOP('',(#6134,#6135,#6136,#6137));
#1568=EDGE_LOOP('',(#6138,#6139,#6140,#6141));
#1569=EDGE_LOOP('',(#6142,#6143,#6144,#6145));
#1570=EDGE_LOOP('',(#6146,#6147,#6148,#6149));
#1571=EDGE_LOOP('',(#6150,#6151,#6152,#6153));
#1572=EDGE_LOOP('',(#6154,#6155,#6156,#6157));
#1573=EDGE_LOOP('',(#6158,#6159,#6160,#6161));
#1574=EDGE_LOOP('',(#6162,#6163,#6164,#6165));
#1575=EDGE_LOOP('',(#6166,#6167,#6168,#6169));
#1576=EDGE_LOOP('',(#6170,#6171,#6172,#6173));
#1577=EDGE_LOOP('',(#6174,#6175,#6176,#6177,#6178,#6179,#6180,#6181,#6182));
#1578=EDGE_LOOP('',(#6183,#6184,#6185,#6186,#6187,#6188,#6189,#6190));
#1579=EDGE_LOOP('',(#6191,#6192,#6193,#6194));
#1580=EDGE_LOOP('',(#6195,#6196,#6197,#6198));
#1581=EDGE_LOOP('',(#6199,#6200,#6201,#6202));
#1582=EDGE_LOOP('',(#6203,#6204,#6205,#6206));
#1583=EDGE_LOOP('',(#6207,#6208,#6209,#6210));
#1584=EDGE_LOOP('',(#6211,#6212,#6213,#6214));
#1585=EDGE_LOOP('',(#6215,#6216,#6217,#6218));
#1586=EDGE_LOOP('',(#6219,#6220,#6221,#6222));
#1587=EDGE_LOOP('',(#6223,#6224,#6225,#6226));
#1588=EDGE_LOOP('',(#6227,#6228,#6229,#6230));
#1589=EDGE_LOOP('',(#6231,#6232,#6233,#6234));
#1590=EDGE_LOOP('',(#6235,#6236,#6237,#6238));
#1591=EDGE_LOOP('',(#6239,#6240,#6241,#6242,#6243,#6244,#6245,#6246,#6247,
#6248,#6249,#6250));
#1592=EDGE_LOOP('',(#6251,#6252,#6253,#6254));
#1593=EDGE_LOOP('',(#6255,#6256,#6257,#6258));
#1594=EDGE_LOOP('',(#6259,#6260,#6261,#6262));
#1595=EDGE_LOOP('',(#6263,#6264,#6265,#6266));
#1596=EDGE_LOOP('',(#6267,#6268,#6269,#6270));
#1597=EDGE_LOOP('',(#6271,#6272,#6273,#6274));
#1598=EDGE_LOOP('',(#6275,#6276,#6277,#6278));
#1599=EDGE_LOOP('',(#6279,#6280,#6281,#6282));
#1600=EDGE_LOOP('',(#6283,#6284,#6285,#6286));
#1601=EDGE_LOOP('',(#6287,#6288,#6289,#6290));
#1602=EDGE_LOOP('',(#6291,#6292,#6293,#6294));
#1603=EDGE_LOOP('',(#6295,#6296,#6297,#6298));
#1604=EDGE_LOOP('',(#6299,#6300,#6301,#6302));
#1605=EDGE_LOOP('',(#6303,#6304,#6305,#6306));
#1606=EDGE_LOOP('',(#6307,#6308,#6309,#6310));
#1607=EDGE_LOOP('',(#6311,#6312,#6313,#6314,#6315,#6316,#6317,#6318,#6319,
#6320,#6321,#6322,#6323,#6324,#6325));
#1608=EDGE_LOOP('',(#6326,#6327,#6328,#6329));
#1609=EDGE_LOOP('',(#6330,#6331,#6332,#6333));
#1610=EDGE_LOOP('',(#6334,#6335,#6336,#6337));
#1611=EDGE_LOOP('',(#6338,#6339,#6340,#6341));
#1612=EDGE_LOOP('',(#6342,#6343,#6344,#6345));
#1613=EDGE_LOOP('',(#6346,#6347,#6348,#6349));
#1614=EDGE_LOOP('',(#6350,#6351,#6352,#6353));
#1615=EDGE_LOOP('',(#6354,#6355,#6356,#6357));
#1616=EDGE_LOOP('',(#6358,#6359,#6360,#6361));
#1617=EDGE_LOOP('',(#6362,#6363,#6364,#6365));
#1618=EDGE_LOOP('',(#6366,#6367,#6368,#6369));
#1619=EDGE_LOOP('',(#6370,#6371,#6372,#6373));
#1620=EDGE_LOOP('',(#6374,#6375,#6376,#6377));
#1621=EDGE_LOOP('',(#6378,#6379,#6380,#6381));
#1622=EDGE_LOOP('',(#6382,#6383,#6384,#6385));
#1623=EDGE_LOOP('',(#6386,#6387,#6388,#6389));
#1624=EDGE_LOOP('',(#6390,#6391,#6392,#6393));
#1625=EDGE_LOOP('',(#6394,#6395,#6396,#6397));
#1626=EDGE_LOOP('',(#6398,#6399,#6400,#6401));
#1627=EDGE_LOOP('',(#6402,#6403,#6404,#6405));
#1628=EDGE_LOOP('',(#6406,#6407,#6408,#6409));
#1629=EDGE_LOOP('',(#6410,#6411,#6412,#6413));
#1630=EDGE_LOOP('',(#6414,#6415,#6416,#6417,#6418,#6419,#6420,#6421,#6422,
#6423,#6424,#6425,#6426,#6427));
#1631=EDGE_LOOP('',(#6428,#6429,#6430,#6431,#6432,#6433,#6434,#6435));
#1632=EDGE_LOOP('',(#6436,#6437,#6438,#6439));
#1633=EDGE_LOOP('',(#6440,#6441,#6442,#6443));
#1634=EDGE_LOOP('',(#6444,#6445,#6446,#6447));
#1635=EDGE_LOOP('',(#6448,#6449,#6450,#6451));
#1636=EDGE_LOOP('',(#6452,#6453,#6454,#6455));
#1637=EDGE_LOOP('',(#6456,#6457,#6458,#6459));
#1638=EDGE_LOOP('',(#6460,#6461,#6462,#6463));
#1639=EDGE_LOOP('',(#6464,#6465,#6466,#6467));
#1640=EDGE_LOOP('',(#6468,#6469,#6470,#6471));
#1641=EDGE_LOOP('',(#6472,#6473,#6474,#6475));
#1642=EDGE_LOOP('',(#6476,#6477,#6478,#6479));
#1643=EDGE_LOOP('',(#6480,#6481,#6482,#6483));
#1644=EDGE_LOOP('',(#6484,#6485,#6486,#6487));
#1645=EDGE_LOOP('',(#6488,#6489,#6490,#6491));
#1646=EDGE_LOOP('',(#6492,#6493,#6494,#6495));
#1647=EDGE_LOOP('',(#6496,#6497,#6498,#6499));
#1648=EDGE_LOOP('',(#6500,#6501,#6502,#6503));
#1649=EDGE_LOOP('',(#6504,#6505,#6506,#6507));
#1650=EDGE_LOOP('',(#6508,#6509,#6510,#6511));
#1651=EDGE_LOOP('',(#6512,#6513,#6514,#6515));
#1652=EDGE_LOOP('',(#6516,#6517,#6518,#6519));
#1653=EDGE_LOOP('',(#6520,#6521,#6522,#6523));
#1654=EDGE_LOOP('',(#6524,#6525,#6526,#6527,#6528,#6529,#6530,#6531,#6532,
#6533,#6534,#6535,#6536,#6537));
#1655=EDGE_LOOP('',(#6538,#6539,#6540,#6541,#6542,#6543,#6544,#6545));
#1656=EDGE_LOOP('',(#6546,#6547,#6548,#6549));
#1657=EDGE_LOOP('',(#6550,#6551,#6552,#6553));
#1658=EDGE_LOOP('',(#6554,#6555,#6556,#6557));
#1659=EDGE_LOOP('',(#6558,#6559,#6560,#6561));
#1660=EDGE_LOOP('',(#6562,#6563,#6564,#6565));
#1661=EDGE_LOOP('',(#6566,#6567,#6568,#6569));
#1662=EDGE_LOOP('',(#6570,#6571,#6572,#6573));
#1663=EDGE_LOOP('',(#6574,#6575,#6576,#6577));
#1664=EDGE_LOOP('',(#6578,#6579,#6580,#6581));
#1665=EDGE_LOOP('',(#6582,#6583,#6584,#6585));
#1666=EDGE_LOOP('',(#6586,#6587,#6588,#6589));
#1667=EDGE_LOOP('',(#6590,#6591,#6592,#6593));
#1668=EDGE_LOOP('',(#6594,#6595,#6596,#6597));
#1669=EDGE_LOOP('',(#6598,#6599,#6600,#6601));
#1670=EDGE_LOOP('',(#6602,#6603,#6604,#6605));
#1671=EDGE_LOOP('',(#6606,#6607,#6608,#6609));
#1672=EDGE_LOOP('',(#6610,#6611,#6612,#6613));
#1673=EDGE_LOOP('',(#6614,#6615,#6616,#6617));
#1674=EDGE_LOOP('',(#6618,#6619,#6620,#6621));
#1675=EDGE_LOOP('',(#6622,#6623,#6624,#6625,#6626,#6627,#6628,#6629,#6630,
#6631,#6632,#6633,#6634,#6635,#6636,#6637,#6638,#6639,#6640));
#1676=EDGE_LOOP('',(#6641,#6642,#6643,#6644));
#1677=EDGE_LOOP('',(#6645,#6646,#6647,#6648));
#1678=EDGE_LOOP('',(#6649,#6650,#6651,#6652));
#1679=EDGE_LOOP('',(#6653,#6654,#6655,#6656));
#1680=EDGE_LOOP('',(#6657,#6658,#6659,#6660));
#1681=EDGE_LOOP('',(#6661,#6662,#6663,#6664));
#1682=EDGE_LOOP('',(#6665,#6666,#6667,#6668));
#1683=EDGE_LOOP('',(#6669,#6670,#6671,#6672));
#1684=EDGE_LOOP('',(#6673,#6674,#6675,#6676));
#1685=EDGE_LOOP('',(#6677,#6678,#6679,#6680));
#1686=EDGE_LOOP('',(#6681,#6682,#6683,#6684));
#1687=EDGE_LOOP('',(#6685,#6686,#6687,#6688));
#1688=EDGE_LOOP('',(#6689,#6690,#6691,#6692));
#1689=EDGE_LOOP('',(#6693,#6694,#6695,#6696));
#1690=EDGE_LOOP('',(#6697,#6698,#6699,#6700));
#1691=EDGE_LOOP('',(#6701,#6702,#6703,#6704));
#1692=EDGE_LOOP('',(#6705,#6706,#6707,#6708));
#1693=EDGE_LOOP('',(#6709,#6710,#6711,#6712));
#1694=EDGE_LOOP('',(#6713,#6714,#6715,#6716));
#1695=EDGE_LOOP('',(#6717,#6718,#6719,#6720));
#1696=EDGE_LOOP('',(#6721,#6722,#6723,#6724,#6725,#6726,#6727,#6728,#6729,
#6730,#6731,#6732,#6733,#6734,#6735));
#1697=EDGE_LOOP('',(#6736,#6737,#6738,#6739,#6740,#6741,#6742,#6743,#6744,
#6745,#6746,#6747));
#1698=EDGE_LOOP('',(#6748,#6749,#6750,#6751));
#1699=EDGE_LOOP('',(#6752,#6753,#6754,#6755,#6756,#6757,#6758,#6759,#6760,
#6761,#6762,#6763,#6764));
#1700=EDGE_LOOP('',(#6765,#6766,#6767,#6768,#6769,#6770,#6771,#6772,#6773));
#1701=EDGE_LOOP('',(#6774,#6775,#6776,#6777,#6778,#6779,#6780,#6781,#6782,
#6783,#6784,#6785,#6786,#6787,#6788,#6789,#6790,#6791,#6792,#6793,#6794,
#6795,#6796,#6797,#6798,#6799,#6800));
#1702=EDGE_LOOP('',(#6801,#6802,#6803,#6804,#6805,#6806,#6807,#6808,#6809,
#6810,#6811,#6812,#6813,#6814,#6815,#6816,#6817,#6818,#6819,#6820,#6821,
#6822,#6823,#6824,#6825,#6826,#6827,#6828,#6829,#6830,#6831,#6832,#6833));
#1703=EDGE_LOOP('',(#6834,#6835,#6836,#6837,#6838,#6839,#6840,#6841,#6842,
#6843,#6844,#6845,#6846,#6847,#6848,#6849,#6850,#6851,#6852,#6853,#6854,
#6855,#6856,#6857,#6858,#6859,#6860));
#1704=EDGE_LOOP('',(#6861,#6862,#6863,#6864,#6865,#6866,#6867,#6868,#6869,
#6870,#6871,#6872,#6873));
#1705=EDGE_LOOP('',(#6874,#6875,#6876,#6877,#6878,#6879,#6880,#6881,#6882,
#6883,#6884,#6885,#6886,#6887,#6888));
#1706=EDGE_LOOP('',(#6889,#6890,#6891,#6892,#6893,#6894,#6895,#6896,#6897,
#6898,#6899,#6900,#6901,#6902,#6903,#6904,#6905,#6906,#6907,#6908,#6909,
#6910,#6911,#6912,#6913,#6914,#6915));
#1707=EDGE_LOOP('',(#6916,#6917,#6918,#6919,#6920,#6921,#6922,#6923,#6924));
#1708=EDGE_LOOP('',(#6925,#6926,#6927,#6928,#6929,#6930,#6931,#6932,#6933,
#6934,#6935,#6936));
#1709=EDGE_LOOP('',(#6937,#6938,#6939,#6940,#6941,#6942,#6943,#6944,#6945,
#6946,#6947,#6948,#6949,#6950,#6951));
#1710=EDGE_LOOP('',(#6952,#6953,#6954,#6955,#6956,#6957,#6958,#6959,#6960,
#6961,#6962,#6963,#6964,#6965));
#1711=EDGE_LOOP('',(#6966,#6967,#6968,#6969,#6970,#6971,#6972,#6973,#6974,
#6975,#6976,#6977,#6978,#6979));
#1712=EDGE_LOOP('',(#6980,#6981,#6982,#6983,#6984,#6985,#6986,#6987,#6988,
#6989,#6990,#6991,#6992,#6993,#6994,#6995,#6996,#6997,#6998));
#1713=EDGE_LOOP('',(#6999,#7000,#7001,#7002));
#1714=EDGE_LOOP('',(#7003,#7004,#7005,#7006,#7007,#7008,#7009,#7010,#7011,
#7012,#7013,#7014,#7015,#7016,#7017));
#1715=EDGE_LOOP('',(#7018,#7019,#7020,#7021));
#1716=EDGE_LOOP('',(#7022,#7023,#7024,#7025));
#1717=EDGE_LOOP('',(#7026));
#1718=EDGE_LOOP('',(#7027));
#1719=EDGE_LOOP('',(#7028));
#1720=EDGE_LOOP('',(#7029));
#1721=EDGE_LOOP('',(#7030,#7031,#7032,#7033,#7034,#7035,#7036,#7037));
#1722=EDGE_LOOP('',(#7038,#7039,#7040,#7041,#7042,#7043,#7044,#7045));
#1723=EDGE_LOOP('',(#7046,#7047,#7048,#7049,#7050,#7051,#7052,#7053));
#1724=EDGE_LOOP('',(#7054,#7055,#7056,#7057,#7058,#7059,#7060,#7061,#7062,
#7063));
#1725=EDGE_LOOP('',(#7064,#7065,#7066,#7067,#7068,#7069,#7070,#7071));
#1726=EDGE_LOOP('',(#7072,#7073,#7074,#7075,#7076,#7077,#7078,#7079,#7080,
#7081));
#1727=EDGE_LOOP('',(#7082,#7083,#7084,#7085,#7086,#7087,#7088,#7089,#7090,
#7091));
#1728=EDGE_LOOP('',(#7092,#7093,#7094,#7095));
#1729=EDGE_LOOP('',(#7096,#7097,#7098,#7099));
#1730=EDGE_LOOP('',(#7100,#7101,#7102,#7103));
#1731=EDGE_LOOP('',(#7104,#7105,#7106,#7107));
#1732=EDGE_LOOP('',(#7108,#7109,#7110,#7111));
#1733=EDGE_LOOP('',(#7112,#7113,#7114,#7115));
#1734=EDGE_LOOP('',(#7116,#7117,#7118,#7119));
#1735=EDGE_LOOP('',(#7120,#7121,#7122,#7123));
#1736=EDGE_LOOP('',(#7124,#7125,#7126,#7127));
#1737=EDGE_LOOP('',(#7128,#7129,#7130,#7131));
#1738=EDGE_LOOP('',(#7132,#7133,#7134,#7135));
#1739=EDGE_LOOP('',(#7136,#7137,#7138,#7139,#7140,#7141,#7142,#7143,#7144,
#7145,#7146,#7147));
#1740=EDGE_LOOP('',(#7148,#7149,#7150,#7151));
#1741=EDGE_LOOP('',(#7152,#7153,#7154,#7155));
#1742=EDGE_LOOP('',(#7156));
#1743=EDGE_LOOP('',(#7157));
#1744=EDGE_LOOP('',(#7158));
#1745=EDGE_LOOP('',(#7159));
#1746=EDGE_LOOP('',(#7160,#7161,#7162,#7163));
#1747=EDGE_LOOP('',(#7164,#7165,#7166,#7167));
#1748=EDGE_LOOP('',(#7168,#7169,#7170,#7171));
#1749=EDGE_LOOP('',(#7172,#7173,#7174,#7175));
#1750=EDGE_LOOP('',(#7176,#7177,#7178,#7179));
#1751=EDGE_LOOP('',(#7180,#7181,#7182,#7183));
#1752=EDGE_LOOP('',(#7184,#7185,#7186,#7187));
#1753=EDGE_LOOP('',(#7188,#7189,#7190,#7191));
#1754=EDGE_LOOP('',(#7192,#7193,#7194,#7195));
#1755=EDGE_LOOP('',(#7196,#7197,#7198,#7199));
#1756=EDGE_LOOP('',(#7200,#7201,#7202,#7203));
#1757=EDGE_LOOP('',(#7204,#7205,#7206,#7207));
#1758=EDGE_LOOP('',(#7208,#7209,#7210,#7211));
#1759=EDGE_LOOP('',(#7212,#7213,#7214,#7215,#7216,#7217,#7218,#7219));
#1760=LINE('',#9044,#2378);
#1761=LINE('',#9046,#2379);
#1762=LINE('',#9048,#2380);
#1763=LINE('',#9049,#2381);
#1764=LINE('',#9053,#2382);
#1765=LINE('',#9055,#2383);
#1766=LINE('',#9057,#2384);
#1767=LINE('',#9058,#2385);
#1768=LINE('',#9060,#2386);
#1769=LINE('',#9061,#2387);
#1770=LINE('',#9064,#2388);
#1771=LINE('',#9066,#2389);
#1772=LINE('',#9068,#2390);
#1773=LINE('',#9070,#2391);
#1774=LINE('',#9071,#2392);
#1775=LINE('',#9073,#2393);
#1776=LINE('',#9075,#2394);
#1777=LINE('',#9077,#2395);
#1778=LINE('',#9079,#2396);
#1779=LINE('',#9080,#2397);
#1780=LINE('',#9091,#2398);
#1781=LINE('',#9093,#2399);
#1782=LINE('',#9094,#2400);
#1783=LINE('',#9098,#2401);
#1784=LINE('',#9100,#2402);
#1785=LINE('',#9102,#2403);
#1786=LINE('',#9103,#2404);
#1787=LINE('',#9105,#2405);
#1788=LINE('',#9106,#2406);
#1789=LINE('',#9108,#2407);
#1790=LINE('',#9113,#2408);
#1791=LINE('',#9119,#2409);
#1792=LINE('',#9125,#2410);
#1793=LINE('',#9131,#2411);
#1794=LINE('',#9135,#2412);
#1795=LINE('',#9137,#2413);
#1796=LINE('',#9138,#2414);
#1797=LINE('',#9149,#2415);
#1798=LINE('',#9152,#2416);
#1799=LINE('',#9154,#2417);
#1800=LINE('',#9157,#2418);
#1801=LINE('',#9160,#2419);
#1802=LINE('',#9162,#2420);
#1803=LINE('',#9163,#2421);
#1804=LINE('',#9171,#2422);
#1805=LINE('',#9173,#2423);
#1806=LINE('',#9175,#2424);
#1807=LINE('',#9176,#2425);
#1808=LINE('',#9179,#2426);
#1809=LINE('',#9181,#2427);
#1810=LINE('',#9182,#2428);
#1811=LINE('',#9185,#2429);
#1812=LINE('',#9187,#2430);
#1813=LINE('',#9188,#2431);
#1814=LINE('',#9190,#2432);
#1815=LINE('',#9191,#2433);
#1816=LINE('',#9196,#2434);
#1817=LINE('',#9198,#2435);
#1818=LINE('',#9200,#2436);
#1819=LINE('',#9201,#2437);
#1820=LINE('',#9219,#2438);
#1821=LINE('',#9242,#2439);
#1822=LINE('',#9265,#2440);
#1823=LINE('',#9288,#2441);
#1824=LINE('',#9296,#2442);
#1825=LINE('',#9298,#2443);
#1826=LINE('',#9299,#2444);
#1827=LINE('',#9317,#2445);
#1828=LINE('',#9340,#2446);
#1829=LINE('',#9363,#2447);
#1830=LINE('',#9371,#2448);
#1831=LINE('',#9373,#2449);
#1832=LINE('',#9374,#2450);
#1833=LINE('',#9377,#2451);
#1834=LINE('',#9379,#2452);
#1835=LINE('',#9380,#2453);
#1836=LINE('',#9383,#2454);
#1837=LINE('',#9385,#2455);
#1838=LINE('',#9386,#2456);
#1839=LINE('',#9388,#2457);
#1840=LINE('',#9389,#2458);
#1841=LINE('',#9409,#2459);
#1842=LINE('',#9416,#2460);
#1843=LINE('',#9434,#2461);
#1844=LINE('',#9457,#2462);
#1845=LINE('',#9480,#2463);
#1846=LINE('',#9503,#2464);
#1847=LINE('',#9526,#2465);
#1848=LINE('',#9549,#2466);
#1849=LINE('',#9593,#2467);
#1850=LINE('',#9600,#2468);
#1851=LINE('',#9618,#2469);
#1852=LINE('',#9641,#2470);
#1853=LINE('',#9664,#2471);
#1854=LINE('',#9687,#2472);
#1855=LINE('',#9710,#2473);
#1856=LINE('',#9733,#2474);
#1857=LINE('',#9756,#2475);
#1858=LINE('',#9801,#2476);
#1859=LINE('',#9808,#2477);
#1860=LINE('',#9826,#2478);
#1861=LINE('',#9849,#2479);
#1862=LINE('',#9872,#2480);
#1863=LINE('',#9895,#2481);
#1864=LINE('',#9918,#2482);
#1865=LINE('',#9941,#2483);
#1866=LINE('',#9964,#2484);
#1867=LINE('',#9987,#2485);
#1868=LINE('',#9994,#2486);
#1869=LINE('',#9995,#2487);
#1870=LINE('',#9999,#2488);
#1871=LINE('',#10001,#2489);
#1872=LINE('',#10003,#2490);
#1873=LINE('',#10004,#2491);
#1874=LINE('',#10022,#2492);
#1875=LINE('',#10045,#2493);
#1876=LINE('',#10053,#2494);
#1877=LINE('',#10055,#2495);
#1878=LINE('',#10056,#2496);
#1879=LINE('',#10074,#2497);
#1880=LINE('',#10097,#2498);
#1881=LINE('',#10120,#2499);
#1882=LINE('',#10143,#2500);
#1883=LINE('',#10166,#2501);
#1884=LINE('',#10189,#2502);
#1885=LINE('',#10212,#2503);
#1886=LINE('',#10220,#2504);
#1887=LINE('',#10222,#2505);
#1888=LINE('',#10223,#2506);
#1889=LINE('',#10241,#2507);
#1890=LINE('',#10264,#2508);
#1891=LINE('',#10287,#2509);
#1892=LINE('',#10310,#2510);
#1893=LINE('',#10333,#2511);
#1894=LINE('',#10356,#2512);
#1895=LINE('',#10379,#2513);
#1896=LINE('',#10402,#2514);
#1897=LINE('',#10425,#2515);
#1898=LINE('',#10448,#2516);
#1899=LINE('',#10471,#2517);
#1900=LINE('',#10494,#2518);
#1901=LINE('',#10517,#2519);
#1902=LINE('',#10540,#2520);
#1903=LINE('',#10585,#2521);
#1904=LINE('',#10592,#2522);
#1905=LINE('',#10610,#2523);
#1906=LINE('',#10633,#2524);
#1907=LINE('',#10656,#2525);
#1908=LINE('',#10679,#2526);
#1909=LINE('',#10702,#2527);
#1910=LINE('',#10725,#2528);
#1911=LINE('',#10748,#2529);
#1912=LINE('',#10771,#2530);
#1913=LINE('',#10794,#2531);
#1914=LINE('',#10817,#2532);
#1915=LINE('',#10840,#2533);
#1916=LINE('',#10863,#2534);
#1917=LINE('',#10886,#2535);
#1918=LINE('',#10894,#2536);
#1919=LINE('',#10896,#2537);
#1920=LINE('',#10897,#2538);
#1921=LINE('',#10915,#2539);
#1922=LINE('',#10938,#2540);
#1923=LINE('',#10961,#2541);
#1924=LINE('',#10984,#2542);
#1925=LINE('',#11007,#2543);
#1926=LINE('',#11030,#2544);
#1927=LINE('',#11053,#2545);
#1928=LINE('',#11076,#2546);
#1929=LINE('',#11099,#2547);
#1930=LINE('',#11122,#2548);
#1931=LINE('',#11145,#2549);
#1932=LINE('',#11168,#2550);
#1933=LINE('',#11191,#2551);
#1934=LINE('',#11214,#2552);
#1935=LINE('',#11237,#2553);
#1936=LINE('',#11260,#2554);
#1937=LINE('',#11268,#2555);
#1938=LINE('',#11270,#2556);
#1939=LINE('',#11271,#2557);
#1940=LINE('',#11311,#2558);
#1941=LINE('',#11318,#2559);
#1942=LINE('',#11336,#2560);
#1943=LINE('',#11359,#2561);
#1944=LINE('',#11382,#2562);
#1945=LINE('',#11405,#2563);
#1946=LINE('',#11428,#2564);
#1947=LINE('',#11451,#2565);
#1948=LINE('',#11474,#2566);
#1949=LINE('',#11497,#2567);
#1950=LINE('',#11504,#2568);
#1951=LINE('',#11505,#2569);
#1952=LINE('',#11509,#2570);
#1953=LINE('',#11511,#2571);
#1954=LINE('',#11513,#2572);
#1955=LINE('',#11514,#2573);
#1956=LINE('',#11532,#2574);
#1957=LINE('',#11555,#2575);
#1958=LINE('',#11563,#2576);
#1959=LINE('',#11565,#2577);
#1960=LINE('',#11566,#2578);
#1961=LINE('',#11584,#2579);
#1962=LINE('',#11607,#2580);
#1963=LINE('',#11630,#2581);
#1964=LINE('',#11653,#2582);
#1965=LINE('',#11676,#2583);
#1966=LINE('',#11699,#2584);
#1967=LINE('',#11722,#2585);
#1968=LINE('',#11730,#2586);
#1969=LINE('',#11732,#2587);
#1970=LINE('',#11733,#2588);
#1971=LINE('',#11751,#2589);
#1972=LINE('',#11774,#2590);
#1973=LINE('',#11797,#2591);
#1974=LINE('',#11820,#2592);
#1975=LINE('',#11843,#2593);
#1976=LINE('',#11866,#2594);
#1977=LINE('',#11889,#2595);
#1978=LINE('',#11912,#2596);
#1979=LINE('',#11935,#2597);
#1980=LINE('',#11958,#2598);
#1981=LINE('',#11981,#2599);
#1982=LINE('',#12004,#2600);
#1983=LINE('',#12027,#2601);
#1984=LINE('',#12050,#2602);
#1985=LINE('',#12080,#2603);
#1986=LINE('',#12082,#2604);
#1987=LINE('',#12084,#2605);
#1988=LINE('',#12085,#2606);
#1989=LINE('',#12103,#2607);
#1990=LINE('',#12126,#2608);
#1991=LINE('',#12149,#2609);
#1992=LINE('',#12172,#2610);
#1993=LINE('',#12180,#2611);
#1994=LINE('',#12182,#2612);
#1995=LINE('',#12183,#2613);
#1996=LINE('',#12201,#2614);
#1997=LINE('',#12224,#2615);
#1998=LINE('',#12247,#2616);
#1999=LINE('',#12255,#2617);
#2000=LINE('',#12257,#2618);
#2001=LINE('',#12258,#2619);
#2002=LINE('',#12261,#2620);
#2003=LINE('',#12263,#2621);
#2004=LINE('',#12264,#2622);
#2005=LINE('',#12267,#2623);
#2006=LINE('',#12269,#2624);
#2007=LINE('',#12270,#2625);
#2008=LINE('',#12272,#2626);
#2009=LINE('',#12273,#2627);
#2010=LINE('',#12293,#2628);
#2011=LINE('',#12300,#2629);
#2012=LINE('',#12318,#2630);
#2013=LINE('',#12341,#2631);
#2014=LINE('',#12364,#2632);
#2015=LINE('',#12387,#2633);
#2016=LINE('',#12410,#2634);
#2017=LINE('',#12433,#2635);
#2018=LINE('',#12462,#2636);
#2019=LINE('',#12464,#2637);
#2020=LINE('',#12466,#2638);
#2021=LINE('',#12467,#2639);
#2022=LINE('',#12485,#2640);
#2023=LINE('',#12508,#2641);
#2024=LINE('',#12531,#2642);
#2025=LINE('',#12554,#2643);
#2026=LINE('',#12577,#2644);
#2027=LINE('',#12600,#2645);
#2028=LINE('',#12623,#2646);
#2029=LINE('',#12646,#2647);
#2030=LINE('',#12669,#2648);
#2031=LINE('',#12692,#2649);
#2032=LINE('',#12700,#2650);
#2033=LINE('',#12702,#2651);
#2034=LINE('',#12703,#2652);
#2035=LINE('',#12706,#2653);
#2036=LINE('',#12708,#2654);
#2037=LINE('',#12709,#2655);
#2038=LINE('',#12712,#2656);
#2039=LINE('',#12714,#2657);
#2040=LINE('',#12715,#2658);
#2041=LINE('',#12717,#2659);
#2042=LINE('',#12718,#2660);
#2043=LINE('',#12738,#2661);
#2044=LINE('',#12745,#2662);
#2045=LINE('',#12763,#2663);
#2046=LINE('',#12786,#2664);
#2047=LINE('',#12809,#2665);
#2048=LINE('',#12832,#2666);
#2049=LINE('',#12855,#2667);
#2050=LINE('',#12878,#2668);
#2051=LINE('',#12901,#2669);
#2052=LINE('',#12924,#2670);
#2053=LINE('',#12931,#2671);
#2054=LINE('',#12932,#2672);
#2055=LINE('',#12936,#2673);
#2056=LINE('',#12938,#2674);
#2057=LINE('',#12940,#2675);
#2058=LINE('',#12941,#2676);
#2059=LINE('',#12959,#2677);
#2060=LINE('',#12982,#2678);
#2061=LINE('',#12990,#2679);
#2062=LINE('',#12992,#2680);
#2063=LINE('',#12993,#2681);
#2064=LINE('',#13011,#2682);
#2065=LINE('',#13034,#2683);
#2066=LINE('',#13057,#2684);
#2067=LINE('',#13080,#2685);
#2068=LINE('',#13103,#2686);
#2069=LINE('',#13126,#2687);
#2070=LINE('',#13149,#2688);
#2071=LINE('',#13157,#2689);
#2072=LINE('',#13159,#2690);
#2073=LINE('',#13160,#2691);
#2074=LINE('',#13178,#2692);
#2075=LINE('',#13201,#2693);
#2076=LINE('',#13224,#2694);
#2077=LINE('',#13247,#2695);
#2078=LINE('',#13270,#2696);
#2079=LINE('',#13293,#2697);
#2080=LINE('',#13316,#2698);
#2081=LINE('',#13339,#2699);
#2082=LINE('',#13362,#2700);
#2083=LINE('',#13385,#2701);
#2084=LINE('',#13408,#2702);
#2085=LINE('',#13431,#2703);
#2086=LINE('',#13454,#2704);
#2087=LINE('',#13477,#2705);
#2088=LINE('',#13522,#2706);
#2089=LINE('',#13529,#2707);
#2090=LINE('',#13547,#2708);
#2091=LINE('',#13570,#2709);
#2092=LINE('',#13593,#2710);
#2093=LINE('',#13616,#2711);
#2094=LINE('',#13639,#2712);
#2095=LINE('',#13662,#2713);
#2096=LINE('',#13706,#2714);
#2097=LINE('',#13713,#2715);
#2098=LINE('',#13731,#2716);
#2099=LINE('',#13754,#2717);
#2100=LINE('',#13777,#2718);
#2101=LINE('',#13800,#2719);
#2102=LINE('',#13823,#2720);
#2103=LINE('',#13846,#2721);
#2104=LINE('',#13869,#2722);
#2105=LINE('',#13899,#2723);
#2106=LINE('',#13901,#2724);
#2107=LINE('',#13903,#2725);
#2108=LINE('',#13904,#2726);
#2109=LINE('',#13907,#2727);
#2110=LINE('',#13909,#2728);
#2111=LINE('',#13910,#2729);
#2112=LINE('',#13913,#2730);
#2113=LINE('',#13915,#2731);
#2114=LINE('',#13916,#2732);
#2115=LINE('',#13919,#2733);
#2116=LINE('',#13921,#2734);
#2117=LINE('',#13922,#2735);
#2118=LINE('',#13925,#2736);
#2119=LINE('',#13927,#2737);
#2120=LINE('',#13928,#2738);
#2121=LINE('',#13931,#2739);
#2122=LINE('',#13933,#2740);
#2123=LINE('',#13934,#2741);
#2124=LINE('',#13937,#2742);
#2125=LINE('',#13939,#2743);
#2126=LINE('',#13940,#2744);
#2127=LINE('',#13943,#2745);
#2128=LINE('',#13945,#2746);
#2129=LINE('',#13946,#2747);
#2130=LINE('',#13949,#2748);
#2131=LINE('',#13951,#2749);
#2132=LINE('',#13952,#2750);
#2133=LINE('',#13955,#2751);
#2134=LINE('',#13957,#2752);
#2135=LINE('',#13958,#2753);
#2136=LINE('',#13961,#2754);
#2137=LINE('',#13963,#2755);
#2138=LINE('',#13964,#2756);
#2139=LINE('',#13966,#2757);
#2140=LINE('',#13967,#2758);
#2141=LINE('',#13972,#2759);
#2142=LINE('',#13974,#2760);
#2143=LINE('',#13976,#2761);
#2144=LINE('',#13977,#2762);
#2145=LINE('',#13980,#2763);
#2146=LINE('',#13982,#2764);
#2147=LINE('',#13983,#2765);
#2148=LINE('',#13986,#2766);
#2149=LINE('',#13988,#2767);
#2150=LINE('',#13989,#2768);
#2151=LINE('',#13992,#2769);
#2152=LINE('',#13994,#2770);
#2153=LINE('',#13995,#2771);
#2154=LINE('',#13998,#2772);
#2155=LINE('',#14000,#2773);
#2156=LINE('',#14001,#2774);
#2157=LINE('',#14004,#2775);
#2158=LINE('',#14006,#2776);
#2159=LINE('',#14007,#2777);
#2160=LINE('',#14010,#2778);
#2161=LINE('',#14012,#2779);
#2162=LINE('',#14013,#2780);
#2163=LINE('',#14016,#2781);
#2164=LINE('',#14018,#2782);
#2165=LINE('',#14019,#2783);
#2166=LINE('',#14022,#2784);
#2167=LINE('',#14024,#2785);
#2168=LINE('',#14025,#2786);
#2169=LINE('',#14043,#2787);
#2170=LINE('',#14066,#2788);
#2171=LINE('',#14074,#2789);
#2172=LINE('',#14076,#2790);
#2173=LINE('',#14077,#2791);
#2174=LINE('',#14080,#2792);
#2175=LINE('',#14082,#2793);
#2176=LINE('',#14083,#2794);
#2177=LINE('',#14086,#2795);
#2178=LINE('',#14088,#2796);
#2179=LINE('',#14089,#2797);
#2180=LINE('',#14091,#2798);
#2181=LINE('',#14092,#2799);
#2182=LINE('',#14112,#2800);
#2183=LINE('',#14119,#2801);
#2184=LINE('',#14137,#2802);
#2185=LINE('',#14160,#2803);
#2186=LINE('',#14183,#2804);
#2187=LINE('',#14206,#2805);
#2188=LINE('',#14229,#2806);
#2189=LINE('',#14252,#2807);
#2190=LINE('',#14281,#2808);
#2191=LINE('',#14283,#2809);
#2192=LINE('',#14285,#2810);
#2193=LINE('',#14286,#2811);
#2194=LINE('',#14289,#2812);
#2195=LINE('',#14291,#2813);
#2196=LINE('',#14292,#2814);
#2197=LINE('',#14295,#2815);
#2198=LINE('',#14297,#2816);
#2199=LINE('',#14298,#2817);
#2200=LINE('',#14316,#2818);
#2201=LINE('',#14339,#2819);
#2202=LINE('',#14362,#2820);
#2203=LINE('',#14385,#2821);
#2204=LINE('',#14408,#2822);
#2205=LINE('',#14431,#2823);
#2206=LINE('',#14454,#2824);
#2207=LINE('',#14477,#2825);
#2208=LINE('',#14500,#2826);
#2209=LINE('',#14508,#2827);
#2210=LINE('',#14510,#2828);
#2211=LINE('',#14511,#2829);
#2212=LINE('',#14513,#2830);
#2213=LINE('',#14514,#2831);
#2214=LINE('',#14534,#2832);
#2215=LINE('',#14541,#2833);
#2216=LINE('',#14559,#2834);
#2217=LINE('',#14582,#2835);
#2218=LINE('',#14605,#2836);
#2219=LINE('',#14628,#2837);
#2220=LINE('',#14651,#2838);
#2221=LINE('',#14674,#2839);
#2222=LINE('',#14703,#2840);
#2223=LINE('',#14705,#2841);
#2224=LINE('',#14707,#2842);
#2225=LINE('',#14708,#2843);
#2226=LINE('',#14711,#2844);
#2227=LINE('',#14713,#2845);
#2228=LINE('',#14714,#2846);
#2229=LINE('',#14717,#2847);
#2230=LINE('',#14719,#2848);
#2231=LINE('',#14720,#2849);
#2232=LINE('',#14738,#2850);
#2233=LINE('',#14761,#2851);
#2234=LINE('',#14784,#2852);
#2235=LINE('',#14807,#2853);
#2236=LINE('',#14830,#2854);
#2237=LINE('',#14853,#2855);
#2238=LINE('',#14876,#2856);
#2239=LINE('',#14899,#2857);
#2240=LINE('',#14922,#2858);
#2241=LINE('',#14930,#2859);
#2242=LINE('',#14932,#2860);
#2243=LINE('',#14933,#2861);
#2244=LINE('',#14935,#2862);
#2245=LINE('',#14936,#2863);
#2246=LINE('',#14956,#2864);
#2247=LINE('',#14963,#2865);
#2248=LINE('',#14981,#2866);
#2249=LINE('',#15004,#2867);
#2250=LINE('',#15027,#2868);
#2251=LINE('',#15050,#2869);
#2252=LINE('',#15073,#2870);
#2253=LINE('',#15096,#2871);
#2254=LINE('',#15104,#2872);
#2255=LINE('',#15106,#2873);
#2256=LINE('',#15107,#2874);
#2257=LINE('',#15125,#2875);
#2258=LINE('',#15148,#2876);
#2259=LINE('',#15171,#2877);
#2260=LINE('',#15194,#2878);
#2261=LINE('',#15217,#2879);
#2262=LINE('',#15240,#2880);
#2263=LINE('',#15263,#2881);
#2264=LINE('',#15286,#2882);
#2265=LINE('',#15309,#2883);
#2266=LINE('',#15317,#2884);
#2267=LINE('',#15319,#2885);
#2268=LINE('',#15320,#2886);
#2269=LINE('',#15345,#2887);
#2270=LINE('',#15347,#2888);
#2271=LINE('',#15349,#2889);
#2272=LINE('',#15350,#2890);
#2273=LINE('',#15353,#2891);
#2274=LINE('',#15355,#2892);
#2275=LINE('',#15356,#2893);
#2276=LINE('',#15359,#2894);
#2277=LINE('',#15361,#2895);
#2278=LINE('',#15362,#2896);
#2279=LINE('',#15364,#2897);
#2280=LINE('',#15365,#2898);
#2281=LINE('',#15370,#2899);
#2282=LINE('',#15372,#2900);
#2283=LINE('',#15374,#2901);
#2284=LINE('',#15375,#2902);
#2285=LINE('',#15378,#2903);
#2286=LINE('',#15380,#2904);
#2287=LINE('',#15381,#2905);
#2288=LINE('',#15384,#2906);
#2289=LINE('',#15386,#2907);
#2290=LINE('',#15387,#2908);
#2291=LINE('',#15390,#2909);
#2292=LINE('',#15392,#2910);
#2293=LINE('',#15393,#2911);
#2294=LINE('',#15396,#2912);
#2295=LINE('',#15398,#2913);
#2296=LINE('',#15399,#2914);
#2297=LINE('',#15402,#2915);
#2298=LINE('',#15404,#2916);
#2299=LINE('',#15405,#2917);
#2300=LINE('',#15408,#2918);
#2301=LINE('',#15410,#2919);
#2302=LINE('',#15411,#2920);
#2303=LINE('',#15414,#2921);
#2304=LINE('',#15416,#2922);
#2305=LINE('',#15417,#2923);
#2306=LINE('',#15420,#2924);
#2307=LINE('',#15422,#2925);
#2308=LINE('',#15423,#2926);
#2309=LINE('',#15441,#2927);
#2310=LINE('',#15464,#2928);
#2311=LINE('',#15472,#2929);
#2312=LINE('',#15474,#2930);
#2313=LINE('',#15475,#2931);
#2314=LINE('',#15478,#2932);
#2315=LINE('',#15480,#2933);
#2316=LINE('',#15481,#2934);
#2317=LINE('',#15484,#2935);
#2318=LINE('',#15486,#2936);
#2319=LINE('',#15487,#2937);
#2320=LINE('',#15489,#2938);
#2321=LINE('',#15490,#2939);
#2322=LINE('',#15495,#2940);
#2323=LINE('',#15497,#2941);
#2324=LINE('',#15501,#2942);
#2325=LINE('',#15505,#2943);
#2326=LINE('',#15509,#2944);
#2327=LINE('',#15513,#2945);
#2328=LINE('',#15515,#2946);
#2329=LINE('',#15516,#2947);
#2330=LINE('',#15519,#2948);
#2331=LINE('',#15521,#2949);
#2332=LINE('',#15523,#2950);
#2333=LINE('',#15524,#2951);
#2334=LINE('',#15527,#2952);
#2335=LINE('',#15529,#2953);
#2336=LINE('',#15531,#2954);
#2337=LINE('',#15532,#2955);
#2338=LINE('',#15550,#2956);
#2339=LINE('',#15552,#2957);
#2340=LINE('',#15553,#2958);
#2341=LINE('',#15556,#2959);
#2342=LINE('',#15557,#2960);
#2343=LINE('',#15560,#2961);
#2344=LINE('',#15561,#2962);
#2345=LINE('',#15563,#2963);
#2346=LINE('',#15566,#2964);
#2347=LINE('',#15568,#2965);
#2348=LINE('',#15569,#2966);
#2349=LINE('',#15572,#2967);
#2350=LINE('',#15573,#2968);
#2351=LINE('',#15576,#2969);
#2352=LINE('',#15577,#2970);
#2353=LINE('',#15579,#2971);
#2354=LINE('',#15583,#2972);
#2355=LINE('',#15584,#2973);
#2356=LINE('',#15585,#2974);
#2357=LINE('',#15588,#2975);
#2358=LINE('',#15589,#2976);
#2359=LINE('',#15592,#2977);
#2360=LINE('',#15593,#2978);
#2361=LINE('',#15596,#2979);
#2362=LINE('',#15600,#2980);
#2363=LINE('',#15604,#2981);
#2364=LINE('',#15608,#2982);
#2365=LINE('',#15611,#2983);
#2366=LINE('',#15621,#2984);
#2367=LINE('',#15623,#2985);
#2368=LINE('',#15624,#2986);
#2369=LINE('',#15627,#2987);
#2370=LINE('',#15629,#2988);
#2371=LINE('',#15630,#2989);
#2372=LINE('',#15632,#2990);
#2373=LINE('',#15634,#2991);
#2374=LINE('',#15636,#2992);
#2375=LINE('',#15638,#2993);
#2376=LINE('',#15640,#2994);
#2377=LINE('',#15642,#2995);
#2378=VECTOR('',#8021,10.);
#2379=VECTOR('',#8022,10.);
#2380=VECTOR('',#8023,10.);
#2381=VECTOR('',#8024,10.);
#2382=VECTOR('',#8027,10.);
#2383=VECTOR('',#8028,10.);
#2384=VECTOR('',#8029,10.);
#2385=VECTOR('',#8030,10.);
#2386=VECTOR('',#8033,10.);
#2387=VECTOR('',#8034,10.);
#2388=VECTOR('',#8037,10.);
#2389=VECTOR('',#8038,10.);
#2390=VECTOR('',#8039,10.);
#2391=VECTOR('',#8040,10.);
#2392=VECTOR('',#8041,10.);
#2393=VECTOR('',#8042,10.);
#2394=VECTOR('',#8043,10.);
#2395=VECTOR('',#8044,10.);
#2396=VECTOR('',#8045,10.);
#2397=VECTOR('',#8046,10.);
#2398=VECTOR('',#8057,10.);
#2399=VECTOR('',#8058,10.);
#2400=VECTOR('',#8059,10.);
#2401=VECTOR('',#8062,10.);
#2402=VECTOR('',#8063,10.);
#2403=VECTOR('',#8064,10.);
#2404=VECTOR('',#8065,10.);
#2405=VECTOR('',#8068,10.);
#2406=VECTOR('',#8069,10.);
#2407=VECTOR('',#8072,10.);
#2408=VECTOR('',#8077,3.00000000000001);
#2409=VECTOR('',#8084,3.);
#2410=VECTOR('',#8091,3.00000000000001);
#2411=VECTOR('',#8098,3.);
#2412=VECTOR('',#8103,10.);
#2413=VECTOR('',#8104,10.);
#2414=VECTOR('',#8105,10.);
#2415=VECTOR('',#8120,10.);
#2416=VECTOR('',#8125,1.7);
#2417=VECTOR('',#8128,1.7);
#2418=VECTOR('',#8131,1.7);
#2419=VECTOR('',#8136,1.7);
#2420=VECTOR('',#8139,10.);
#2421=VECTOR('',#8140,10.);
#2422=VECTOR('',#8151,10.);
#2423=VECTOR('',#8152,10.);
#2424=VECTOR('',#8153,10.);
#2425=VECTOR('',#8154,10.);
#2426=VECTOR('',#8157,10.);
#2427=VECTOR('',#8158,10.);
#2428=VECTOR('',#8159,10.);
#2429=VECTOR('',#8162,10.);
#2430=VECTOR('',#8163,10.);
#2431=VECTOR('',#8164,10.);
#2432=VECTOR('',#8167,10.);
#2433=VECTOR('',#8168,10.);
#2434=VECTOR('',#8173,10.);
#2435=VECTOR('',#8174,10.);
#2436=VECTOR('',#8175,10.);
#2437=VECTOR('',#8176,10.);
#2438=VECTOR('',#8177,10.);
#2439=VECTOR('',#8178,10.);
#2440=VECTOR('',#8179,10.);
#2441=VECTOR('',#8180,10.);
#2442=VECTOR('',#8183,10.);
#2443=VECTOR('',#8184,10.);
#2444=VECTOR('',#8185,10.);
#2445=VECTOR('',#8186,10.);
#2446=VECTOR('',#8187,10.);
#2447=VECTOR('',#8188,10.);
#2448=VECTOR('',#8191,10.);
#2449=VECTOR('',#8192,10.);
#2450=VECTOR('',#8193,10.);
#2451=VECTOR('',#8196,10.);
#2452=VECTOR('',#8197,10.);
#2453=VECTOR('',#8198,10.);
#2454=VECTOR('',#8201,10.);
#2455=VECTOR('',#8202,10.);
#2456=VECTOR('',#8203,10.);
#2457=VECTOR('',#8206,10.);
#2458=VECTOR('',#8207,10.);
#2459=VECTOR('',#8210,10.);
#2460=VECTOR('',#8211,10.);
#2461=VECTOR('',#8212,10.);
#2462=VECTOR('',#8213,10.);
#2463=VECTOR('',#8214,10.);
#2464=VECTOR('',#8215,10.);
#2465=VECTOR('',#8216,10.);
#2466=VECTOR('',#8217,10.);
#2467=VECTOR('',#8218,10.);
#2468=VECTOR('',#8219,10.);
#2469=VECTOR('',#8220,10.);
#2470=VECTOR('',#8221,10.);
#2471=VECTOR('',#8222,10.);
#2472=VECTOR('',#8223,10.);
#2473=VECTOR('',#8224,10.);
#2474=VECTOR('',#8225,10.);
#2475=VECTOR('',#8226,10.);
#2476=VECTOR('',#8229,10.);
#2477=VECTOR('',#8230,10.);
#2478=VECTOR('',#8231,10.);
#2479=VECTOR('',#8232,10.);
#2480=VECTOR('',#8233,10.);
#2481=VECTOR('',#8234,10.);
#2482=VECTOR('',#8235,10.);
#2483=VECTOR('',#8236,10.);
#2484=VECTOR('',#8237,10.);
#2485=VECTOR('',#8238,10.);
#2486=VECTOR('',#8241,10.);
#2487=VECTOR('',#8242,10.);
#2488=VECTOR('',#8245,10.);
#2489=VECTOR('',#8246,10.);
#2490=VECTOR('',#8247,10.);
#2491=VECTOR('',#8248,10.);
#2492=VECTOR('',#8249,10.);
#2493=VECTOR('',#8250,10.);
#2494=VECTOR('',#8253,10.);
#2495=VECTOR('',#8254,10.);
#2496=VECTOR('',#8255,10.);
#2497=VECTOR('',#8256,10.);
#2498=VECTOR('',#8257,10.);
#2499=VECTOR('',#8258,10.);
#2500=VECTOR('',#8259,10.);
#2501=VECTOR('',#8260,10.);
#2502=VECTOR('',#8261,10.);
#2503=VECTOR('',#8262,10.);
#2504=VECTOR('',#8265,10.);
#2505=VECTOR('',#8266,10.);
#2506=VECTOR('',#8267,10.);
#2507=VECTOR('',#8268,10.);
#2508=VECTOR('',#8269,10.);
#2509=VECTOR('',#8270,10.);
#2510=VECTOR('',#8271,10.);
#2511=VECTOR('',#8272,10.);
#2512=VECTOR('',#8273,10.);
#2513=VECTOR('',#8274,10.);
#2514=VECTOR('',#8275,10.);
#2515=VECTOR('',#8276,10.);
#2516=VECTOR('',#8277,10.);
#2517=VECTOR('',#8278,10.);
#2518=VECTOR('',#8279,10.);
#2519=VECTOR('',#8280,10.);
#2520=VECTOR('',#8281,10.);
#2521=VECTOR('',#8284,10.);
#2522=VECTOR('',#8285,10.);
#2523=VECTOR('',#8286,10.);
#2524=VECTOR('',#8287,10.);
#2525=VECTOR('',#8288,10.);
#2526=VECTOR('',#8289,10.);
#2527=VECTOR('',#8290,10.);
#2528=VECTOR('',#8291,10.);
#2529=VECTOR('',#8292,10.);
#2530=VECTOR('',#8293,10.);
#2531=VECTOR('',#8294,10.);
#2532=VECTOR('',#8295,10.);
#2533=VECTOR('',#8296,10.);
#2534=VECTOR('',#8297,10.);
#2535=VECTOR('',#8298,10.);
#2536=VECTOR('',#8301,10.);
#2537=VECTOR('',#8302,10.);
#2538=VECTOR('',#8303,10.);
#2539=VECTOR('',#8304,10.);
#2540=VECTOR('',#8305,10.);
#2541=VECTOR('',#8306,10.);
#2542=VECTOR('',#8307,10.);
#2543=VECTOR('',#8308,10.);
#2544=VECTOR('',#8309,10.);
#2545=VECTOR('',#8310,10.);
#2546=VECTOR('',#8311,10.);
#2547=VECTOR('',#8312,10.);
#2548=VECTOR('',#8313,10.);
#2549=VECTOR('',#8314,10.);
#2550=VECTOR('',#8315,10.);
#2551=VECTOR('',#8316,10.);
#2552=VECTOR('',#8317,10.);
#2553=VECTOR('',#8318,10.);
#2554=VECTOR('',#8319,10.);
#2555=VECTOR('',#8322,10.);
#2556=VECTOR('',#8323,10.);
#2557=VECTOR('',#8324,10.);
#2558=VECTOR('',#8327,10.);
#2559=VECTOR('',#8328,10.);
#2560=VECTOR('',#8329,10.);
#2561=VECTOR('',#8330,10.);
#2562=VECTOR('',#8331,10.);
#2563=VECTOR('',#8332,10.);
#2564=VECTOR('',#8333,10.);
#2565=VECTOR('',#8334,10.);
#2566=VECTOR('',#8335,10.);
#2567=VECTOR('',#8336,10.);
#2568=VECTOR('',#8339,10.);
#2569=VECTOR('',#8340,10.);
#2570=VECTOR('',#8343,10.);
#2571=VECTOR('',#8344,10.);
#2572=VECTOR('',#8345,10.);
#2573=VECTOR('',#8346,10.);
#2574=VECTOR('',#8347,10.);
#2575=VECTOR('',#8348,10.);
#2576=VECTOR('',#8351,10.);
#2577=VECTOR('',#8352,10.);
#2578=VECTOR('',#8353,10.);
#2579=VECTOR('',#8354,10.);
#2580=VECTOR('',#8355,10.);
#2581=VECTOR('',#8356,10.);
#2582=VECTOR('',#8357,10.);
#2583=VECTOR('',#8358,10.);
#2584=VECTOR('',#8359,10.);
#2585=VECTOR('',#8360,10.);
#2586=VECTOR('',#8363,10.);
#2587=VECTOR('',#8364,10.);
#2588=VECTOR('',#8365,10.);
#2589=VECTOR('',#8366,10.);
#2590=VECTOR('',#8367,10.);
#2591=VECTOR('',#8368,10.);
#2592=VECTOR('',#8369,10.);
#2593=VECTOR('',#8370,10.);
#2594=VECTOR('',#8371,10.);
#2595=VECTOR('',#8372,10.);
#2596=VECTOR('',#8373,10.);
#2597=VECTOR('',#8374,10.);
#2598=VECTOR('',#8375,10.);
#2599=VECTOR('',#8376,10.);
#2600=VECTOR('',#8377,10.);
#2601=VECTOR('',#8378,10.);
#2602=VECTOR('',#8379,10.);
#2603=VECTOR('',#8384,10.);
#2604=VECTOR('',#8385,10.);
#2605=VECTOR('',#8386,10.);
#2606=VECTOR('',#8387,10.);
#2607=VECTOR('',#8388,10.);
#2608=VECTOR('',#8389,10.);
#2609=VECTOR('',#8390,10.);
#2610=VECTOR('',#8391,10.);
#2611=VECTOR('',#8394,10.);
#2612=VECTOR('',#8395,10.);
#2613=VECTOR('',#8396,10.);
#2614=VECTOR('',#8397,10.);
#2615=VECTOR('',#8398,10.);
#2616=VECTOR('',#8399,10.);
#2617=VECTOR('',#8402,10.);
#2618=VECTOR('',#8403,10.);
#2619=VECTOR('',#8404,10.);
#2620=VECTOR('',#8407,10.);
#2621=VECTOR('',#8408,10.);
#2622=VECTOR('',#8409,10.);
#2623=VECTOR('',#8412,10.);
#2624=VECTOR('',#8413,10.);
#2625=VECTOR('',#8414,10.);
#2626=VECTOR('',#8417,10.);
#2627=VECTOR('',#8418,10.);
#2628=VECTOR('',#8421,10.);
#2629=VECTOR('',#8422,10.);
#2630=VECTOR('',#8423,10.);
#2631=VECTOR('',#8424,10.);
#2632=VECTOR('',#8425,10.);
#2633=VECTOR('',#8426,10.);
#2634=VECTOR('',#8427,10.);
#2635=VECTOR('',#8428,10.);
#2636=VECTOR('',#8431,10.);
#2637=VECTOR('',#8432,10.);
#2638=VECTOR('',#8433,10.);
#2639=VECTOR('',#8434,10.);
#2640=VECTOR('',#8435,10.);
#2641=VECTOR('',#8436,10.);
#2642=VECTOR('',#8437,10.);
#2643=VECTOR('',#8438,10.);
#2644=VECTOR('',#8439,10.);
#2645=VECTOR('',#8440,10.);
#2646=VECTOR('',#8441,10.);
#2647=VECTOR('',#8442,10.);
#2648=VECTOR('',#8443,10.);
#2649=VECTOR('',#8444,10.);
#2650=VECTOR('',#8447,10.);
#2651=VECTOR('',#8448,10.);
#2652=VECTOR('',#8449,10.);
#2653=VECTOR('',#8452,10.);
#2654=VECTOR('',#8453,10.);
#2655=VECTOR('',#8454,10.);
#2656=VECTOR('',#8457,10.);
#2657=VECTOR('',#8458,10.);
#2658=VECTOR('',#8459,10.);
#2659=VECTOR('',#8462,10.);
#2660=VECTOR('',#8463,10.);
#2661=VECTOR('',#8466,10.);
#2662=VECTOR('',#8467,10.);
#2663=VECTOR('',#8468,10.);
#2664=VECTOR('',#8469,10.);
#2665=VECTOR('',#8470,10.);
#2666=VECTOR('',#8471,10.);
#2667=VECTOR('',#8472,10.);
#2668=VECTOR('',#8473,10.);
#2669=VECTOR('',#8474,10.);
#2670=VECTOR('',#8475,10.);
#2671=VECTOR('',#8478,10.);
#2672=VECTOR('',#8479,10.);
#2673=VECTOR('',#8482,10.);
#2674=VECTOR('',#8483,10.);
#2675=VECTOR('',#8484,10.);
#2676=VECTOR('',#8485,10.);
#2677=VECTOR('',#8486,10.);
#2678=VECTOR('',#8487,10.);
#2679=VECTOR('',#8490,10.);
#2680=VECTOR('',#8491,10.);
#2681=VECTOR('',#8492,10.);
#2682=VECTOR('',#8493,10.);
#2683=VECTOR('',#8494,10.);
#2684=VECTOR('',#8495,10.);
#2685=VECTOR('',#8496,10.);
#2686=VECTOR('',#8497,10.);
#2687=VECTOR('',#8498,10.);
#2688=VECTOR('',#8499,10.);
#2689=VECTOR('',#8502,10.);
#2690=VECTOR('',#8503,10.);
#2691=VECTOR('',#8504,10.);
#2692=VECTOR('',#8505,10.);
#2693=VECTOR('',#8506,10.);
#2694=VECTOR('',#8507,10.);
#2695=VECTOR('',#8508,10.);
#2696=VECTOR('',#8509,10.);
#2697=VECTOR('',#8510,10.);
#2698=VECTOR('',#8511,10.);
#2699=VECTOR('',#8512,10.);
#2700=VECTOR('',#8513,10.);
#2701=VECTOR('',#8514,10.);
#2702=VECTOR('',#8515,10.);
#2703=VECTOR('',#8516,10.);
#2704=VECTOR('',#8517,10.);
#2705=VECTOR('',#8518,10.);
#2706=VECTOR('',#8521,10.);
#2707=VECTOR('',#8522,10.);
#2708=VECTOR('',#8523,10.);
#2709=VECTOR('',#8524,10.);
#2710=VECTOR('',#8525,10.);
#2711=VECTOR('',#8526,10.);
#2712=VECTOR('',#8527,10.);
#2713=VECTOR('',#8528,10.);
#2714=VECTOR('',#8529,10.);
#2715=VECTOR('',#8530,10.);
#2716=VECTOR('',#8531,10.);
#2717=VECTOR('',#8532,10.);
#2718=VECTOR('',#8533,10.);
#2719=VECTOR('',#8534,10.);
#2720=VECTOR('',#8535,10.);
#2721=VECTOR('',#8536,10.);
#2722=VECTOR('',#8537,10.);
#2723=VECTOR('',#8542,10.);
#2724=VECTOR('',#8543,10.);
#2725=VECTOR('',#8544,10.);
#2726=VECTOR('',#8545,10.);
#2727=VECTOR('',#8548,10.);
#2728=VECTOR('',#8549,10.);
#2729=VECTOR('',#8550,10.);
#2730=VECTOR('',#8553,10.);
#2731=VECTOR('',#8554,10.);
#2732=VECTOR('',#8555,10.);
#2733=VECTOR('',#8558,10.);
#2734=VECTOR('',#8559,10.);
#2735=VECTOR('',#8560,10.);
#2736=VECTOR('',#8563,10.);
#2737=VECTOR('',#8564,10.);
#2738=VECTOR('',#8565,10.);
#2739=VECTOR('',#8568,10.);
#2740=VECTOR('',#8569,10.);
#2741=VECTOR('',#8570,10.);
#2742=VECTOR('',#8573,10.);
#2743=VECTOR('',#8574,10.);
#2744=VECTOR('',#8575,10.);
#2745=VECTOR('',#8578,10.);
#2746=VECTOR('',#8579,10.);
#2747=VECTOR('',#8580,10.);
#2748=VECTOR('',#8583,10.);
#2749=VECTOR('',#8584,10.);
#2750=VECTOR('',#8585,10.);
#2751=VECTOR('',#8588,10.);
#2752=VECTOR('',#8589,10.);
#2753=VECTOR('',#8590,10.);
#2754=VECTOR('',#8593,10.);
#2755=VECTOR('',#8594,10.);
#2756=VECTOR('',#8595,10.);
#2757=VECTOR('',#8598,10.);
#2758=VECTOR('',#8599,10.);
#2759=VECTOR('',#8604,10.);
#2760=VECTOR('',#8605,10.);
#2761=VECTOR('',#8606,10.);
#2762=VECTOR('',#8607,10.);
#2763=VECTOR('',#8610,10.);
#2764=VECTOR('',#8611,10.);
#2765=VECTOR('',#8612,10.);
#2766=VECTOR('',#8615,10.);
#2767=VECTOR('',#8616,10.);
#2768=VECTOR('',#8617,10.);
#2769=VECTOR('',#8620,10.);
#2770=VECTOR('',#8621,10.);
#2771=VECTOR('',#8622,10.);
#2772=VECTOR('',#8625,10.);
#2773=VECTOR('',#8626,10.);
#2774=VECTOR('',#8627,10.);
#2775=VECTOR('',#8630,10.);
#2776=VECTOR('',#8631,10.);
#2777=VECTOR('',#8632,10.);
#2778=VECTOR('',#8635,10.);
#2779=VECTOR('',#8636,10.);
#2780=VECTOR('',#8637,10.);
#2781=VECTOR('',#8640,10.);
#2782=VECTOR('',#8641,10.);
#2783=VECTOR('',#8642,10.);
#2784=VECTOR('',#8645,10.);
#2785=VECTOR('',#8646,10.);
#2786=VECTOR('',#8647,10.);
#2787=VECTOR('',#8648,10.);
#2788=VECTOR('',#8649,10.);
#2789=VECTOR('',#8652,10.);
#2790=VECTOR('',#8653,10.);
#2791=VECTOR('',#8654,10.);
#2792=VECTOR('',#8657,10.);
#2793=VECTOR('',#8658,10.);
#2794=VECTOR('',#8659,10.);
#2795=VECTOR('',#8662,10.);
#2796=VECTOR('',#8663,10.);
#2797=VECTOR('',#8664,10.);
#2798=VECTOR('',#8667,10.);
#2799=VECTOR('',#8668,10.);
#2800=VECTOR('',#8671,10.);
#2801=VECTOR('',#8672,10.);
#2802=VECTOR('',#8673,10.);
#2803=VECTOR('',#8674,10.);
#2804=VECTOR('',#8675,10.);
#2805=VECTOR('',#8676,10.);
#2806=VECTOR('',#8677,10.);
#2807=VECTOR('',#8678,10.);
#2808=VECTOR('',#8681,10.);
#2809=VECTOR('',#8682,10.);
#2810=VECTOR('',#8683,10.);
#2811=VECTOR('',#8684,10.);
#2812=VECTOR('',#8687,10.);
#2813=VECTOR('',#8688,10.);
#2814=VECTOR('',#8689,10.);
#2815=VECTOR('',#8692,10.);
#2816=VECTOR('',#8693,10.);
#2817=VECTOR('',#8694,10.);
#2818=VECTOR('',#8695,10.);
#2819=VECTOR('',#8696,10.);
#2820=VECTOR('',#8697,10.);
#2821=VECTOR('',#8698,10.);
#2822=VECTOR('',#8699,10.);
#2823=VECTOR('',#8700,10.);
#2824=VECTOR('',#8701,10.);
#2825=VECTOR('',#8702,10.);
#2826=VECTOR('',#8703,10.);
#2827=VECTOR('',#8706,10.);
#2828=VECTOR('',#8707,10.);
#2829=VECTOR('',#8708,10.);
#2830=VECTOR('',#8711,10.);
#2831=VECTOR('',#8712,10.);
#2832=VECTOR('',#8715,10.);
#2833=VECTOR('',#8716,10.);
#2834=VECTOR('',#8717,10.);
#2835=VECTOR('',#8718,10.);
#2836=VECTOR('',#8719,10.);
#2837=VECTOR('',#8720,10.);
#2838=VECTOR('',#8721,10.);
#2839=VECTOR('',#8722,10.);
#2840=VECTOR('',#8725,10.);
#2841=VECTOR('',#8726,10.);
#2842=VECTOR('',#8727,10.);
#2843=VECTOR('',#8728,10.);
#2844=VECTOR('',#8731,10.);
#2845=VECTOR('',#8732,10.);
#2846=VECTOR('',#8733,10.);
#2847=VECTOR('',#8736,10.);
#2848=VECTOR('',#8737,10.);
#2849=VECTOR('',#8738,10.);
#2850=VECTOR('',#8739,10.);
#2851=VECTOR('',#8740,10.);
#2852=VECTOR('',#8741,10.);
#2853=VECTOR('',#8742,10.);
#2854=VECTOR('',#8743,10.);
#2855=VECTOR('',#8744,10.);
#2856=VECTOR('',#8745,10.);
#2857=VECTOR('',#8746,10.);
#2858=VECTOR('',#8747,10.);
#2859=VECTOR('',#8750,10.);
#2860=VECTOR('',#8751,10.);
#2861=VECTOR('',#8752,10.);
#2862=VECTOR('',#8755,10.);
#2863=VECTOR('',#8756,10.);
#2864=VECTOR('',#8759,10.);
#2865=VECTOR('',#8760,10.);
#2866=VECTOR('',#8761,10.);
#2867=VECTOR('',#8762,10.);
#2868=VECTOR('',#8763,10.);
#2869=VECTOR('',#8764,10.);
#2870=VECTOR('',#8765,10.);
#2871=VECTOR('',#8766,10.);
#2872=VECTOR('',#8769,10.);
#2873=VECTOR('',#8770,10.);
#2874=VECTOR('',#8771,10.);
#2875=VECTOR('',#8772,10.);
#2876=VECTOR('',#8773,10.);
#2877=VECTOR('',#8774,10.);
#2878=VECTOR('',#8775,10.);
#2879=VECTOR('',#8776,10.);
#2880=VECTOR('',#8777,10.);
#2881=VECTOR('',#8778,10.);
#2882=VECTOR('',#8779,10.);
#2883=VECTOR('',#8780,10.);
#2884=VECTOR('',#8783,10.);
#2885=VECTOR('',#8784,10.);
#2886=VECTOR('',#8785,10.);
#2887=VECTOR('',#8790,10.);
#2888=VECTOR('',#8791,10.);
#2889=VECTOR('',#8792,10.);
#2890=VECTOR('',#8793,10.);
#2891=VECTOR('',#8796,10.);
#2892=VECTOR('',#8797,10.);
#2893=VECTOR('',#8798,10.);
#2894=VECTOR('',#8801,10.);
#2895=VECTOR('',#8802,10.);
#2896=VECTOR('',#8803,10.);
#2897=VECTOR('',#8806,10.);
#2898=VECTOR('',#8807,10.);
#2899=VECTOR('',#8812,10.);
#2900=VECTOR('',#8813,10.);
#2901=VECTOR('',#8814,10.);
#2902=VECTOR('',#8815,10.);
#2903=VECTOR('',#8818,10.);
#2904=VECTOR('',#8819,10.);
#2905=VECTOR('',#8820,10.);
#2906=VECTOR('',#8823,10.);
#2907=VECTOR('',#8824,10.);
#2908=VECTOR('',#8825,10.);
#2909=VECTOR('',#8828,10.);
#2910=VECTOR('',#8829,10.);
#2911=VECTOR('',#8830,10.);
#2912=VECTOR('',#8833,10.);
#2913=VECTOR('',#8834,10.);
#2914=VECTOR('',#8835,10.);
#2915=VECTOR('',#8838,10.);
#2916=VECTOR('',#8839,10.);
#2917=VECTOR('',#8840,10.);
#2918=VECTOR('',#8843,10.);
#2919=VECTOR('',#8844,10.);
#2920=VECTOR('',#8845,10.);
#2921=VECTOR('',#8848,10.);
#2922=VECTOR('',#8849,10.);
#2923=VECTOR('',#8850,10.);
#2924=VECTOR('',#8853,10.);
#2925=VECTOR('',#8854,10.);
#2926=VECTOR('',#8855,10.);
#2927=VECTOR('',#8856,10.);
#2928=VECTOR('',#8857,10.);
#2929=VECTOR('',#8860,10.);
#2930=VECTOR('',#8861,10.);
#2931=VECTOR('',#8862,10.);
#2932=VECTOR('',#8865,10.);
#2933=VECTOR('',#8866,10.);
#2934=VECTOR('',#8867,10.);
#2935=VECTOR('',#8870,10.);
#2936=VECTOR('',#8871,10.);
#2937=VECTOR('',#8872,10.);
#2938=VECTOR('',#8875,10.);
#2939=VECTOR('',#8876,10.);
#2940=VECTOR('',#8881,10.);
#2941=VECTOR('',#8882,10.);
#2942=VECTOR('',#8885,10.);
#2943=VECTOR('',#8888,10.);
#2944=VECTOR('',#8891,10.);
#2945=VECTOR('',#8894,10.);
#2946=VECTOR('',#8895,10.);
#2947=VECTOR('',#8896,10.);
#2948=VECTOR('',#8897,10.);
#2949=VECTOR('',#8898,10.);
#2950=VECTOR('',#8899,10.);
#2951=VECTOR('',#8900,10.);
#2952=VECTOR('',#8901,10.);
#2953=VECTOR('',#8902,10.);
#2954=VECTOR('',#8903,10.);
#2955=VECTOR('',#8904,10.);
#2956=VECTOR('',#8929,10.);
#2957=VECTOR('',#8930,10.);
#2958=VECTOR('',#8931,10.);
#2959=VECTOR('',#8934,10.);
#2960=VECTOR('',#8935,10.);
#2961=VECTOR('',#8938,10.);
#2962=VECTOR('',#8939,10.);
#2963=VECTOR('',#8942,10.);
#2964=VECTOR('',#8945,10.);
#2965=VECTOR('',#8946,10.);
#2966=VECTOR('',#8947,10.);
#2967=VECTOR('',#8950,10.);
#2968=VECTOR('',#8951,10.);
#2969=VECTOR('',#8954,10.);
#2970=VECTOR('',#8955,10.);
#2971=VECTOR('',#8958,10.);
#2972=VECTOR('',#8961,10.);
#2973=VECTOR('',#8962,10.);
#2974=VECTOR('',#8963,10.);
#2975=VECTOR('',#8966,10.);
#2976=VECTOR('',#8967,10.);
#2977=VECTOR('',#8970,10.);
#2978=VECTOR('',#8971,10.);
#2979=VECTOR('',#8974,10.);
#2980=VECTOR('',#8977,10.);
#2981=VECTOR('',#8980,10.);
#2982=VECTOR('',#8983,10.);
#2983=VECTOR('',#8986,10.);
#2984=VECTOR('',#8997,10.);
#2985=VECTOR('',#9000,10.);
#2986=VECTOR('',#9001,10.);
#2987=VECTOR('',#9006,10.);
#2988=VECTOR('',#9009,10.);
#2989=VECTOR('',#9010,10.);
#2990=VECTOR('',#9013,10.);
#2991=VECTOR('',#9016,10.);
#2992=VECTOR('',#9019,3.);
#2993=VECTOR('',#9022,3.00000000000001);
#2994=VECTOR('',#9025,3.);
#2995=VECTOR('',#9028,3.00000000000001);
#2996=VERTEX_POINT('',#9042);
#2997=VERTEX_POINT('',#9043);
#2998=VERTEX_POINT('',#9045);
#2999=VERTEX_POINT('',#9047);
#3000=VERTEX_POINT('',#9051);
#3001=VERTEX_POINT('',#9052);
#3002=VERTEX_POINT('',#9054);
#3003=VERTEX_POINT('',#9056);
#3004=VERTEX_POINT('',#9063);
#3005=VERTEX_POINT('',#9065);
#3006=VERTEX_POINT('',#9067);
#3007=VERTEX_POINT('',#9069);
#3008=VERTEX_POINT('',#9072);
#3009=VERTEX_POINT('',#9074);
#3010=VERTEX_POINT('',#9076);
#3011=VERTEX_POINT('',#9078);
#3012=VERTEX_POINT('',#9081);
#3013=VERTEX_POINT('',#9083);
#3014=VERTEX_POINT('',#9085);
#3015=VERTEX_POINT('',#9087);
#3016=VERTEX_POINT('',#9090);
#3017=VERTEX_POINT('',#9092);
#3018=VERTEX_POINT('',#9096);
#3019=VERTEX_POINT('',#9097);
#3020=VERTEX_POINT('',#9099);
#3021=VERTEX_POINT('',#9101);
#3022=VERTEX_POINT('',#9110);
#3023=VERTEX_POINT('',#9112);
#3024=VERTEX_POINT('',#9116);
#3025=VERTEX_POINT('',#9118);
#3026=VERTEX_POINT('',#9122);
#3027=VERTEX_POINT('',#9124);
#3028=VERTEX_POINT('',#9128);
#3029=VERTEX_POINT('',#9130);
#3030=VERTEX_POINT('',#9134);
#3031=VERTEX_POINT('',#9136);
#3032=VERTEX_POINT('',#9140);
#3033=VERTEX_POINT('',#9143);
#3034=VERTEX_POINT('',#9146);
#3035=VERTEX_POINT('',#9156);
#3036=VERTEX_POINT('',#9169);
#3037=VERTEX_POINT('',#9170);
#3038=VERTEX_POINT('',#9172);
#3039=VERTEX_POINT('',#9174);
#3040=VERTEX_POINT('',#9178);
#3041=VERTEX_POINT('',#9180);
#3042=VERTEX_POINT('',#9184);
#3043=VERTEX_POINT('',#9186);
#3044=VERTEX_POINT('',#9194);
#3045=VERTEX_POINT('',#9195);
#3046=VERTEX_POINT('',#9197);
#3047=VERTEX_POINT('',#9199);
#3048=VERTEX_POINT('',#9212);
#3049=VERTEX_POINT('',#9218);
#3050=VERTEX_POINT('',#9235);
#3051=VERTEX_POINT('',#9241);
#3052=VERTEX_POINT('',#9258);
#3053=VERTEX_POINT('',#9264);
#3054=VERTEX_POINT('',#9281);
#3055=VERTEX_POINT('',#9287);
#3056=VERTEX_POINT('',#9295);
#3057=VERTEX_POINT('',#9297);
#3058=VERTEX_POINT('',#9310);
#3059=VERTEX_POINT('',#9316);
#3060=VERTEX_POINT('',#9333);
#3061=VERTEX_POINT('',#9339);
#3062=VERTEX_POINT('',#9356);
#3063=VERTEX_POINT('',#9362);
#3064=VERTEX_POINT('',#9370);
#3065=VERTEX_POINT('',#9372);
#3066=VERTEX_POINT('',#9376);
#3067=VERTEX_POINT('',#9378);
#3068=VERTEX_POINT('',#9382);
#3069=VERTEX_POINT('',#9384);
#3070=VERTEX_POINT('',#9401);
#3071=VERTEX_POINT('',#9402);
#3072=VERTEX_POINT('',#9408);
#3073=VERTEX_POINT('',#9410);
#3074=VERTEX_POINT('',#9427);
#3075=VERTEX_POINT('',#9433);
#3076=VERTEX_POINT('',#9450);
#3077=VERTEX_POINT('',#9456);
#3078=VERTEX_POINT('',#9473);
#3079=VERTEX_POINT('',#9479);
#3080=VERTEX_POINT('',#9496);
#3081=VERTEX_POINT('',#9502);
#3082=VERTEX_POINT('',#9519);
#3083=VERTEX_POINT('',#9525);
#3084=VERTEX_POINT('',#9542);
#3085=VERTEX_POINT('',#9548);
#3086=VERTEX_POINT('',#9585);
#3087=VERTEX_POINT('',#9586);
#3088=VERTEX_POINT('',#9592);
#3089=VERTEX_POINT('',#9594);
#3090=VERTEX_POINT('',#9611);
#3091=VERTEX_POINT('',#9617);
#3092=VERTEX_POINT('',#9634);
#3093=VERTEX_POINT('',#9640);
#3094=VERTEX_POINT('',#9657);
#3095=VERTEX_POINT('',#9663);
#3096=VERTEX_POINT('',#9680);
#3097=VERTEX_POINT('',#9686);
#3098=VERTEX_POINT('',#9703);
#3099=VERTEX_POINT('',#9709);
#3100=VERTEX_POINT('',#9726);
#3101=VERTEX_POINT('',#9732);
#3102=VERTEX_POINT('',#9749);
#3103=VERTEX_POINT('',#9755);
#3104=VERTEX_POINT('',#9793);
#3105=VERTEX_POINT('',#9794);
#3106=VERTEX_POINT('',#9800);
#3107=VERTEX_POINT('',#9802);
#3108=VERTEX_POINT('',#9819);
#3109=VERTEX_POINT('',#9825);
#3110=VERTEX_POINT('',#9842);
#3111=VERTEX_POINT('',#9848);
#3112=VERTEX_POINT('',#9865);
#3113=VERTEX_POINT('',#9871);
#3114=VERTEX_POINT('',#9888);
#3115=VERTEX_POINT('',#9894);
#3116=VERTEX_POINT('',#9911);
#3117=VERTEX_POINT('',#9917);
#3118=VERTEX_POINT('',#9934);
#3119=VERTEX_POINT('',#9940);
#3120=VERTEX_POINT('',#9957);
#3121=VERTEX_POINT('',#9963);
#3122=VERTEX_POINT('',#9980);
#3123=VERTEX_POINT('',#9986);
#3124=VERTEX_POINT('',#9997);
#3125=VERTEX_POINT('',#9998);
#3126=VERTEX_POINT('',#10000);
#3127=VERTEX_POINT('',#10002);
#3128=VERTEX_POINT('',#10015);
#3129=VERTEX_POINT('',#10021);
#3130=VERTEX_POINT('',#10038);
#3131=VERTEX_POINT('',#10044);
#3132=VERTEX_POINT('',#10052);
#3133=VERTEX_POINT('',#10054);
#3134=VERTEX_POINT('',#10067);
#3135=VERTEX_POINT('',#10073);
#3136=VERTEX_POINT('',#10090);
#3137=VERTEX_POINT('',#10096);
#3138=VERTEX_POINT('',#10113);
#3139=VERTEX_POINT('',#10119);
#3140=VERTEX_POINT('',#10136);
#3141=VERTEX_POINT('',#10142);
#3142=VERTEX_POINT('',#10159);
#3143=VERTEX_POINT('',#10165);
#3144=VERTEX_POINT('',#10182);
#3145=VERTEX_POINT('',#10188);
#3146=VERTEX_POINT('',#10205);
#3147=VERTEX_POINT('',#10211);
#3148=VERTEX_POINT('',#10219);
#3149=VERTEX_POINT('',#10221);
#3150=VERTEX_POINT('',#10234);
#3151=VERTEX_POINT('',#10240);
#3152=VERTEX_POINT('',#10257);
#3153=VERTEX_POINT('',#10263);
#3154=VERTEX_POINT('',#10280);
#3155=VERTEX_POINT('',#10286);
#3156=VERTEX_POINT('',#10303);
#3157=VERTEX_POINT('',#10309);
#3158=VERTEX_POINT('',#10326);
#3159=VERTEX_POINT('',#10332);
#3160=VERTEX_POINT('',#10349);
#3161=VERTEX_POINT('',#10355);
#3162=VERTEX_POINT('',#10372);
#3163=VERTEX_POINT('',#10378);
#3164=VERTEX_POINT('',#10395);
#3165=VERTEX_POINT('',#10401);
#3166=VERTEX_POINT('',#10418);
#3167=VERTEX_POINT('',#10424);
#3168=VERTEX_POINT('',#10441);
#3169=VERTEX_POINT('',#10447);
#3170=VERTEX_POINT('',#10464);
#3171=VERTEX_POINT('',#10470);
#3172=VERTEX_POINT('',#10487);
#3173=VERTEX_POINT('',#10493);
#3174=VERTEX_POINT('',#10510);
#3175=VERTEX_POINT('',#10516);
#3176=VERTEX_POINT('',#10533);
#3177=VERTEX_POINT('',#10539);
#3178=VERTEX_POINT('',#10577);
#3179=VERTEX_POINT('',#10578);
#3180=VERTEX_POINT('',#10584);
#3181=VERTEX_POINT('',#10586);
#3182=VERTEX_POINT('',#10603);
#3183=VERTEX_POINT('',#10609);
#3184=VERTEX_POINT('',#10626);
#3185=VERTEX_POINT('',#10632);
#3186=VERTEX_POINT('',#10649);
#3187=VERTEX_POINT('',#10655);
#3188=VERTEX_POINT('',#10672);
#3189=VERTEX_POINT('',#10678);
#3190=VERTEX_POINT('',#10695);
#3191=VERTEX_POINT('',#10701);
#3192=VERTEX_POINT('',#10718);
#3193=VERTEX_POINT('',#10724);
#3194=VERTEX_POINT('',#10741);
#3195=VERTEX_POINT('',#10747);
#3196=VERTEX_POINT('',#10764);
#3197=VERTEX_POINT('',#10770);
#3198=VERTEX_POINT('',#10787);
#3199=VERTEX_POINT('',#10793);
#3200=VERTEX_POINT('',#10810);
#3201=VERTEX_POINT('',#10816);
#3202=VERTEX_POINT('',#10833);
#3203=VERTEX_POINT('',#10839);
#3204=VERTEX_POINT('',#10856);
#3205=VERTEX_POINT('',#10862);
#3206=VERTEX_POINT('',#10879);
#3207=VERTEX_POINT('',#10885);
#3208=VERTEX_POINT('',#10893);
#3209=VERTEX_POINT('',#10895);
#3210=VERTEX_POINT('',#10908);
#3211=VERTEX_POINT('',#10914);
#3212=VERTEX_POINT('',#10931);
#3213=VERTEX_POINT('',#10937);
#3214=VERTEX_POINT('',#10954);
#3215=VERTEX_POINT('',#10960);
#3216=VERTEX_POINT('',#10977);
#3217=VERTEX_POINT('',#10983);
#3218=VERTEX_POINT('',#11000);
#3219=VERTEX_POINT('',#11006);
#3220=VERTEX_POINT('',#11023);
#3221=VERTEX_POINT('',#11029);
#3222=VERTEX_POINT('',#11046);
#3223=VERTEX_POINT('',#11052);
#3224=VERTEX_POINT('',#11069);
#3225=VERTEX_POINT('',#11075);
#3226=VERTEX_POINT('',#11092);
#3227=VERTEX_POINT('',#11098);
#3228=VERTEX_POINT('',#11115);
#3229=VERTEX_POINT('',#11121);
#3230=VERTEX_POINT('',#11138);
#3231=VERTEX_POINT('',#11144);
#3232=VERTEX_POINT('',#11161);
#3233=VERTEX_POINT('',#11167);
#3234=VERTEX_POINT('',#11184);
#3235=VERTEX_POINT('',#11190);
#3236=VERTEX_POINT('',#11207);
#3237=VERTEX_POINT('',#11213);
#3238=VERTEX_POINT('',#11230);
#3239=VERTEX_POINT('',#11236);
#3240=VERTEX_POINT('',#11253);
#3241=VERTEX_POINT('',#11259);
#3242=VERTEX_POINT('',#11267);
#3243=VERTEX_POINT('',#11269);
#3244=VERTEX_POINT('',#11303);
#3245=VERTEX_POINT('',#11304);
#3246=VERTEX_POINT('',#11310);
#3247=VERTEX_POINT('',#11312);
#3248=VERTEX_POINT('',#11329);
#3249=VERTEX_POINT('',#11335);
#3250=VERTEX_POINT('',#11352);
#3251=VERTEX_POINT('',#11358);
#3252=VERTEX_POINT('',#11375);
#3253=VERTEX_POINT('',#11381);
#3254=VERTEX_POINT('',#11398);
#3255=VERTEX_POINT('',#11404);
#3256=VERTEX_POINT('',#11421);
#3257=VERTEX_POINT('',#11427);
#3258=VERTEX_POINT('',#11444);
#3259=VERTEX_POINT('',#11450);
#3260=VERTEX_POINT('',#11467);
#3261=VERTEX_POINT('',#11473);
#3262=VERTEX_POINT('',#11490);
#3263=VERTEX_POINT('',#11496);
#3264=VERTEX_POINT('',#11507);
#3265=VERTEX_POINT('',#11508);
#3266=VERTEX_POINT('',#11510);
#3267=VERTEX_POINT('',#11512);
#3268=VERTEX_POINT('',#11525);
#3269=VERTEX_POINT('',#11531);
#3270=VERTEX_POINT('',#11548);
#3271=VERTEX_POINT('',#11554);
#3272=VERTEX_POINT('',#11562);
#3273=VERTEX_POINT('',#11564);
#3274=VERTEX_POINT('',#11577);
#3275=VERTEX_POINT('',#11583);
#3276=VERTEX_POINT('',#11600);
#3277=VERTEX_POINT('',#11606);
#3278=VERTEX_POINT('',#11623);
#3279=VERTEX_POINT('',#11629);
#3280=VERTEX_POINT('',#11646);
#3281=VERTEX_POINT('',#11652);
#3282=VERTEX_POINT('',#11669);
#3283=VERTEX_POINT('',#11675);
#3284=VERTEX_POINT('',#11692);
#3285=VERTEX_POINT('',#11698);
#3286=VERTEX_POINT('',#11715);
#3287=VERTEX_POINT('',#11721);
#3288=VERTEX_POINT('',#11729);
#3289=VERTEX_POINT('',#11731);
#3290=VERTEX_POINT('',#11744);
#3291=VERTEX_POINT('',#11750);
#3292=VERTEX_POINT('',#11767);
#3293=VERTEX_POINT('',#11773);
#3294=VERTEX_POINT('',#11790);
#3295=VERTEX_POINT('',#11796);
#3296=VERTEX_POINT('',#11813);
#3297=VERTEX_POINT('',#11819);
#3298=VERTEX_POINT('',#11836);
#3299=VERTEX_POINT('',#11842);
#3300=VERTEX_POINT('',#11859);
#3301=VERTEX_POINT('',#11865);
#3302=VERTEX_POINT('',#11882);
#3303=VERTEX_POINT('',#11888);
#3304=VERTEX_POINT('',#11905);
#3305=VERTEX_POINT('',#11911);
#3306=VERTEX_POINT('',#11928);
#3307=VERTEX_POINT('',#11934);
#3308=VERTEX_POINT('',#11951);
#3309=VERTEX_POINT('',#11957);
#3310=VERTEX_POINT('',#11974);
#3311=VERTEX_POINT('',#11980);
#3312=VERTEX_POINT('',#11997);
#3313=VERTEX_POINT('',#12003);
#3314=VERTEX_POINT('',#12020);
#3315=VERTEX_POINT('',#12026);
#3316=VERTEX_POINT('',#12043);
#3317=VERTEX_POINT('',#12049);
#3318=VERTEX_POINT('',#12078);
#3319=VERTEX_POINT('',#12079);
#3320=VERTEX_POINT('',#12081);
#3321=VERTEX_POINT('',#12083);
#3322=VERTEX_POINT('',#12096);
#3323=VERTEX_POINT('',#12102);
#3324=VERTEX_POINT('',#12119);
#3325=VERTEX_POINT('',#12125);
#3326=VERTEX_POINT('',#12142);
#3327=VERTEX_POINT('',#12148);
#3328=VERTEX_POINT('',#12165);
#3329=VERTEX_POINT('',#12171);
#3330=VERTEX_POINT('',#12179);
#3331=VERTEX_POINT('',#12181);
#3332=VERTEX_POINT('',#12194);
#3333=VERTEX_POINT('',#12200);
#3334=VERTEX_POINT('',#12217);
#3335=VERTEX_POINT('',#12223);
#3336=VERTEX_POINT('',#12240);
#3337=VERTEX_POINT('',#12246);
#3338=VERTEX_POINT('',#12254);
#3339=VERTEX_POINT('',#12256);
#3340=VERTEX_POINT('',#12260);
#3341=VERTEX_POINT('',#12262);
#3342=VERTEX_POINT('',#12266);
#3343=VERTEX_POINT('',#12268);
#3344=VERTEX_POINT('',#12285);
#3345=VERTEX_POINT('',#12286);
#3346=VERTEX_POINT('',#12292);
#3347=VERTEX_POINT('',#12294);
#3348=VERTEX_POINT('',#12311);
#3349=VERTEX_POINT('',#12317);
#3350=VERTEX_POINT('',#12334);
#3351=VERTEX_POINT('',#12340);
#3352=VERTEX_POINT('',#12357);
#3353=VERTEX_POINT('',#12363);
#3354=VERTEX_POINT('',#12380);
#3355=VERTEX_POINT('',#12386);
#3356=VERTEX_POINT('',#12403);
#3357=VERTEX_POINT('',#12409);
#3358=VERTEX_POINT('',#12426);
#3359=VERTEX_POINT('',#12432);
#3360=VERTEX_POINT('',#12460);
#3361=VERTEX_POINT('',#12461);
#3362=VERTEX_POINT('',#12463);
#3363=VERTEX_POINT('',#12465);
#3364=VERTEX_POINT('',#12478);
#3365=VERTEX_POINT('',#12484);
#3366=VERTEX_POINT('',#12501);
#3367=VERTEX_POINT('',#12507);
#3368=VERTEX_POINT('',#12524);
#3369=VERTEX_POINT('',#12530);
#3370=VERTEX_POINT('',#12547);
#3371=VERTEX_POINT('',#12553);
#3372=VERTEX_POINT('',#12570);
#3373=VERTEX_POINT('',#12576);
#3374=VERTEX_POINT('',#12593);
#3375=VERTEX_POINT('',#12599);
#3376=VERTEX_POINT('',#12616);
#3377=VERTEX_POINT('',#12622);
#3378=VERTEX_POINT('',#12639);
#3379=VERTEX_POINT('',#12645);
#3380=VERTEX_POINT('',#12662);
#3381=VERTEX_POINT('',#12668);
#3382=VERTEX_POINT('',#12685);
#3383=VERTEX_POINT('',#12691);
#3384=VERTEX_POINT('',#12699);
#3385=VERTEX_POINT('',#12701);
#3386=VERTEX_POINT('',#12705);
#3387=VERTEX_POINT('',#12707);
#3388=VERTEX_POINT('',#12711);
#3389=VERTEX_POINT('',#12713);
#3390=VERTEX_POINT('',#12730);
#3391=VERTEX_POINT('',#12731);
#3392=VERTEX_POINT('',#12737);
#3393=VERTEX_POINT('',#12739);
#3394=VERTEX_POINT('',#12756);
#3395=VERTEX_POINT('',#12762);
#3396=VERTEX_POINT('',#12779);
#3397=VERTEX_POINT('',#12785);
#3398=VERTEX_POINT('',#12802);
#3399=VERTEX_POINT('',#12808);
#3400=VERTEX_POINT('',#12825);
#3401=VERTEX_POINT('',#12831);
#3402=VERTEX_POINT('',#12848);
#3403=VERTEX_POINT('',#12854);
#3404=VERTEX_POINT('',#12871);
#3405=VERTEX_POINT('',#12877);
#3406=VERTEX_POINT('',#12894);
#3407=VERTEX_POINT('',#12900);
#3408=VERTEX_POINT('',#12917);
#3409=VERTEX_POINT('',#12923);
#3410=VERTEX_POINT('',#12934);
#3411=VERTEX_POINT('',#12935);
#3412=VERTEX_POINT('',#12937);
#3413=VERTEX_POINT('',#12939);
#3414=VERTEX_POINT('',#12952);
#3415=VERTEX_POINT('',#12958);
#3416=VERTEX_POINT('',#12975);
#3417=VERTEX_POINT('',#12981);
#3418=VERTEX_POINT('',#12989);
#3419=VERTEX_POINT('',#12991);
#3420=VERTEX_POINT('',#13004);
#3421=VERTEX_POINT('',#13010);
#3422=VERTEX_POINT('',#13027);
#3423=VERTEX_POINT('',#13033);
#3424=VERTEX_POINT('',#13050);
#3425=VERTEX_POINT('',#13056);
#3426=VERTEX_POINT('',#13073);
#3427=VERTEX_POINT('',#13079);
#3428=VERTEX_POINT('',#13096);
#3429=VERTEX_POINT('',#13102);
#3430=VERTEX_POINT('',#13119);
#3431=VERTEX_POINT('',#13125);
#3432=VERTEX_POINT('',#13142);
#3433=VERTEX_POINT('',#13148);
#3434=VERTEX_POINT('',#13156);
#3435=VERTEX_POINT('',#13158);
#3436=VERTEX_POINT('',#13171);
#3437=VERTEX_POINT('',#13177);
#3438=VERTEX_POINT('',#13194);
#3439=VERTEX_POINT('',#13200);
#3440=VERTEX_POINT('',#13217);
#3441=VERTEX_POINT('',#13223);
#3442=VERTEX_POINT('',#13240);
#3443=VERTEX_POINT('',#13246);
#3444=VERTEX_POINT('',#13263);
#3445=VERTEX_POINT('',#13269);
#3446=VERTEX_POINT('',#13286);
#3447=VERTEX_POINT('',#13292);
#3448=VERTEX_POINT('',#13309);
#3449=VERTEX_POINT('',#13315);
#3450=VERTEX_POINT('',#13332);
#3451=VERTEX_POINT('',#13338);
#3452=VERTEX_POINT('',#13355);
#3453=VERTEX_POINT('',#13361);
#3454=VERTEX_POINT('',#13378);
#3455=VERTEX_POINT('',#13384);
#3456=VERTEX_POINT('',#13401);
#3457=VERTEX_POINT('',#13407);
#3458=VERTEX_POINT('',#13424);
#3459=VERTEX_POINT('',#13430);
#3460=VERTEX_POINT('',#13447);
#3461=VERTEX_POINT('',#13453);
#3462=VERTEX_POINT('',#13470);
#3463=VERTEX_POINT('',#13476);
#3464=VERTEX_POINT('',#13514);
#3465=VERTEX_POINT('',#13515);
#3466=VERTEX_POINT('',#13521);
#3467=VERTEX_POINT('',#13523);
#3468=VERTEX_POINT('',#13540);
#3469=VERTEX_POINT('',#13546);
#3470=VERTEX_POINT('',#13563);
#3471=VERTEX_POINT('',#13569);
#3472=VERTEX_POINT('',#13586);
#3473=VERTEX_POINT('',#13592);
#3474=VERTEX_POINT('',#13609);
#3475=VERTEX_POINT('',#13615);
#3476=VERTEX_POINT('',#13632);
#3477=VERTEX_POINT('',#13638);
#3478=VERTEX_POINT('',#13655);
#3479=VERTEX_POINT('',#13661);
#3480=VERTEX_POINT('',#13698);
#3481=VERTEX_POINT('',#13699);
#3482=VERTEX_POINT('',#13705);
#3483=VERTEX_POINT('',#13707);
#3484=VERTEX_POINT('',#13724);
#3485=VERTEX_POINT('',#13730);
#3486=VERTEX_POINT('',#13747);
#3487=VERTEX_POINT('',#13753);
#3488=VERTEX_POINT('',#13770);
#3489=VERTEX_POINT('',#13776);
#3490=VERTEX_POINT('',#13793);
#3491=VERTEX_POINT('',#13799);
#3492=VERTEX_POINT('',#13816);
#3493=VERTEX_POINT('',#13822);
#3494=VERTEX_POINT('',#13839);
#3495=VERTEX_POINT('',#13845);
#3496=VERTEX_POINT('',#13862);
#3497=VERTEX_POINT('',#13868);
#3498=VERTEX_POINT('',#13897);
#3499=VERTEX_POINT('',#13898);
#3500=VERTEX_POINT('',#13900);
#3501=VERTEX_POINT('',#13902);
#3502=VERTEX_POINT('',#13906);
#3503=VERTEX_POINT('',#13908);
#3504=VERTEX_POINT('',#13912);
#3505=VERTEX_POINT('',#13914);
#3506=VERTEX_POINT('',#13918);
#3507=VERTEX_POINT('',#13920);
#3508=VERTEX_POINT('',#13924);
#3509=VERTEX_POINT('',#13926);
#3510=VERTEX_POINT('',#13930);
#3511=VERTEX_POINT('',#13932);
#3512=VERTEX_POINT('',#13936);
#3513=VERTEX_POINT('',#13938);
#3514=VERTEX_POINT('',#13942);
#3515=VERTEX_POINT('',#13944);
#3516=VERTEX_POINT('',#13948);
#3517=VERTEX_POINT('',#13950);
#3518=VERTEX_POINT('',#13954);
#3519=VERTEX_POINT('',#13956);
#3520=VERTEX_POINT('',#13960);
#3521=VERTEX_POINT('',#13962);
#3522=VERTEX_POINT('',#13970);
#3523=VERTEX_POINT('',#13971);
#3524=VERTEX_POINT('',#13973);
#3525=VERTEX_POINT('',#13975);
#3526=VERTEX_POINT('',#13979);
#3527=VERTEX_POINT('',#13981);
#3528=VERTEX_POINT('',#13985);
#3529=VERTEX_POINT('',#13987);
#3530=VERTEX_POINT('',#13991);
#3531=VERTEX_POINT('',#13993);
#3532=VERTEX_POINT('',#13997);
#3533=VERTEX_POINT('',#13999);
#3534=VERTEX_POINT('',#14003);
#3535=VERTEX_POINT('',#14005);
#3536=VERTEX_POINT('',#14009);
#3537=VERTEX_POINT('',#14011);
#3538=VERTEX_POINT('',#14015);
#3539=VERTEX_POINT('',#14017);
#3540=VERTEX_POINT('',#14021);
#3541=VERTEX_POINT('',#14023);
#3542=VERTEX_POINT('',#14036);
#3543=VERTEX_POINT('',#14042);
#3544=VERTEX_POINT('',#14059);
#3545=VERTEX_POINT('',#14065);
#3546=VERTEX_POINT('',#14073);
#3547=VERTEX_POINT('',#14075);
#3548=VERTEX_POINT('',#14079);
#3549=VERTEX_POINT('',#14081);
#3550=VERTEX_POINT('',#14085);
#3551=VERTEX_POINT('',#14087);
#3552=VERTEX_POINT('',#14104);
#3553=VERTEX_POINT('',#14105);
#3554=VERTEX_POINT('',#14111);
#3555=VERTEX_POINT('',#14113);
#3556=VERTEX_POINT('',#14130);
#3557=VERTEX_POINT('',#14136);
#3558=VERTEX_POINT('',#14153);
#3559=VERTEX_POINT('',#14159);
#3560=VERTEX_POINT('',#14176);
#3561=VERTEX_POINT('',#14182);
#3562=VERTEX_POINT('',#14199);
#3563=VERTEX_POINT('',#14205);
#3564=VERTEX_POINT('',#14222);
#3565=VERTEX_POINT('',#14228);
#3566=VERTEX_POINT('',#14245);
#3567=VERTEX_POINT('',#14251);
#3568=VERTEX_POINT('',#14279);
#3569=VERTEX_POINT('',#14280);
#3570=VERTEX_POINT('',#14282);
#3571=VERTEX_POINT('',#14284);
#3572=VERTEX_POINT('',#14288);
#3573=VERTEX_POINT('',#14290);
#3574=VERTEX_POINT('',#14294);
#3575=VERTEX_POINT('',#14296);
#3576=VERTEX_POINT('',#14309);
#3577=VERTEX_POINT('',#14315);
#3578=VERTEX_POINT('',#14332);
#3579=VERTEX_POINT('',#14338);
#3580=VERTEX_POINT('',#14355);
#3581=VERTEX_POINT('',#14361);
#3582=VERTEX_POINT('',#14378);
#3583=VERTEX_POINT('',#14384);
#3584=VERTEX_POINT('',#14401);
#3585=VERTEX_POINT('',#14407);
#3586=VERTEX_POINT('',#14424);
#3587=VERTEX_POINT('',#14430);
#3588=VERTEX_POINT('',#14447);
#3589=VERTEX_POINT('',#14453);
#3590=VERTEX_POINT('',#14470);
#3591=VERTEX_POINT('',#14476);
#3592=VERTEX_POINT('',#14493);
#3593=VERTEX_POINT('',#14499);
#3594=VERTEX_POINT('',#14507);
#3595=VERTEX_POINT('',#14509);
#3596=VERTEX_POINT('',#14526);
#3597=VERTEX_POINT('',#14527);
#3598=VERTEX_POINT('',#14533);
#3599=VERTEX_POINT('',#14535);
#3600=VERTEX_POINT('',#14552);
#3601=VERTEX_POINT('',#14558);
#3602=VERTEX_POINT('',#14575);
#3603=VERTEX_POINT('',#14581);
#3604=VERTEX_POINT('',#14598);
#3605=VERTEX_POINT('',#14604);
#3606=VERTEX_POINT('',#14621);
#3607=VERTEX_POINT('',#14627);
#3608=VERTEX_POINT('',#14644);
#3609=VERTEX_POINT('',#14650);
#3610=VERTEX_POINT('',#14667);
#3611=VERTEX_POINT('',#14673);
#3612=VERTEX_POINT('',#14701);
#3613=VERTEX_POINT('',#14702);
#3614=VERTEX_POINT('',#14704);
#3615=VERTEX_POINT('',#14706);
#3616=VERTEX_POINT('',#14710);
#3617=VERTEX_POINT('',#14712);
#3618=VERTEX_POINT('',#14716);
#3619=VERTEX_POINT('',#14718);
#3620=VERTEX_POINT('',#14731);
#3621=VERTEX_POINT('',#14737);
#3622=VERTEX_POINT('',#14754);
#3623=VERTEX_POINT('',#14760);
#3624=VERTEX_POINT('',#14777);
#3625=VERTEX_POINT('',#14783);
#3626=VERTEX_POINT('',#14800);
#3627=VERTEX_POINT('',#14806);
#3628=VERTEX_POINT('',#14823);
#3629=VERTEX_POINT('',#14829);
#3630=VERTEX_POINT('',#14846);
#3631=VERTEX_POINT('',#14852);
#3632=VERTEX_POINT('',#14869);
#3633=VERTEX_POINT('',#14875);
#3634=VERTEX_POINT('',#14892);
#3635=VERTEX_POINT('',#14898);
#3636=VERTEX_POINT('',#14915);
#3637=VERTEX_POINT('',#14921);
#3638=VERTEX_POINT('',#14929);
#3639=VERTEX_POINT('',#14931);
#3640=VERTEX_POINT('',#14948);
#3641=VERTEX_POINT('',#14949);
#3642=VERTEX_POINT('',#14955);
#3643=VERTEX_POINT('',#14957);
#3644=VERTEX_POINT('',#14974);
#3645=VERTEX_POINT('',#14980);
#3646=VERTEX_POINT('',#14997);
#3647=VERTEX_POINT('',#15003);
#3648=VERTEX_POINT('',#15020);
#3649=VERTEX_POINT('',#15026);
#3650=VERTEX_POINT('',#15043);
#3651=VERTEX_POINT('',#15049);
#3652=VERTEX_POINT('',#15066);
#3653=VERTEX_POINT('',#15072);
#3654=VERTEX_POINT('',#15089);
#3655=VERTEX_POINT('',#15095);
#3656=VERTEX_POINT('',#15103);
#3657=VERTEX_POINT('',#15105);
#3658=VERTEX_POINT('',#15118);
#3659=VERTEX_POINT('',#15124);
#3660=VERTEX_POINT('',#15141);
#3661=VERTEX_POINT('',#15147);
#3662=VERTEX_POINT('',#15164);
#3663=VERTEX_POINT('',#15170);
#3664=VERTEX_POINT('',#15187);
#3665=VERTEX_POINT('',#15193);
#3666=VERTEX_POINT('',#15210);
#3667=VERTEX_POINT('',#15216);
#3668=VERTEX_POINT('',#15233);
#3669=VERTEX_POINT('',#15239);
#3670=VERTEX_POINT('',#15256);
#3671=VERTEX_POINT('',#15262);
#3672=VERTEX_POINT('',#15279);
#3673=VERTEX_POINT('',#15285);
#3674=VERTEX_POINT('',#15302);
#3675=VERTEX_POINT('',#15308);
#3676=VERTEX_POINT('',#15316);
#3677=VERTEX_POINT('',#15318);
#3678=VERTEX_POINT('',#15343);
#3679=VERTEX_POINT('',#15344);
#3680=VERTEX_POINT('',#15346);
#3681=VERTEX_POINT('',#15348);
#3682=VERTEX_POINT('',#15352);
#3683=VERTEX_POINT('',#15354);
#3684=VERTEX_POINT('',#15358);
#3685=VERTEX_POINT('',#15360);
#3686=VERTEX_POINT('',#15368);
#3687=VERTEX_POINT('',#15369);
#3688=VERTEX_POINT('',#15371);
#3689=VERTEX_POINT('',#15373);
#3690=VERTEX_POINT('',#15377);
#3691=VERTEX_POINT('',#15379);
#3692=VERTEX_POINT('',#15383);
#3693=VERTEX_POINT('',#15385);
#3694=VERTEX_POINT('',#15389);
#3695=VERTEX_POINT('',#15391);
#3696=VERTEX_POINT('',#15395);
#3697=VERTEX_POINT('',#15397);
#3698=VERTEX_POINT('',#15401);
#3699=VERTEX_POINT('',#15403);
#3700=VERTEX_POINT('',#15407);
#3701=VERTEX_POINT('',#15409);
#3702=VERTEX_POINT('',#15413);
#3703=VERTEX_POINT('',#15415);
#3704=VERTEX_POINT('',#15419);
#3705=VERTEX_POINT('',#15421);
#3706=VERTEX_POINT('',#15434);
#3707=VERTEX_POINT('',#15440);
#3708=VERTEX_POINT('',#15457);
#3709=VERTEX_POINT('',#15463);
#3710=VERTEX_POINT('',#15471);
#3711=VERTEX_POINT('',#15473);
#3712=VERTEX_POINT('',#15477);
#3713=VERTEX_POINT('',#15479);
#3714=VERTEX_POINT('',#15483);
#3715=VERTEX_POINT('',#15485);
#3716=VERTEX_POINT('',#15493);
#3717=VERTEX_POINT('',#15494);
#3718=VERTEX_POINT('',#15496);
#3719=VERTEX_POINT('',#15498);
#3720=VERTEX_POINT('',#15500);
#3721=VERTEX_POINT('',#15502);
#3722=VERTEX_POINT('',#15504);
#3723=VERTEX_POINT('',#15506);
#3724=VERTEX_POINT('',#15508);
#3725=VERTEX_POINT('',#15510);
#3726=VERTEX_POINT('',#15512);
#3727=VERTEX_POINT('',#15514);
#3728=VERTEX_POINT('',#15517);
#3729=VERTEX_POINT('',#15518);
#3730=VERTEX_POINT('',#15520);
#3731=VERTEX_POINT('',#15522);
#3732=VERTEX_POINT('',#15525);
#3733=VERTEX_POINT('',#15526);
#3734=VERTEX_POINT('',#15528);
#3735=VERTEX_POINT('',#15530);
#3736=VERTEX_POINT('',#15533);
#3737=VERTEX_POINT('',#15535);
#3738=VERTEX_POINT('',#15537);
#3739=VERTEX_POINT('',#15539);
#3740=VERTEX_POINT('',#15549);
#3741=VERTEX_POINT('',#15551);
#3742=VERTEX_POINT('',#15555);
#3743=VERTEX_POINT('',#15559);
#3744=VERTEX_POINT('',#15565);
#3745=VERTEX_POINT('',#15567);
#3746=VERTEX_POINT('',#15571);
#3747=VERTEX_POINT('',#15575);
#3748=VERTEX_POINT('',#15581);
#3749=VERTEX_POINT('',#15582);
#3750=VERTEX_POINT('',#15587);
#3751=VERTEX_POINT('',#15591);
#3752=VERTEX_POINT('',#15595);
#3753=VERTEX_POINT('',#15597);
#3754=VERTEX_POINT('',#15599);
#3755=VERTEX_POINT('',#15601);
#3756=VERTEX_POINT('',#15603);
#3757=VERTEX_POINT('',#15605);
#3758=VERTEX_POINT('',#15607);
#3759=VERTEX_POINT('',#15609);
#3760=VERTEX_POINT('',#15612);
#3761=VERTEX_POINT('',#15614);
#3762=VERTEX_POINT('',#15616);
#3763=VERTEX_POINT('',#15618);
#3764=EDGE_CURVE('',#2996,#2997,#1760,.T.);
#3765=EDGE_CURVE('',#2998,#2996,#1761,.T.);
#3766=EDGE_CURVE('',#2998,#2999,#1762,.T.);
#3767=EDGE_CURVE('',#2997,#2999,#1763,.T.);
#3768=EDGE_CURVE('',#3000,#3001,#1764,.T.);
#3769=EDGE_CURVE('',#3002,#3000,#1765,.T.);
#3770=EDGE_CURVE('',#3002,#3003,#1766,.T.);
#3771=EDGE_CURVE('',#3001,#3003,#1767,.T.);
#3772=EDGE_CURVE('',#2999,#3002,#1768,.T.);
#3773=EDGE_CURVE('',#3003,#2998,#1769,.T.);
#3774=EDGE_CURVE('',#2997,#3004,#1770,.T.);
#3775=EDGE_CURVE('',#3004,#3005,#1771,.T.);
#3776=EDGE_CURVE('',#3005,#3006,#1772,.T.);
#3777=EDGE_CURVE('',#3006,#3007,#1773,.T.);
#3778=EDGE_CURVE('',#3007,#3000,#1774,.T.);
#3779=EDGE_CURVE('',#3001,#3008,#1775,.T.);
#3780=EDGE_CURVE('',#3008,#3009,#1776,.T.);
#3781=EDGE_CURVE('',#3009,#3010,#1777,.T.);
#3782=EDGE_CURVE('',#3010,#3011,#1778,.T.);
#3783=EDGE_CURVE('',#3011,#2996,#1779,.T.);
#3784=EDGE_CURVE('',#3012,#3012,#845,.T.);
#3785=EDGE_CURVE('',#3013,#3013,#846,.T.);
#3786=EDGE_CURVE('',#3014,#3014,#847,.T.);
#3787=EDGE_CURVE('',#3015,#3015,#848,.T.);
#3788=EDGE_CURVE('',#3016,#3007,#1780,.T.);
#3789=EDGE_CURVE('',#3016,#3017,#1781,.T.);
#3790=EDGE_CURVE('',#3017,#3004,#1782,.T.);
#3791=EDGE_CURVE('',#3018,#3019,#1783,.T.);
#3792=EDGE_CURVE('',#3020,#3018,#1784,.T.);
#3793=EDGE_CURVE('',#3021,#3020,#1785,.T.);
#3794=EDGE_CURVE('',#3019,#3021,#1786,.T.);
#3795=EDGE_CURVE('',#3018,#3010,#1787,.T.);
#3796=EDGE_CURVE('',#3020,#3009,#1788,.T.);
#3797=EDGE_CURVE('',#3019,#3011,#1789,.T.);
#3798=EDGE_CURVE('',#3022,#3022,#849,.T.);
#3799=EDGE_CURVE('',#3022,#3023,#1790,.T.);
#3800=EDGE_CURVE('',#3023,#3023,#850,.T.);
#3801=EDGE_CURVE('',#3024,#3024,#851,.T.);
#3802=EDGE_CURVE('',#3024,#3025,#1791,.T.);
#3803=EDGE_CURVE('',#3025,#3025,#852,.T.);
#3804=EDGE_CURVE('',#3026,#3026,#853,.T.);
#3805=EDGE_CURVE('',#3026,#3027,#1792,.T.);
#3806=EDGE_CURVE('',#3027,#3027,#854,.T.);
#3807=EDGE_CURVE('',#3028,#3028,#855,.T.);
#3808=EDGE_CURVE('',#3028,#3029,#1793,.T.);
#3809=EDGE_CURVE('',#3029,#3029,#856,.T.);
#3810=EDGE_CURVE('',#3030,#3016,#1794,.T.);
#3811=EDGE_CURVE('',#3031,#3030,#1795,.T.);
#3812=EDGE_CURVE('',#3017,#3031,#1796,.T.);
#3813=EDGE_CURVE('',#3032,#3032,#857,.T.);
#3814=EDGE_CURVE('',#3033,#3033,#858,.T.);
#3815=EDGE_CURVE('',#3034,#3034,#859,.T.);
#3816=EDGE_CURVE('',#3021,#3008,#1797,.T.);
#3817=EDGE_CURVE('',#3014,#3032,#1798,.T.);
#3818=EDGE_CURVE('',#3013,#3033,#1799,.T.);
#3819=EDGE_CURVE('',#3012,#3035,#1800,.T.);
#3820=EDGE_CURVE('',#3035,#3035,#860,.T.);
#3821=EDGE_CURVE('',#3015,#3034,#1801,.T.);
#3822=EDGE_CURVE('',#3030,#3006,#1802,.T.);
#3823=EDGE_CURVE('',#3031,#3005,#1803,.T.);
#3824=EDGE_CURVE('',#3036,#3037,#1804,.T.);
#3825=EDGE_CURVE('',#3036,#3038,#1805,.T.);
#3826=EDGE_CURVE('',#3038,#3039,#1806,.T.);
#3827=EDGE_CURVE('',#3037,#3039,#1807,.T.);
#3828=EDGE_CURVE('',#3040,#3036,#1808,.T.);
#3829=EDGE_CURVE('',#3040,#3041,#1809,.T.);
#3830=EDGE_CURVE('',#3041,#3038,#1810,.T.);
#3831=EDGE_CURVE('',#3042,#3040,#1811,.T.);
#3832=EDGE_CURVE('',#3042,#3043,#1812,.T.);
#3833=EDGE_CURVE('',#3043,#3041,#1813,.T.);
#3834=EDGE_CURVE('',#3037,#3042,#1814,.T.);
#3835=EDGE_CURVE('',#3039,#3043,#1815,.T.);
#3836=EDGE_CURVE('',#3044,#3045,#1816,.T.);
#3837=EDGE_CURVE('',#3044,#3046,#1817,.T.);
#3838=EDGE_CURVE('',#3046,#3047,#1818,.T.);
#3839=EDGE_CURVE('',#3045,#3047,#1819,.T.);
#3840=EDGE_CURVE('',#3048,#3044,#19,.T.);
#3841=EDGE_CURVE('',#3048,#3049,#1820,.T.);
#3842=EDGE_CURVE('',#3049,#3046,#20,.T.);
#3843=EDGE_CURVE('',#3050,#3048,#21,.T.);
#3844=EDGE_CURVE('',#3050,#3051,#1821,.T.);
#3845=EDGE_CURVE('',#3051,#3049,#22,.T.);
#3846=EDGE_CURVE('',#3052,#3050,#23,.T.);
#3847=EDGE_CURVE('',#3052,#3053,#1822,.T.);
#3848=EDGE_CURVE('',#3053,#3051,#24,.T.);
#3849=EDGE_CURVE('',#3054,#3052,#25,.T.);
#3850=EDGE_CURVE('',#3054,#3055,#1823,.T.);
#3851=EDGE_CURVE('',#3055,#3053,#26,.T.);
#3852=EDGE_CURVE('',#3056,#3054,#1824,.T.);
#3853=EDGE_CURVE('',#3056,#3057,#1825,.T.);
#3854=EDGE_CURVE('',#3057,#3055,#1826,.T.);
#3855=EDGE_CURVE('',#3058,#3056,#27,.T.);
#3856=EDGE_CURVE('',#3058,#3059,#1827,.T.);
#3857=EDGE_CURVE('',#3059,#3057,#28,.T.);
#3858=EDGE_CURVE('',#3060,#3058,#29,.T.);
#3859=EDGE_CURVE('',#3060,#3061,#1828,.T.);
#3860=EDGE_CURVE('',#3061,#3059,#30,.T.);
#3861=EDGE_CURVE('',#3062,#3060,#31,.T.);
#3862=EDGE_CURVE('',#3062,#3063,#1829,.T.);
#3863=EDGE_CURVE('',#3063,#3061,#32,.T.);
#3864=EDGE_CURVE('',#3064,#3062,#1830,.T.);
#3865=EDGE_CURVE('',#3064,#3065,#1831,.T.);
#3866=EDGE_CURVE('',#3065,#3063,#1832,.T.);
#3867=EDGE_CURVE('',#3066,#3064,#1833,.T.);
#3868=EDGE_CURVE('',#3066,#3067,#1834,.T.);
#3869=EDGE_CURVE('',#3067,#3065,#1835,.T.);
#3870=EDGE_CURVE('',#3068,#3066,#1836,.T.);
#3871=EDGE_CURVE('',#3068,#3069,#1837,.T.);
#3872=EDGE_CURVE('',#3069,#3067,#1838,.T.);
#3873=EDGE_CURVE('',#3045,#3068,#1839,.T.);
#3874=EDGE_CURVE('',#3047,#3069,#1840,.T.);
#3875=EDGE_CURVE('',#3070,#3071,#33,.T.);
#3876=EDGE_CURVE('',#3070,#3072,#1841,.T.);
#3877=EDGE_CURVE('',#3072,#3073,#34,.T.);
#3878=EDGE_CURVE('',#3071,#3073,#1842,.T.);
#3879=EDGE_CURVE('',#3074,#3070,#35,.T.);
#3880=EDGE_CURVE('',#3074,#3075,#1843,.T.);
#3881=EDGE_CURVE('',#3075,#3072,#36,.T.);
#3882=EDGE_CURVE('',#3076,#3074,#37,.T.);
#3883=EDGE_CURVE('',#3076,#3077,#1844,.T.);
#3884=EDGE_CURVE('',#3077,#3075,#38,.T.);
#3885=EDGE_CURVE('',#3078,#3076,#39,.T.);
#3886=EDGE_CURVE('',#3078,#3079,#1845,.T.);
#3887=EDGE_CURVE('',#3079,#3077,#40,.T.);
#3888=EDGE_CURVE('',#3080,#3078,#41,.T.);
#3889=EDGE_CURVE('',#3080,#3081,#1846,.T.);
#3890=EDGE_CURVE('',#3081,#3079,#42,.T.);
#3891=EDGE_CURVE('',#3082,#3080,#43,.T.);
#3892=EDGE_CURVE('',#3082,#3083,#1847,.T.);
#3893=EDGE_CURVE('',#3083,#3081,#44,.T.);
#3894=EDGE_CURVE('',#3084,#3082,#45,.T.);
#3895=EDGE_CURVE('',#3084,#3085,#1848,.T.);
#3896=EDGE_CURVE('',#3085,#3083,#46,.T.);
#3897=EDGE_CURVE('',#3071,#3084,#47,.T.);
#3898=EDGE_CURVE('',#3073,#3085,#48,.T.);
#3899=EDGE_CURVE('',#3086,#3087,#49,.T.);
#3900=EDGE_CURVE('',#3086,#3088,#1849,.T.);
#3901=EDGE_CURVE('',#3088,#3089,#50,.T.);
#3902=EDGE_CURVE('',#3087,#3089,#1850,.T.);
#3903=EDGE_CURVE('',#3090,#3086,#51,.T.);
#3904=EDGE_CURVE('',#3090,#3091,#1851,.T.);
#3905=EDGE_CURVE('',#3091,#3088,#52,.T.);
#3906=EDGE_CURVE('',#3092,#3090,#53,.T.);
#3907=EDGE_CURVE('',#3092,#3093,#1852,.T.);
#3908=EDGE_CURVE('',#3093,#3091,#54,.T.);
#3909=EDGE_CURVE('',#3094,#3092,#55,.T.);
#3910=EDGE_CURVE('',#3094,#3095,#1853,.T.);
#3911=EDGE_CURVE('',#3095,#3093,#56,.T.);
#3912=EDGE_CURVE('',#3096,#3094,#57,.T.);
#3913=EDGE_CURVE('',#3096,#3097,#1854,.T.);
#3914=EDGE_CURVE('',#3097,#3095,#58,.T.);
#3915=EDGE_CURVE('',#3098,#3096,#59,.T.);
#3916=EDGE_CURVE('',#3098,#3099,#1855,.T.);
#3917=EDGE_CURVE('',#3099,#3097,#60,.T.);
#3918=EDGE_CURVE('',#3100,#3098,#61,.T.);
#3919=EDGE_CURVE('',#3100,#3101,#1856,.T.);
#3920=EDGE_CURVE('',#3101,#3099,#62,.T.);
#3921=EDGE_CURVE('',#3102,#3100,#63,.T.);
#3922=EDGE_CURVE('',#3102,#3103,#1857,.T.);
#3923=EDGE_CURVE('',#3103,#3101,#64,.T.);
#3924=EDGE_CURVE('',#3087,#3102,#65,.T.);
#3925=EDGE_CURVE('',#3089,#3103,#66,.T.);
#3926=EDGE_CURVE('',#3104,#3105,#67,.T.);
#3927=EDGE_CURVE('',#3104,#3106,#1858,.T.);
#3928=EDGE_CURVE('',#3106,#3107,#68,.T.);
#3929=EDGE_CURVE('',#3105,#3107,#1859,.T.);
#3930=EDGE_CURVE('',#3108,#3104,#69,.T.);
#3931=EDGE_CURVE('',#3108,#3109,#1860,.T.);
#3932=EDGE_CURVE('',#3109,#3106,#70,.T.);
#3933=EDGE_CURVE('',#3110,#3108,#71,.T.);
#3934=EDGE_CURVE('',#3110,#3111,#1861,.T.);
#3935=EDGE_CURVE('',#3111,#3109,#72,.T.);
#3936=EDGE_CURVE('',#3112,#3110,#73,.T.);
#3937=EDGE_CURVE('',#3112,#3113,#1862,.T.);
#3938=EDGE_CURVE('',#3113,#3111,#74,.T.);
#3939=EDGE_CURVE('',#3114,#3112,#75,.T.);
#3940=EDGE_CURVE('',#3114,#3115,#1863,.T.);
#3941=EDGE_CURVE('',#3115,#3113,#76,.T.);
#3942=EDGE_CURVE('',#3116,#3114,#77,.T.);
#3943=EDGE_CURVE('',#3116,#3117,#1864,.T.);
#3944=EDGE_CURVE('',#3117,#3115,#78,.T.);
#3945=EDGE_CURVE('',#3118,#3116,#79,.T.);
#3946=EDGE_CURVE('',#3118,#3119,#1865,.T.);
#3947=EDGE_CURVE('',#3119,#3117,#80,.T.);
#3948=EDGE_CURVE('',#3120,#3118,#81,.T.);
#3949=EDGE_CURVE('',#3120,#3121,#1866,.T.);
#3950=EDGE_CURVE('',#3121,#3119,#82,.T.);
#3951=EDGE_CURVE('',#3122,#3120,#83,.T.);
#3952=EDGE_CURVE('',#3122,#3123,#1867,.T.);
#3953=EDGE_CURVE('',#3123,#3121,#84,.T.);
#3954=EDGE_CURVE('',#3105,#3122,#1868,.T.);
#3955=EDGE_CURVE('',#3107,#3123,#1869,.T.);
#3956=EDGE_CURVE('',#3124,#3125,#1870,.T.);
#3957=EDGE_CURVE('',#3124,#3126,#1871,.T.);
#3958=EDGE_CURVE('',#3126,#3127,#1872,.T.);
#3959=EDGE_CURVE('',#3125,#3127,#1873,.T.);
#3960=EDGE_CURVE('',#3128,#3124,#85,.T.);
#3961=EDGE_CURVE('',#3128,#3129,#1874,.T.);
#3962=EDGE_CURVE('',#3129,#3126,#86,.T.);
#3963=EDGE_CURVE('',#3130,#3128,#87,.T.);
#3964=EDGE_CURVE('',#3130,#3131,#1875,.T.);
#3965=EDGE_CURVE('',#3131,#3129,#88,.T.);
#3966=EDGE_CURVE('',#3132,#3130,#1876,.T.);
#3967=EDGE_CURVE('',#3132,#3133,#1877,.T.);
#3968=EDGE_CURVE('',#3133,#3131,#1878,.T.);
#3969=EDGE_CURVE('',#3134,#3132,#89,.T.);
#3970=EDGE_CURVE('',#3134,#3135,#1879,.T.);
#3971=EDGE_CURVE('',#3135,#3133,#90,.T.);
#3972=EDGE_CURVE('',#3136,#3134,#91,.T.);
#3973=EDGE_CURVE('',#3136,#3137,#1880,.T.);
#3974=EDGE_CURVE('',#3137,#3135,#92,.T.);
#3975=EDGE_CURVE('',#3138,#3136,#93,.T.);
#3976=EDGE_CURVE('',#3138,#3139,#1881,.T.);
#3977=EDGE_CURVE('',#3139,#3137,#94,.T.);
#3978=EDGE_CURVE('',#3140,#3138,#95,.T.);
#3979=EDGE_CURVE('',#3140,#3141,#1882,.T.);
#3980=EDGE_CURVE('',#3141,#3139,#96,.T.);
#3981=EDGE_CURVE('',#3142,#3140,#97,.T.);
#3982=EDGE_CURVE('',#3142,#3143,#1883,.T.);
#3983=EDGE_CURVE('',#3143,#3141,#98,.T.);
#3984=EDGE_CURVE('',#3144,#3142,#99,.T.);
#3985=EDGE_CURVE('',#3144,#3145,#1884,.T.);
#3986=EDGE_CURVE('',#3145,#3143,#100,.T.);
#3987=EDGE_CURVE('',#3146,#3144,#101,.T.);
#3988=EDGE_CURVE('',#3146,#3147,#1885,.T.);
#3989=EDGE_CURVE('',#3147,#3145,#102,.T.);
#3990=EDGE_CURVE('',#3148,#3146,#1886,.T.);
#3991=EDGE_CURVE('',#3148,#3149,#1887,.T.);
#3992=EDGE_CURVE('',#3149,#3147,#1888,.T.);
#3993=EDGE_CURVE('',#3150,#3148,#103,.T.);
#3994=EDGE_CURVE('',#3150,#3151,#1889,.T.);
#3995=EDGE_CURVE('',#3151,#3149,#104,.T.);
#3996=EDGE_CURVE('',#3152,#3150,#105,.T.);
#3997=EDGE_CURVE('',#3152,#3153,#1890,.T.);
#3998=EDGE_CURVE('',#3153,#3151,#106,.T.);
#3999=EDGE_CURVE('',#3154,#3152,#107,.T.);
#4000=EDGE_CURVE('',#3154,#3155,#1891,.T.);
#4001=EDGE_CURVE('',#3155,#3153,#108,.T.);
#4002=EDGE_CURVE('',#3156,#3154,#109,.T.);
#4003=EDGE_CURVE('',#3156,#3157,#1892,.T.);
#4004=EDGE_CURVE('',#3157,#3155,#110,.T.);
#4005=EDGE_CURVE('',#3158,#3156,#111,.T.);
#4006=EDGE_CURVE('',#3158,#3159,#1893,.T.);
#4007=EDGE_CURVE('',#3159,#3157,#112,.T.);
#4008=EDGE_CURVE('',#3160,#3158,#113,.T.);
#4009=EDGE_CURVE('',#3160,#3161,#1894,.T.);
#4010=EDGE_CURVE('',#3161,#3159,#114,.T.);
#4011=EDGE_CURVE('',#3162,#3160,#115,.T.);
#4012=EDGE_CURVE('',#3162,#3163,#1895,.T.);
#4013=EDGE_CURVE('',#3163,#3161,#116,.T.);
#4014=EDGE_CURVE('',#3164,#3162,#117,.T.);
#4015=EDGE_CURVE('',#3164,#3165,#1896,.T.);
#4016=EDGE_CURVE('',#3165,#3163,#118,.T.);
#4017=EDGE_CURVE('',#3166,#3164,#119,.T.);
#4018=EDGE_CURVE('',#3166,#3167,#1897,.T.);
#4019=EDGE_CURVE('',#3167,#3165,#120,.T.);
#4020=EDGE_CURVE('',#3168,#3166,#121,.T.);
#4021=EDGE_CURVE('',#3168,#3169,#1898,.T.);
#4022=EDGE_CURVE('',#3169,#3167,#122,.T.);
#4023=EDGE_CURVE('',#3170,#3168,#123,.T.);
#4024=EDGE_CURVE('',#3170,#3171,#1899,.T.);
#4025=EDGE_CURVE('',#3171,#3169,#124,.T.);
#4026=EDGE_CURVE('',#3172,#3170,#125,.T.);
#4027=EDGE_CURVE('',#3172,#3173,#1900,.T.);
#4028=EDGE_CURVE('',#3173,#3171,#126,.T.);
#4029=EDGE_CURVE('',#3174,#3172,#127,.T.);
#4030=EDGE_CURVE('',#3174,#3175,#1901,.T.);
#4031=EDGE_CURVE('',#3175,#3173,#128,.T.);
#4032=EDGE_CURVE('',#3176,#3174,#129,.T.);
#4033=EDGE_CURVE('',#3176,#3177,#1902,.T.);
#4034=EDGE_CURVE('',#3177,#3175,#130,.T.);
#4035=EDGE_CURVE('',#3125,#3176,#131,.T.);
#4036=EDGE_CURVE('',#3127,#3177,#132,.T.);
#4037=EDGE_CURVE('',#3178,#3179,#133,.T.);
#4038=EDGE_CURVE('',#3178,#3180,#1903,.T.);
#4039=EDGE_CURVE('',#3180,#3181,#134,.T.);
#4040=EDGE_CURVE('',#3179,#3181,#1904,.T.);
#4041=EDGE_CURVE('',#3182,#3178,#135,.T.);
#4042=EDGE_CURVE('',#3182,#3183,#1905,.T.);
#4043=EDGE_CURVE('',#3183,#3180,#136,.T.);
#4044=EDGE_CURVE('',#3184,#3182,#137,.T.);
#4045=EDGE_CURVE('',#3184,#3185,#1906,.T.);
#4046=EDGE_CURVE('',#3185,#3183,#138,.T.);
#4047=EDGE_CURVE('',#3186,#3184,#139,.T.);
#4048=EDGE_CURVE('',#3186,#3187,#1907,.T.);
#4049=EDGE_CURVE('',#3187,#3185,#140,.T.);
#4050=EDGE_CURVE('',#3188,#3186,#141,.T.);
#4051=EDGE_CURVE('',#3188,#3189,#1908,.T.);
#4052=EDGE_CURVE('',#3189,#3187,#142,.T.);
#4053=EDGE_CURVE('',#3190,#3188,#143,.T.);
#4054=EDGE_CURVE('',#3190,#3191,#1909,.T.);
#4055=EDGE_CURVE('',#3191,#3189,#144,.T.);
#4056=EDGE_CURVE('',#3192,#3190,#145,.T.);
#4057=EDGE_CURVE('',#3192,#3193,#1910,.T.);
#4058=EDGE_CURVE('',#3193,#3191,#146,.T.);
#4059=EDGE_CURVE('',#3194,#3192,#147,.T.);
#4060=EDGE_CURVE('',#3194,#3195,#1911,.T.);
#4061=EDGE_CURVE('',#3195,#3193,#148,.T.);
#4062=EDGE_CURVE('',#3196,#3194,#149,.T.);
#4063=EDGE_CURVE('',#3196,#3197,#1912,.T.);
#4064=EDGE_CURVE('',#3197,#3195,#150,.T.);
#4065=EDGE_CURVE('',#3198,#3196,#151,.T.);
#4066=EDGE_CURVE('',#3198,#3199,#1913,.T.);
#4067=EDGE_CURVE('',#3199,#3197,#152,.T.);
#4068=EDGE_CURVE('',#3200,#3198,#153,.T.);
#4069=EDGE_CURVE('',#3200,#3201,#1914,.T.);
#4070=EDGE_CURVE('',#3201,#3199,#154,.T.);
#4071=EDGE_CURVE('',#3202,#3200,#155,.T.);
#4072=EDGE_CURVE('',#3202,#3203,#1915,.T.);
#4073=EDGE_CURVE('',#3203,#3201,#156,.T.);
#4074=EDGE_CURVE('',#3204,#3202,#157,.T.);
#4075=EDGE_CURVE('',#3204,#3205,#1916,.T.);
#4076=EDGE_CURVE('',#3205,#3203,#158,.T.);
#4077=EDGE_CURVE('',#3206,#3204,#159,.T.);
#4078=EDGE_CURVE('',#3206,#3207,#1917,.T.);
#4079=EDGE_CURVE('',#3207,#3205,#160,.T.);
#4080=EDGE_CURVE('',#3208,#3206,#1918,.T.);
#4081=EDGE_CURVE('',#3208,#3209,#1919,.T.);
#4082=EDGE_CURVE('',#3209,#3207,#1920,.T.);
#4083=EDGE_CURVE('',#3210,#3208,#161,.T.);
#4084=EDGE_CURVE('',#3210,#3211,#1921,.T.);
#4085=EDGE_CURVE('',#3211,#3209,#162,.T.);
#4086=EDGE_CURVE('',#3212,#3210,#163,.T.);
#4087=EDGE_CURVE('',#3212,#3213,#1922,.T.);
#4088=EDGE_CURVE('',#3213,#3211,#164,.T.);
#4089=EDGE_CURVE('',#3214,#3212,#165,.T.);
#4090=EDGE_CURVE('',#3214,#3215,#1923,.T.);
#4091=EDGE_CURVE('',#3215,#3213,#166,.T.);
#4092=EDGE_CURVE('',#3216,#3214,#167,.T.);
#4093=EDGE_CURVE('',#3216,#3217,#1924,.T.);
#4094=EDGE_CURVE('',#3217,#3215,#168,.T.);
#4095=EDGE_CURVE('',#3218,#3216,#169,.T.);
#4096=EDGE_CURVE('',#3218,#3219,#1925,.T.);
#4097=EDGE_CURVE('',#3219,#3217,#170,.T.);
#4098=EDGE_CURVE('',#3220,#3218,#171,.T.);
#4099=EDGE_CURVE('',#3220,#3221,#1926,.T.);
#4100=EDGE_CURVE('',#3221,#3219,#172,.T.);
#4101=EDGE_CURVE('',#3222,#3220,#173,.T.);
#4102=EDGE_CURVE('',#3222,#3223,#1927,.T.);
#4103=EDGE_CURVE('',#3223,#3221,#174,.T.);
#4104=EDGE_CURVE('',#3224,#3222,#175,.T.);
#4105=EDGE_CURVE('',#3224,#3225,#1928,.T.);
#4106=EDGE_CURVE('',#3225,#3223,#176,.T.);
#4107=EDGE_CURVE('',#3226,#3224,#177,.T.);
#4108=EDGE_CURVE('',#3226,#3227,#1929,.T.);
#4109=EDGE_CURVE('',#3227,#3225,#178,.T.);
#4110=EDGE_CURVE('',#3228,#3226,#179,.T.);
#4111=EDGE_CURVE('',#3228,#3229,#1930,.T.);
#4112=EDGE_CURVE('',#3229,#3227,#180,.T.);
#4113=EDGE_CURVE('',#3230,#3228,#181,.T.);
#4114=EDGE_CURVE('',#3230,#3231,#1931,.T.);
#4115=EDGE_CURVE('',#3231,#3229,#182,.T.);
#4116=EDGE_CURVE('',#3232,#3230,#183,.T.);
#4117=EDGE_CURVE('',#3232,#3233,#1932,.T.);
#4118=EDGE_CURVE('',#3233,#3231,#184,.T.);
#4119=EDGE_CURVE('',#3234,#3232,#185,.T.);
#4120=EDGE_CURVE('',#3234,#3235,#1933,.T.);
#4121=EDGE_CURVE('',#3235,#3233,#186,.T.);
#4122=EDGE_CURVE('',#3236,#3234,#187,.T.);
#4123=EDGE_CURVE('',#3236,#3237,#1934,.T.);
#4124=EDGE_CURVE('',#3237,#3235,#188,.T.);
#4125=EDGE_CURVE('',#3238,#3236,#189,.T.);
#4126=EDGE_CURVE('',#3238,#3239,#1935,.T.);
#4127=EDGE_CURVE('',#3239,#3237,#190,.T.);
#4128=EDGE_CURVE('',#3240,#3238,#191,.T.);
#4129=EDGE_CURVE('',#3240,#3241,#1936,.T.);
#4130=EDGE_CURVE('',#3241,#3239,#192,.T.);
#4131=EDGE_CURVE('',#3242,#3240,#1937,.T.);
#4132=EDGE_CURVE('',#3242,#3243,#1938,.T.);
#4133=EDGE_CURVE('',#3243,#3241,#1939,.T.);
#4134=EDGE_CURVE('',#3179,#3242,#193,.T.);
#4135=EDGE_CURVE('',#3181,#3243,#194,.T.);
#4136=EDGE_CURVE('',#3244,#3245,#195,.T.);
#4137=EDGE_CURVE('',#3244,#3246,#1940,.T.);
#4138=EDGE_CURVE('',#3246,#3247,#196,.T.);
#4139=EDGE_CURVE('',#3245,#3247,#1941,.T.);
#4140=EDGE_CURVE('',#3248,#3244,#197,.T.);
#4141=EDGE_CURVE('',#3248,#3249,#1942,.T.);
#4142=EDGE_CURVE('',#3249,#3246,#198,.T.);
#4143=EDGE_CURVE('',#3250,#3248,#199,.T.);
#4144=EDGE_CURVE('',#3250,#3251,#1943,.T.);
#4145=EDGE_CURVE('',#3251,#3249,#200,.T.);
#4146=EDGE_CURVE('',#3252,#3250,#201,.T.);
#4147=EDGE_CURVE('',#3252,#3253,#1944,.T.);
#4148=EDGE_CURVE('',#3253,#3251,#202,.T.);
#4149=EDGE_CURVE('',#3254,#3252,#203,.T.);
#4150=EDGE_CURVE('',#3254,#3255,#1945,.T.);
#4151=EDGE_CURVE('',#3255,#3253,#204,.T.);
#4152=EDGE_CURVE('',#3256,#3254,#205,.T.);
#4153=EDGE_CURVE('',#3256,#3257,#1946,.T.);
#4154=EDGE_CURVE('',#3257,#3255,#206,.T.);
#4155=EDGE_CURVE('',#3258,#3256,#207,.T.);
#4156=EDGE_CURVE('',#3258,#3259,#1947,.T.);
#4157=EDGE_CURVE('',#3259,#3257,#208,.T.);
#4158=EDGE_CURVE('',#3260,#3258,#209,.T.);
#4159=EDGE_CURVE('',#3260,#3261,#1948,.T.);
#4160=EDGE_CURVE('',#3261,#3259,#210,.T.);
#4161=EDGE_CURVE('',#3262,#3260,#211,.T.);
#4162=EDGE_CURVE('',#3262,#3263,#1949,.T.);
#4163=EDGE_CURVE('',#3263,#3261,#212,.T.);
#4164=EDGE_CURVE('',#3245,#3262,#1950,.T.);
#4165=EDGE_CURVE('',#3247,#3263,#1951,.T.);
#4166=EDGE_CURVE('',#3264,#3265,#1952,.T.);
#4167=EDGE_CURVE('',#3264,#3266,#1953,.T.);
#4168=EDGE_CURVE('',#3266,#3267,#1954,.T.);
#4169=EDGE_CURVE('',#3265,#3267,#1955,.T.);
#4170=EDGE_CURVE('',#3268,#3264,#213,.T.);
#4171=EDGE_CURVE('',#3268,#3269,#1956,.T.);
#4172=EDGE_CURVE('',#3269,#3266,#214,.T.);
#4173=EDGE_CURVE('',#3270,#3268,#215,.T.);
#4174=EDGE_CURVE('',#3270,#3271,#1957,.T.);
#4175=EDGE_CURVE('',#3271,#3269,#216,.T.);
#4176=EDGE_CURVE('',#3272,#3270,#1958,.T.);
#4177=EDGE_CURVE('',#3272,#3273,#1959,.T.);
#4178=EDGE_CURVE('',#3273,#3271,#1960,.T.);
#4179=EDGE_CURVE('',#3274,#3272,#217,.T.);
#4180=EDGE_CURVE('',#3274,#3275,#1961,.T.);
#4181=EDGE_CURVE('',#3275,#3273,#218,.T.);
#4182=EDGE_CURVE('',#3276,#3274,#219,.T.);
#4183=EDGE_CURVE('',#3276,#3277,#1962,.T.);
#4184=EDGE_CURVE('',#3277,#3275,#220,.T.);
#4185=EDGE_CURVE('',#3278,#3276,#221,.T.);
#4186=EDGE_CURVE('',#3278,#3279,#1963,.T.);
#4187=EDGE_CURVE('',#3279,#3277,#222,.T.);
#4188=EDGE_CURVE('',#3280,#3278,#223,.T.);
#4189=EDGE_CURVE('',#3280,#3281,#1964,.T.);
#4190=EDGE_CURVE('',#3281,#3279,#224,.T.);
#4191=EDGE_CURVE('',#3282,#3280,#225,.T.);
#4192=EDGE_CURVE('',#3282,#3283,#1965,.T.);
#4193=EDGE_CURVE('',#3283,#3281,#226,.T.);
#4194=EDGE_CURVE('',#3284,#3282,#227,.T.);
#4195=EDGE_CURVE('',#3284,#3285,#1966,.T.);
#4196=EDGE_CURVE('',#3285,#3283,#228,.T.);
#4197=EDGE_CURVE('',#3286,#3284,#229,.T.);
#4198=EDGE_CURVE('',#3286,#3287,#1967,.T.);
#4199=EDGE_CURVE('',#3287,#3285,#230,.T.);
#4200=EDGE_CURVE('',#3288,#3286,#1968,.T.);
#4201=EDGE_CURVE('',#3288,#3289,#1969,.T.);
#4202=EDGE_CURVE('',#3289,#3287,#1970,.T.);
#4203=EDGE_CURVE('',#3290,#3288,#231,.T.);
#4204=EDGE_CURVE('',#3290,#3291,#1971,.T.);
#4205=EDGE_CURVE('',#3291,#3289,#232,.T.);
#4206=EDGE_CURVE('',#3292,#3290,#233,.T.);
#4207=EDGE_CURVE('',#3292,#3293,#1972,.T.);
#4208=EDGE_CURVE('',#3293,#3291,#234,.T.);
#4209=EDGE_CURVE('',#3294,#3292,#235,.T.);
#4210=EDGE_CURVE('',#3294,#3295,#1973,.T.);
#4211=EDGE_CURVE('',#3295,#3293,#236,.T.);
#4212=EDGE_CURVE('',#3296,#3294,#237,.T.);
#4213=EDGE_CURVE('',#3296,#3297,#1974,.T.);
#4214=EDGE_CURVE('',#3297,#3295,#238,.T.);
#4215=EDGE_CURVE('',#3298,#3296,#239,.T.);
#4216=EDGE_CURVE('',#3298,#3299,#1975,.T.);
#4217=EDGE_CURVE('',#3299,#3297,#240,.T.);
#4218=EDGE_CURVE('',#3300,#3298,#241,.T.);
#4219=EDGE_CURVE('',#3300,#3301,#1976,.T.);
#4220=EDGE_CURVE('',#3301,#3299,#242,.T.);
#4221=EDGE_CURVE('',#3302,#3300,#243,.T.);
#4222=EDGE_CURVE('',#3302,#3303,#1977,.T.);
#4223=EDGE_CURVE('',#3303,#3301,#244,.T.);
#4224=EDGE_CURVE('',#3304,#3302,#245,.T.);
#4225=EDGE_CURVE('',#3304,#3305,#1978,.T.);
#4226=EDGE_CURVE('',#3305,#3303,#246,.T.);
#4227=EDGE_CURVE('',#3306,#3304,#247,.T.);
#4228=EDGE_CURVE('',#3306,#3307,#1979,.T.);
#4229=EDGE_CURVE('',#3307,#3305,#248,.T.);
#4230=EDGE_CURVE('',#3308,#3306,#249,.T.);
#4231=EDGE_CURVE('',#3308,#3309,#1980,.T.);
#4232=EDGE_CURVE('',#3309,#3307,#250,.T.);
#4233=EDGE_CURVE('',#3310,#3308,#251,.T.);
#4234=EDGE_CURVE('',#3310,#3311,#1981,.T.);
#4235=EDGE_CURVE('',#3311,#3309,#252,.T.);
#4236=EDGE_CURVE('',#3312,#3310,#253,.T.);
#4237=EDGE_CURVE('',#3312,#3313,#1982,.T.);
#4238=EDGE_CURVE('',#3313,#3311,#254,.T.);
#4239=EDGE_CURVE('',#3314,#3312,#255,.T.);
#4240=EDGE_CURVE('',#3314,#3315,#1983,.T.);
#4241=EDGE_CURVE('',#3315,#3313,#256,.T.);
#4242=EDGE_CURVE('',#3316,#3314,#257,.T.);
#4243=EDGE_CURVE('',#3316,#3317,#1984,.T.);
#4244=EDGE_CURVE('',#3317,#3315,#258,.T.);
#4245=EDGE_CURVE('',#3265,#3316,#259,.T.);
#4246=EDGE_CURVE('',#3267,#3317,#260,.T.);
#4247=EDGE_CURVE('',#3318,#3319,#1985,.T.);
#4248=EDGE_CURVE('',#3318,#3320,#1986,.T.);
#4249=EDGE_CURVE('',#3320,#3321,#1987,.T.);
#4250=EDGE_CURVE('',#3319,#3321,#1988,.T.);
#4251=EDGE_CURVE('',#3322,#3318,#261,.T.);
#4252=EDGE_CURVE('',#3322,#3323,#1989,.T.);
#4253=EDGE_CURVE('',#3323,#3320,#262,.T.);
#4254=EDGE_CURVE('',#3324,#3322,#263,.T.);
#4255=EDGE_CURVE('',#3324,#3325,#1990,.T.);
#4256=EDGE_CURVE('',#3325,#3323,#264,.T.);
#4257=EDGE_CURVE('',#3326,#3324,#265,.T.);
#4258=EDGE_CURVE('',#3326,#3327,#1991,.T.);
#4259=EDGE_CURVE('',#3327,#3325,#266,.T.);
#4260=EDGE_CURVE('',#3328,#3326,#267,.T.);
#4261=EDGE_CURVE('',#3328,#3329,#1992,.T.);
#4262=EDGE_CURVE('',#3329,#3327,#268,.T.);
#4263=EDGE_CURVE('',#3330,#3328,#1993,.T.);
#4264=EDGE_CURVE('',#3330,#3331,#1994,.T.);
#4265=EDGE_CURVE('',#3331,#3329,#1995,.T.);
#4266=EDGE_CURVE('',#3332,#3330,#269,.T.);
#4267=EDGE_CURVE('',#3332,#3333,#1996,.T.);
#4268=EDGE_CURVE('',#3333,#3331,#270,.T.);
#4269=EDGE_CURVE('',#3334,#3332,#271,.T.);
#4270=EDGE_CURVE('',#3334,#3335,#1997,.T.);
#4271=EDGE_CURVE('',#3335,#3333,#272,.T.);
#4272=EDGE_CURVE('',#3336,#3334,#273,.T.);
#4273=EDGE_CURVE('',#3336,#3337,#1998,.T.);
#4274=EDGE_CURVE('',#3337,#3335,#274,.T.);
#4275=EDGE_CURVE('',#3338,#3336,#1999,.T.);
#4276=EDGE_CURVE('',#3338,#3339,#2000,.T.);
#4277=EDGE_CURVE('',#3339,#3337,#2001,.T.);
#4278=EDGE_CURVE('',#3340,#3338,#2002,.T.);
#4279=EDGE_CURVE('',#3340,#3341,#2003,.T.);
#4280=EDGE_CURVE('',#3341,#3339,#2004,.T.);
#4281=EDGE_CURVE('',#3342,#3340,#2005,.T.);
#4282=EDGE_CURVE('',#3342,#3343,#2006,.T.);
#4283=EDGE_CURVE('',#3343,#3341,#2007,.T.);
#4284=EDGE_CURVE('',#3319,#3342,#2008,.T.);
#4285=EDGE_CURVE('',#3321,#3343,#2009,.T.);
#4286=EDGE_CURVE('',#3344,#3345,#275,.T.);
#4287=EDGE_CURVE('',#3344,#3346,#2010,.T.);
#4288=EDGE_CURVE('',#3346,#3347,#276,.T.);
#4289=EDGE_CURVE('',#3345,#3347,#2011,.T.);
#4290=EDGE_CURVE('',#3348,#3344,#277,.T.);
#4291=EDGE_CURVE('',#3348,#3349,#2012,.T.);
#4292=EDGE_CURVE('',#3349,#3346,#278,.T.);
#4293=EDGE_CURVE('',#3350,#3348,#279,.T.);
#4294=EDGE_CURVE('',#3350,#3351,#2013,.T.);
#4295=EDGE_CURVE('',#3351,#3349,#280,.T.);
#4296=EDGE_CURVE('',#3352,#3350,#281,.T.);
#4297=EDGE_CURVE('',#3352,#3353,#2014,.T.);
#4298=EDGE_CURVE('',#3353,#3351,#282,.T.);
#4299=EDGE_CURVE('',#3354,#3352,#283,.T.);
#4300=EDGE_CURVE('',#3354,#3355,#2015,.T.);
#4301=EDGE_CURVE('',#3355,#3353,#284,.T.);
#4302=EDGE_CURVE('',#3356,#3354,#285,.T.);
#4303=EDGE_CURVE('',#3356,#3357,#2016,.T.);
#4304=EDGE_CURVE('',#3357,#3355,#286,.T.);
#4305=EDGE_CURVE('',#3358,#3356,#287,.T.);
#4306=EDGE_CURVE('',#3358,#3359,#2017,.T.);
#4307=EDGE_CURVE('',#3359,#3357,#288,.T.);
#4308=EDGE_CURVE('',#3345,#3358,#289,.T.);
#4309=EDGE_CURVE('',#3347,#3359,#290,.T.);
#4310=EDGE_CURVE('',#3360,#3361,#2018,.T.);
#4311=EDGE_CURVE('',#3360,#3362,#2019,.T.);
#4312=EDGE_CURVE('',#3362,#3363,#2020,.T.);
#4313=EDGE_CURVE('',#3361,#3363,#2021,.T.);
#4314=EDGE_CURVE('',#3364,#3360,#291,.T.);
#4315=EDGE_CURVE('',#3364,#3365,#2022,.T.);
#4316=EDGE_CURVE('',#3365,#3362,#292,.T.);
#4317=EDGE_CURVE('',#3366,#3364,#293,.T.);
#4318=EDGE_CURVE('',#3366,#3367,#2023,.T.);
#4319=EDGE_CURVE('',#3367,#3365,#294,.T.);
#4320=EDGE_CURVE('',#3368,#3366,#295,.T.);
#4321=EDGE_CURVE('',#3368,#3369,#2024,.T.);
#4322=EDGE_CURVE('',#3369,#3367,#296,.T.);
#4323=EDGE_CURVE('',#3370,#3368,#297,.T.);
#4324=EDGE_CURVE('',#3370,#3371,#2025,.T.);
#4325=EDGE_CURVE('',#3371,#3369,#298,.T.);
#4326=EDGE_CURVE('',#3372,#3370,#299,.T.);
#4327=EDGE_CURVE('',#3372,#3373,#2026,.T.);
#4328=EDGE_CURVE('',#3373,#3371,#300,.T.);
#4329=EDGE_CURVE('',#3374,#3372,#301,.T.);
#4330=EDGE_CURVE('',#3374,#3375,#2027,.T.);
#4331=EDGE_CURVE('',#3375,#3373,#302,.T.);
#4332=EDGE_CURVE('',#3376,#3374,#303,.T.);
#4333=EDGE_CURVE('',#3376,#3377,#2028,.T.);
#4334=EDGE_CURVE('',#3377,#3375,#304,.T.);
#4335=EDGE_CURVE('',#3378,#3376,#305,.T.);
#4336=EDGE_CURVE('',#3378,#3379,#2029,.T.);
#4337=EDGE_CURVE('',#3379,#3377,#306,.T.);
#4338=EDGE_CURVE('',#3380,#3378,#307,.T.);
#4339=EDGE_CURVE('',#3380,#3381,#2030,.T.);
#4340=EDGE_CURVE('',#3381,#3379,#308,.T.);
#4341=EDGE_CURVE('',#3382,#3380,#309,.T.);
#4342=EDGE_CURVE('',#3382,#3383,#2031,.T.);
#4343=EDGE_CURVE('',#3383,#3381,#310,.T.);
#4344=EDGE_CURVE('',#3384,#3382,#2032,.T.);
#4345=EDGE_CURVE('',#3384,#3385,#2033,.T.);
#4346=EDGE_CURVE('',#3385,#3383,#2034,.T.);
#4347=EDGE_CURVE('',#3386,#3384,#2035,.T.);
#4348=EDGE_CURVE('',#3386,#3387,#2036,.T.);
#4349=EDGE_CURVE('',#3387,#3385,#2037,.T.);
#4350=EDGE_CURVE('',#3388,#3386,#2038,.T.);
#4351=EDGE_CURVE('',#3388,#3389,#2039,.T.);
#4352=EDGE_CURVE('',#3389,#3387,#2040,.T.);
#4353=EDGE_CURVE('',#3361,#3388,#2041,.T.);
#4354=EDGE_CURVE('',#3363,#3389,#2042,.T.);
#4355=EDGE_CURVE('',#3390,#3391,#311,.T.);
#4356=EDGE_CURVE('',#3390,#3392,#2043,.T.);
#4357=EDGE_CURVE('',#3392,#3393,#312,.T.);
#4358=EDGE_CURVE('',#3391,#3393,#2044,.T.);
#4359=EDGE_CURVE('',#3394,#3390,#313,.T.);
#4360=EDGE_CURVE('',#3394,#3395,#2045,.T.);
#4361=EDGE_CURVE('',#3395,#3392,#314,.T.);
#4362=EDGE_CURVE('',#3396,#3394,#315,.T.);
#4363=EDGE_CURVE('',#3396,#3397,#2046,.T.);
#4364=EDGE_CURVE('',#3397,#3395,#316,.T.);
#4365=EDGE_CURVE('',#3398,#3396,#317,.T.);
#4366=EDGE_CURVE('',#3398,#3399,#2047,.T.);
#4367=EDGE_CURVE('',#3399,#3397,#318,.T.);
#4368=EDGE_CURVE('',#3400,#3398,#319,.T.);
#4369=EDGE_CURVE('',#3400,#3401,#2048,.T.);
#4370=EDGE_CURVE('',#3401,#3399,#320,.T.);
#4371=EDGE_CURVE('',#3402,#3400,#321,.T.);
#4372=EDGE_CURVE('',#3402,#3403,#2049,.T.);
#4373=EDGE_CURVE('',#3403,#3401,#322,.T.);
#4374=EDGE_CURVE('',#3404,#3402,#323,.T.);
#4375=EDGE_CURVE('',#3404,#3405,#2050,.T.);
#4376=EDGE_CURVE('',#3405,#3403,#324,.T.);
#4377=EDGE_CURVE('',#3406,#3404,#325,.T.);
#4378=EDGE_CURVE('',#3406,#3407,#2051,.T.);
#4379=EDGE_CURVE('',#3407,#3405,#326,.T.);
#4380=EDGE_CURVE('',#3408,#3406,#327,.T.);
#4381=EDGE_CURVE('',#3408,#3409,#2052,.T.);
#4382=EDGE_CURVE('',#3409,#3407,#328,.T.);
#4383=EDGE_CURVE('',#3391,#3408,#2053,.T.);
#4384=EDGE_CURVE('',#3393,#3409,#2054,.T.);
#4385=EDGE_CURVE('',#3410,#3411,#2055,.T.);
#4386=EDGE_CURVE('',#3410,#3412,#2056,.T.);
#4387=EDGE_CURVE('',#3412,#3413,#2057,.T.);
#4388=EDGE_CURVE('',#3411,#3413,#2058,.T.);
#4389=EDGE_CURVE('',#3414,#3410,#329,.T.);
#4390=EDGE_CURVE('',#3414,#3415,#2059,.T.);
#4391=EDGE_CURVE('',#3415,#3412,#330,.T.);
#4392=EDGE_CURVE('',#3416,#3414,#331,.T.);
#4393=EDGE_CURVE('',#3416,#3417,#2060,.T.);
#4394=EDGE_CURVE('',#3417,#3415,#332,.T.);
#4395=EDGE_CURVE('',#3418,#3416,#2061,.T.);
#4396=EDGE_CURVE('',#3418,#3419,#2062,.T.);
#4397=EDGE_CURVE('',#3419,#3417,#2063,.T.);
#4398=EDGE_CURVE('',#3420,#3418,#333,.T.);
#4399=EDGE_CURVE('',#3420,#3421,#2064,.T.);
#4400=EDGE_CURVE('',#3421,#3419,#334,.T.);
#4401=EDGE_CURVE('',#3422,#3420,#335,.T.);
#4402=EDGE_CURVE('',#3422,#3423,#2065,.T.);
#4403=EDGE_CURVE('',#3423,#3421,#336,.T.);
#4404=EDGE_CURVE('',#3424,#3422,#337,.T.);
#4405=EDGE_CURVE('',#3424,#3425,#2066,.T.);
#4406=EDGE_CURVE('',#3425,#3423,#338,.T.);
#4407=EDGE_CURVE('',#3426,#3424,#339,.T.);
#4408=EDGE_CURVE('',#3426,#3427,#2067,.T.);
#4409=EDGE_CURVE('',#3427,#3425,#340,.T.);
#4410=EDGE_CURVE('',#3428,#3426,#341,.T.);
#4411=EDGE_CURVE('',#3428,#3429,#2068,.T.);
#4412=EDGE_CURVE('',#3429,#3427,#342,.T.);
#4413=EDGE_CURVE('',#3430,#3428,#343,.T.);
#4414=EDGE_CURVE('',#3430,#3431,#2069,.T.);
#4415=EDGE_CURVE('',#3431,#3429,#344,.T.);
#4416=EDGE_CURVE('',#3432,#3430,#345,.T.);
#4417=EDGE_CURVE('',#3432,#3433,#2070,.T.);
#4418=EDGE_CURVE('',#3433,#3431,#346,.T.);
#4419=EDGE_CURVE('',#3434,#3432,#2071,.T.);
#4420=EDGE_CURVE('',#3434,#3435,#2072,.T.);
#4421=EDGE_CURVE('',#3435,#3433,#2073,.T.);
#4422=EDGE_CURVE('',#3436,#3434,#347,.T.);
#4423=EDGE_CURVE('',#3436,#3437,#2074,.T.);
#4424=EDGE_CURVE('',#3437,#3435,#348,.T.);
#4425=EDGE_CURVE('',#3438,#3436,#349,.T.);
#4426=EDGE_CURVE('',#3438,#3439,#2075,.T.);
#4427=EDGE_CURVE('',#3439,#3437,#350,.T.);
#4428=EDGE_CURVE('',#3440,#3438,#351,.T.);
#4429=EDGE_CURVE('',#3440,#3441,#2076,.T.);
#4430=EDGE_CURVE('',#3441,#3439,#352,.T.);
#4431=EDGE_CURVE('',#3442,#3440,#353,.T.);
#4432=EDGE_CURVE('',#3442,#3443,#2077,.T.);
#4433=EDGE_CURVE('',#3443,#3441,#354,.T.);
#4434=EDGE_CURVE('',#3444,#3442,#355,.T.);
#4435=EDGE_CURVE('',#3444,#3445,#2078,.T.);
#4436=EDGE_CURVE('',#3445,#3443,#356,.T.);
#4437=EDGE_CURVE('',#3446,#3444,#357,.T.);
#4438=EDGE_CURVE('',#3446,#3447,#2079,.T.);
#4439=EDGE_CURVE('',#3447,#3445,#358,.T.);
#4440=EDGE_CURVE('',#3448,#3446,#359,.T.);
#4441=EDGE_CURVE('',#3448,#3449,#2080,.T.);
#4442=EDGE_CURVE('',#3449,#3447,#360,.T.);
#4443=EDGE_CURVE('',#3450,#3448,#361,.T.);
#4444=EDGE_CURVE('',#3450,#3451,#2081,.T.);
#4445=EDGE_CURVE('',#3451,#3449,#362,.T.);
#4446=EDGE_CURVE('',#3452,#3450,#363,.T.);
#4447=EDGE_CURVE('',#3452,#3453,#2082,.T.);
#4448=EDGE_CURVE('',#3453,#3451,#364,.T.);
#4449=EDGE_CURVE('',#3454,#3452,#365,.T.);
#4450=EDGE_CURVE('',#3454,#3455,#2083,.T.);
#4451=EDGE_CURVE('',#3455,#3453,#366,.T.);
#4452=EDGE_CURVE('',#3456,#3454,#367,.T.);
#4453=EDGE_CURVE('',#3456,#3457,#2084,.T.);
#4454=EDGE_CURVE('',#3457,#3455,#368,.T.);
#4455=EDGE_CURVE('',#3458,#3456,#369,.T.);
#4456=EDGE_CURVE('',#3458,#3459,#2085,.T.);
#4457=EDGE_CURVE('',#3459,#3457,#370,.T.);
#4458=EDGE_CURVE('',#3460,#3458,#371,.T.);
#4459=EDGE_CURVE('',#3460,#3461,#2086,.T.);
#4460=EDGE_CURVE('',#3461,#3459,#372,.T.);
#4461=EDGE_CURVE('',#3462,#3460,#373,.T.);
#4462=EDGE_CURVE('',#3462,#3463,#2087,.T.);
#4463=EDGE_CURVE('',#3463,#3461,#374,.T.);
#4464=EDGE_CURVE('',#3411,#3462,#375,.T.);
#4465=EDGE_CURVE('',#3413,#3463,#376,.T.);
#4466=EDGE_CURVE('',#3464,#3465,#377,.T.);
#4467=EDGE_CURVE('',#3464,#3466,#2088,.T.);
#4468=EDGE_CURVE('',#3466,#3467,#378,.T.);
#4469=EDGE_CURVE('',#3465,#3467,#2089,.T.);
#4470=EDGE_CURVE('',#3468,#3464,#379,.T.);
#4471=EDGE_CURVE('',#3468,#3469,#2090,.T.);
#4472=EDGE_CURVE('',#3469,#3466,#380,.T.);
#4473=EDGE_CURVE('',#3470,#3468,#381,.T.);
#4474=EDGE_CURVE('',#3470,#3471,#2091,.T.);
#4475=EDGE_CURVE('',#3471,#3469,#382,.T.);
#4476=EDGE_CURVE('',#3472,#3470,#383,.T.);
#4477=EDGE_CURVE('',#3472,#3473,#2092,.T.);
#4478=EDGE_CURVE('',#3473,#3471,#384,.T.);
#4479=EDGE_CURVE('',#3474,#3472,#385,.T.);
#4480=EDGE_CURVE('',#3474,#3475,#2093,.T.);
#4481=EDGE_CURVE('',#3475,#3473,#386,.T.);
#4482=EDGE_CURVE('',#3476,#3474,#387,.T.);
#4483=EDGE_CURVE('',#3476,#3477,#2094,.T.);
#4484=EDGE_CURVE('',#3477,#3475,#388,.T.);
#4485=EDGE_CURVE('',#3478,#3476,#389,.T.);
#4486=EDGE_CURVE('',#3478,#3479,#2095,.T.);
#4487=EDGE_CURVE('',#3479,#3477,#390,.T.);
#4488=EDGE_CURVE('',#3465,#3478,#391,.T.);
#4489=EDGE_CURVE('',#3467,#3479,#392,.T.);
#4490=EDGE_CURVE('',#3480,#3481,#393,.T.);
#4491=EDGE_CURVE('',#3480,#3482,#2096,.T.);
#4492=EDGE_CURVE('',#3482,#3483,#394,.T.);
#4493=EDGE_CURVE('',#3481,#3483,#2097,.T.);
#4494=EDGE_CURVE('',#3484,#3480,#395,.T.);
#4495=EDGE_CURVE('',#3484,#3485,#2098,.T.);
#4496=EDGE_CURVE('',#3485,#3482,#396,.T.);
#4497=EDGE_CURVE('',#3486,#3484,#397,.T.);
#4498=EDGE_CURVE('',#3486,#3487,#2099,.T.);
#4499=EDGE_CURVE('',#3487,#3485,#398,.T.);
#4500=EDGE_CURVE('',#3488,#3486,#399,.T.);
#4501=EDGE_CURVE('',#3488,#3489,#2100,.T.);
#4502=EDGE_CURVE('',#3489,#3487,#400,.T.);
#4503=EDGE_CURVE('',#3490,#3488,#401,.T.);
#4504=EDGE_CURVE('',#3490,#3491,#2101,.T.);
#4505=EDGE_CURVE('',#3491,#3489,#402,.T.);
#4506=EDGE_CURVE('',#3492,#3490,#403,.T.);
#4507=EDGE_CURVE('',#3492,#3493,#2102,.T.);
#4508=EDGE_CURVE('',#3493,#3491,#404,.T.);
#4509=EDGE_CURVE('',#3494,#3492,#405,.T.);
#4510=EDGE_CURVE('',#3494,#3495,#2103,.T.);
#4511=EDGE_CURVE('',#3495,#3493,#406,.T.);
#4512=EDGE_CURVE('',#3496,#3494,#407,.T.);
#4513=EDGE_CURVE('',#3496,#3497,#2104,.T.);
#4514=EDGE_CURVE('',#3497,#3495,#408,.T.);
#4515=EDGE_CURVE('',#3481,#3496,#409,.T.);
#4516=EDGE_CURVE('',#3483,#3497,#410,.T.);
#4517=EDGE_CURVE('',#3498,#3499,#2105,.T.);
#4518=EDGE_CURVE('',#3498,#3500,#2106,.T.);
#4519=EDGE_CURVE('',#3500,#3501,#2107,.T.);
#4520=EDGE_CURVE('',#3499,#3501,#2108,.T.);
#4521=EDGE_CURVE('',#3502,#3498,#2109,.T.);
#4522=EDGE_CURVE('',#3502,#3503,#2110,.T.);
#4523=EDGE_CURVE('',#3503,#3500,#2111,.T.);
#4524=EDGE_CURVE('',#3504,#3502,#2112,.T.);
#4525=EDGE_CURVE('',#3504,#3505,#2113,.T.);
#4526=EDGE_CURVE('',#3505,#3503,#2114,.T.);
#4527=EDGE_CURVE('',#3506,#3504,#2115,.T.);
#4528=EDGE_CURVE('',#3506,#3507,#2116,.T.);
#4529=EDGE_CURVE('',#3507,#3505,#2117,.T.);
#4530=EDGE_CURVE('',#3508,#3506,#2118,.T.);
#4531=EDGE_CURVE('',#3508,#3509,#2119,.T.);
#4532=EDGE_CURVE('',#3509,#3507,#2120,.T.);
#4533=EDGE_CURVE('',#3510,#3508,#2121,.T.);
#4534=EDGE_CURVE('',#3510,#3511,#2122,.T.);
#4535=EDGE_CURVE('',#3511,#3509,#2123,.T.);
#4536=EDGE_CURVE('',#3512,#3510,#2124,.T.);
#4537=EDGE_CURVE('',#3512,#3513,#2125,.T.);
#4538=EDGE_CURVE('',#3513,#3511,#2126,.T.);
#4539=EDGE_CURVE('',#3514,#3512,#2127,.T.);
#4540=EDGE_CURVE('',#3514,#3515,#2128,.T.);
#4541=EDGE_CURVE('',#3515,#3513,#2129,.T.);
#4542=EDGE_CURVE('',#3516,#3514,#2130,.T.);
#4543=EDGE_CURVE('',#3516,#3517,#2131,.T.);
#4544=EDGE_CURVE('',#3517,#3515,#2132,.T.);
#4545=EDGE_CURVE('',#3518,#3516,#2133,.T.);
#4546=EDGE_CURVE('',#3518,#3519,#2134,.T.);
#4547=EDGE_CURVE('',#3519,#3517,#2135,.T.);
#4548=EDGE_CURVE('',#3520,#3518,#2136,.T.);
#4549=EDGE_CURVE('',#3520,#3521,#2137,.T.);
#4550=EDGE_CURVE('',#3521,#3519,#2138,.T.);
#4551=EDGE_CURVE('',#3499,#3520,#2139,.T.);
#4552=EDGE_CURVE('',#3501,#3521,#2140,.T.);
#4553=EDGE_CURVE('',#3522,#3523,#2141,.T.);
#4554=EDGE_CURVE('',#3522,#3524,#2142,.T.);
#4555=EDGE_CURVE('',#3524,#3525,#2143,.T.);
#4556=EDGE_CURVE('',#3523,#3525,#2144,.T.);
#4557=EDGE_CURVE('',#3526,#3522,#2145,.T.);
#4558=EDGE_CURVE('',#3526,#3527,#2146,.T.);
#4559=EDGE_CURVE('',#3527,#3524,#2147,.T.);
#4560=EDGE_CURVE('',#3528,#3526,#2148,.T.);
#4561=EDGE_CURVE('',#3528,#3529,#2149,.T.);
#4562=EDGE_CURVE('',#3529,#3527,#2150,.T.);
#4563=EDGE_CURVE('',#3530,#3528,#2151,.T.);
#4564=EDGE_CURVE('',#3530,#3531,#2152,.T.);
#4565=EDGE_CURVE('',#3531,#3529,#2153,.T.);
#4566=EDGE_CURVE('',#3532,#3530,#2154,.T.);
#4567=EDGE_CURVE('',#3532,#3533,#2155,.T.);
#4568=EDGE_CURVE('',#3533,#3531,#2156,.T.);
#4569=EDGE_CURVE('',#3534,#3532,#2157,.T.);
#4570=EDGE_CURVE('',#3534,#3535,#2158,.T.);
#4571=EDGE_CURVE('',#3535,#3533,#2159,.T.);
#4572=EDGE_CURVE('',#3536,#3534,#2160,.T.);
#4573=EDGE_CURVE('',#3536,#3537,#2161,.T.);
#4574=EDGE_CURVE('',#3537,#3535,#2162,.T.);
#4575=EDGE_CURVE('',#3538,#3536,#2163,.T.);
#4576=EDGE_CURVE('',#3538,#3539,#2164,.T.);
#4577=EDGE_CURVE('',#3539,#3537,#2165,.T.);
#4578=EDGE_CURVE('',#3540,#3538,#2166,.T.);
#4579=EDGE_CURVE('',#3540,#3541,#2167,.T.);
#4580=EDGE_CURVE('',#3541,#3539,#2168,.T.);
#4581=EDGE_CURVE('',#3542,#3540,#411,.T.);
#4582=EDGE_CURVE('',#3542,#3543,#2169,.T.);
#4583=EDGE_CURVE('',#3543,#3541,#412,.T.);
#4584=EDGE_CURVE('',#3544,#3542,#413,.T.);
#4585=EDGE_CURVE('',#3544,#3545,#2170,.T.);
#4586=EDGE_CURVE('',#3545,#3543,#414,.T.);
#4587=EDGE_CURVE('',#3546,#3544,#2171,.T.);
#4588=EDGE_CURVE('',#3546,#3547,#2172,.T.);
#4589=EDGE_CURVE('',#3547,#3545,#2173,.T.);
#4590=EDGE_CURVE('',#3548,#3546,#2174,.T.);
#4591=EDGE_CURVE('',#3548,#3549,#2175,.T.);
#4592=EDGE_CURVE('',#3549,#3547,#2176,.T.);
#4593=EDGE_CURVE('',#3550,#3548,#2177,.T.);
#4594=EDGE_CURVE('',#3550,#3551,#2178,.T.);
#4595=EDGE_CURVE('',#3551,#3549,#2179,.T.);
#4596=EDGE_CURVE('',#3523,#3550,#2180,.T.);
#4597=EDGE_CURVE('',#3525,#3551,#2181,.T.);
#4598=EDGE_CURVE('',#3552,#3553,#415,.T.);
#4599=EDGE_CURVE('',#3552,#3554,#2182,.T.);
#4600=EDGE_CURVE('',#3554,#3555,#416,.T.);
#4601=EDGE_CURVE('',#3553,#3555,#2183,.T.);
#4602=EDGE_CURVE('',#3556,#3552,#417,.T.);
#4603=EDGE_CURVE('',#3556,#3557,#2184,.T.);
#4604=EDGE_CURVE('',#3557,#3554,#418,.T.);
#4605=EDGE_CURVE('',#3558,#3556,#419,.T.);
#4606=EDGE_CURVE('',#3558,#3559,#2185,.T.);
#4607=EDGE_CURVE('',#3559,#3557,#420,.T.);
#4608=EDGE_CURVE('',#3560,#3558,#421,.T.);
#4609=EDGE_CURVE('',#3560,#3561,#2186,.T.);
#4610=EDGE_CURVE('',#3561,#3559,#422,.T.);
#4611=EDGE_CURVE('',#3562,#3560,#423,.T.);
#4612=EDGE_CURVE('',#3562,#3563,#2187,.T.);
#4613=EDGE_CURVE('',#3563,#3561,#424,.T.);
#4614=EDGE_CURVE('',#3564,#3562,#425,.T.);
#4615=EDGE_CURVE('',#3564,#3565,#2188,.T.);
#4616=EDGE_CURVE('',#3565,#3563,#426,.T.);
#4617=EDGE_CURVE('',#3566,#3564,#427,.T.);
#4618=EDGE_CURVE('',#3566,#3567,#2189,.T.);
#4619=EDGE_CURVE('',#3567,#3565,#428,.T.);
#4620=EDGE_CURVE('',#3553,#3566,#429,.T.);
#4621=EDGE_CURVE('',#3555,#3567,#430,.T.);
#4622=EDGE_CURVE('',#3568,#3569,#2190,.T.);
#4623=EDGE_CURVE('',#3568,#3570,#2191,.T.);
#4624=EDGE_CURVE('',#3570,#3571,#2192,.T.);
#4625=EDGE_CURVE('',#3569,#3571,#2193,.T.);
#4626=EDGE_CURVE('',#3572,#3568,#2194,.T.);
#4627=EDGE_CURVE('',#3572,#3573,#2195,.T.);
#4628=EDGE_CURVE('',#3573,#3570,#2196,.T.);
#4629=EDGE_CURVE('',#3574,#3572,#2197,.T.);
#4630=EDGE_CURVE('',#3574,#3575,#2198,.T.);
#4631=EDGE_CURVE('',#3575,#3573,#2199,.T.);
#4632=EDGE_CURVE('',#3576,#3574,#431,.T.);
#4633=EDGE_CURVE('',#3576,#3577,#2200,.T.);
#4634=EDGE_CURVE('',#3577,#3575,#432,.T.);
#4635=EDGE_CURVE('',#3578,#3576,#433,.T.);
#4636=EDGE_CURVE('',#3578,#3579,#2201,.T.);
#4637=EDGE_CURVE('',#3579,#3577,#434,.T.);
#4638=EDGE_CURVE('',#3580,#3578,#435,.T.);
#4639=EDGE_CURVE('',#3580,#3581,#2202,.T.);
#4640=EDGE_CURVE('',#3581,#3579,#436,.T.);
#4641=EDGE_CURVE('',#3582,#3580,#437,.T.);
#4642=EDGE_CURVE('',#3582,#3583,#2203,.T.);
#4643=EDGE_CURVE('',#3583,#3581,#438,.T.);
#4644=EDGE_CURVE('',#3584,#3582,#439,.T.);
#4645=EDGE_CURVE('',#3584,#3585,#2204,.T.);
#4646=EDGE_CURVE('',#3585,#3583,#440,.T.);
#4647=EDGE_CURVE('',#3586,#3584,#441,.T.);
#4648=EDGE_CURVE('',#3586,#3587,#2205,.T.);
#4649=EDGE_CURVE('',#3587,#3585,#442,.T.);
#4650=EDGE_CURVE('',#3588,#3586,#443,.T.);
#4651=EDGE_CURVE('',#3588,#3589,#2206,.T.);
#4652=EDGE_CURVE('',#3589,#3587,#444,.T.);
#4653=EDGE_CURVE('',#3590,#3588,#445,.T.);
#4654=EDGE_CURVE('',#3590,#3591,#2207,.T.);
#4655=EDGE_CURVE('',#3591,#3589,#446,.T.);
#4656=EDGE_CURVE('',#3592,#3590,#447,.T.);
#4657=EDGE_CURVE('',#3592,#3593,#2208,.T.);
#4658=EDGE_CURVE('',#3593,#3591,#448,.T.);
#4659=EDGE_CURVE('',#3594,#3592,#2209,.T.);
#4660=EDGE_CURVE('',#3594,#3595,#2210,.T.);
#4661=EDGE_CURVE('',#3595,#3593,#2211,.T.);
#4662=EDGE_CURVE('',#3569,#3594,#2212,.T.);
#4663=EDGE_CURVE('',#3571,#3595,#2213,.T.);
#4664=EDGE_CURVE('',#3596,#3597,#449,.T.);
#4665=EDGE_CURVE('',#3596,#3598,#2214,.T.);
#4666=EDGE_CURVE('',#3598,#3599,#450,.T.);
#4667=EDGE_CURVE('',#3597,#3599,#2215,.T.);
#4668=EDGE_CURVE('',#3600,#3596,#451,.T.);
#4669=EDGE_CURVE('',#3600,#3601,#2216,.T.);
#4670=EDGE_CURVE('',#3601,#3598,#452,.T.);
#4671=EDGE_CURVE('',#3602,#3600,#453,.T.);
#4672=EDGE_CURVE('',#3602,#3603,#2217,.T.);
#4673=EDGE_CURVE('',#3603,#3601,#454,.T.);
#4674=EDGE_CURVE('',#3604,#3602,#455,.T.);
#4675=EDGE_CURVE('',#3604,#3605,#2218,.T.);
#4676=EDGE_CURVE('',#3605,#3603,#456,.T.);
#4677=EDGE_CURVE('',#3606,#3604,#457,.T.);
#4678=EDGE_CURVE('',#3606,#3607,#2219,.T.);
#4679=EDGE_CURVE('',#3607,#3605,#458,.T.);
#4680=EDGE_CURVE('',#3608,#3606,#459,.T.);
#4681=EDGE_CURVE('',#3608,#3609,#2220,.T.);
#4682=EDGE_CURVE('',#3609,#3607,#460,.T.);
#4683=EDGE_CURVE('',#3610,#3608,#461,.T.);
#4684=EDGE_CURVE('',#3610,#3611,#2221,.T.);
#4685=EDGE_CURVE('',#3611,#3609,#462,.T.);
#4686=EDGE_CURVE('',#3597,#3610,#463,.T.);
#4687=EDGE_CURVE('',#3599,#3611,#464,.T.);
#4688=EDGE_CURVE('',#3612,#3613,#2222,.T.);
#4689=EDGE_CURVE('',#3612,#3614,#2223,.T.);
#4690=EDGE_CURVE('',#3614,#3615,#2224,.T.);
#4691=EDGE_CURVE('',#3613,#3615,#2225,.T.);
#4692=EDGE_CURVE('',#3616,#3612,#2226,.T.);
#4693=EDGE_CURVE('',#3616,#3617,#2227,.T.);
#4694=EDGE_CURVE('',#3617,#3614,#2228,.T.);
#4695=EDGE_CURVE('',#3618,#3616,#2229,.T.);
#4696=EDGE_CURVE('',#3618,#3619,#2230,.T.);
#4697=EDGE_CURVE('',#3619,#3617,#2231,.T.);
#4698=EDGE_CURVE('',#3620,#3618,#465,.T.);
#4699=EDGE_CURVE('',#3620,#3621,#2232,.T.);
#4700=EDGE_CURVE('',#3621,#3619,#466,.T.);
#4701=EDGE_CURVE('',#3622,#3620,#467,.T.);
#4702=EDGE_CURVE('',#3622,#3623,#2233,.T.);
#4703=EDGE_CURVE('',#3623,#3621,#468,.T.);
#4704=EDGE_CURVE('',#3624,#3622,#469,.T.);
#4705=EDGE_CURVE('',#3624,#3625,#2234,.T.);
#4706=EDGE_CURVE('',#3625,#3623,#470,.T.);
#4707=EDGE_CURVE('',#3626,#3624,#471,.T.);
#4708=EDGE_CURVE('',#3626,#3627,#2235,.T.);
#4709=EDGE_CURVE('',#3627,#3625,#472,.T.);
#4710=EDGE_CURVE('',#3628,#3626,#473,.T.);
#4711=EDGE_CURVE('',#3628,#3629,#2236,.T.);
#4712=EDGE_CURVE('',#3629,#3627,#474,.T.);
#4713=EDGE_CURVE('',#3630,#3628,#475,.T.);
#4714=EDGE_CURVE('',#3630,#3631,#2237,.T.);
#4715=EDGE_CURVE('',#3631,#3629,#476,.T.);
#4716=EDGE_CURVE('',#3632,#3630,#477,.T.);
#4717=EDGE_CURVE('',#3632,#3633,#2238,.T.);
#4718=EDGE_CURVE('',#3633,#3631,#478,.T.);
#4719=EDGE_CURVE('',#3634,#3632,#479,.T.);
#4720=EDGE_CURVE('',#3634,#3635,#2239,.T.);
#4721=EDGE_CURVE('',#3635,#3633,#480,.T.);
#4722=EDGE_CURVE('',#3636,#3634,#481,.T.);
#4723=EDGE_CURVE('',#3636,#3637,#2240,.T.);
#4724=EDGE_CURVE('',#3637,#3635,#482,.T.);
#4725=EDGE_CURVE('',#3638,#3636,#2241,.T.);
#4726=EDGE_CURVE('',#3638,#3639,#2242,.T.);
#4727=EDGE_CURVE('',#3639,#3637,#2243,.T.);
#4728=EDGE_CURVE('',#3613,#3638,#2244,.T.);
#4729=EDGE_CURVE('',#3615,#3639,#2245,.T.);
#4730=EDGE_CURVE('',#3640,#3641,#483,.T.);
#4731=EDGE_CURVE('',#3640,#3642,#2246,.T.);
#4732=EDGE_CURVE('',#3642,#3643,#484,.T.);
#4733=EDGE_CURVE('',#3641,#3643,#2247,.T.);
#4734=EDGE_CURVE('',#3644,#3640,#485,.T.);
#4735=EDGE_CURVE('',#3644,#3645,#2248,.T.);
#4736=EDGE_CURVE('',#3645,#3642,#486,.T.);
#4737=EDGE_CURVE('',#3646,#3644,#487,.T.);
#4738=EDGE_CURVE('',#3646,#3647,#2249,.T.);
#4739=EDGE_CURVE('',#3647,#3645,#488,.T.);
#4740=EDGE_CURVE('',#3648,#3646,#489,.T.);
#4741=EDGE_CURVE('',#3648,#3649,#2250,.T.);
#4742=EDGE_CURVE('',#3649,#3647,#490,.T.);
#4743=EDGE_CURVE('',#3650,#3648,#491,.T.);
#4744=EDGE_CURVE('',#3650,#3651,#2251,.T.);
#4745=EDGE_CURVE('',#3651,#3649,#492,.T.);
#4746=EDGE_CURVE('',#3652,#3650,#493,.T.);
#4747=EDGE_CURVE('',#3652,#3653,#2252,.T.);
#4748=EDGE_CURVE('',#3653,#3651,#494,.T.);
#4749=EDGE_CURVE('',#3654,#3652,#495,.T.);
#4750=EDGE_CURVE('',#3654,#3655,#2253,.T.);
#4751=EDGE_CURVE('',#3655,#3653,#496,.T.);
#4752=EDGE_CURVE('',#3656,#3654,#2254,.T.);
#4753=EDGE_CURVE('',#3656,#3657,#2255,.T.);
#4754=EDGE_CURVE('',#3657,#3655,#2256,.T.);
#4755=EDGE_CURVE('',#3658,#3656,#497,.T.);
#4756=EDGE_CURVE('',#3658,#3659,#2257,.T.);
#4757=EDGE_CURVE('',#3659,#3657,#498,.T.);
#4758=EDGE_CURVE('',#3660,#3658,#499,.T.);
#4759=EDGE_CURVE('',#3660,#3661,#2258,.T.);
#4760=EDGE_CURVE('',#3661,#3659,#500,.T.);
#4761=EDGE_CURVE('',#3662,#3660,#501,.T.);
#4762=EDGE_CURVE('',#3662,#3663,#2259,.T.);
#4763=EDGE_CURVE('',#3663,#3661,#502,.T.);
#4764=EDGE_CURVE('',#3664,#3662,#503,.T.);
#4765=EDGE_CURVE('',#3664,#3665,#2260,.T.);
#4766=EDGE_CURVE('',#3665,#3663,#504,.T.);
#4767=EDGE_CURVE('',#3666,#3664,#505,.T.);
#4768=EDGE_CURVE('',#3666,#3667,#2261,.T.);
#4769=EDGE_CURVE('',#3667,#3665,#506,.T.);
#4770=EDGE_CURVE('',#3668,#3666,#507,.T.);
#4771=EDGE_CURVE('',#3668,#3669,#2262,.T.);
#4772=EDGE_CURVE('',#3669,#3667,#508,.T.);
#4773=EDGE_CURVE('',#3670,#3668,#509,.T.);
#4774=EDGE_CURVE('',#3670,#3671,#2263,.T.);
#4775=EDGE_CURVE('',#3671,#3669,#510,.T.);
#4776=EDGE_CURVE('',#3672,#3670,#511,.T.);
#4777=EDGE_CURVE('',#3672,#3673,#2264,.T.);
#4778=EDGE_CURVE('',#3673,#3671,#512,.T.);
#4779=EDGE_CURVE('',#3674,#3672,#513,.T.);
#4780=EDGE_CURVE('',#3674,#3675,#2265,.T.);
#4781=EDGE_CURVE('',#3675,#3673,#514,.T.);
#4782=EDGE_CURVE('',#3676,#3674,#2266,.T.);
#4783=EDGE_CURVE('',#3676,#3677,#2267,.T.);
#4784=EDGE_CURVE('',#3677,#3675,#2268,.T.);
#4785=EDGE_CURVE('',#3641,#3676,#515,.T.);
#4786=EDGE_CURVE('',#3643,#3677,#516,.T.);
#4787=EDGE_CURVE('',#3678,#3679,#2269,.T.);
#4788=EDGE_CURVE('',#3678,#3680,#2270,.T.);
#4789=EDGE_CURVE('',#3680,#3681,#2271,.T.);
#4790=EDGE_CURVE('',#3679,#3681,#2272,.T.);
#4791=EDGE_CURVE('',#3682,#3678,#2273,.T.);
#4792=EDGE_CURVE('',#3682,#3683,#2274,.T.);
#4793=EDGE_CURVE('',#3683,#3680,#2275,.T.);
#4794=EDGE_CURVE('',#3684,#3682,#2276,.T.);
#4795=EDGE_CURVE('',#3684,#3685,#2277,.T.);
#4796=EDGE_CURVE('',#3685,#3683,#2278,.T.);
#4797=EDGE_CURVE('',#3679,#3684,#2279,.T.);
#4798=EDGE_CURVE('',#3681,#3685,#2280,.T.);
#4799=EDGE_CURVE('',#3686,#3687,#2281,.T.);
#4800=EDGE_CURVE('',#3686,#3688,#2282,.T.);
#4801=EDGE_CURVE('',#3688,#3689,#2283,.T.);
#4802=EDGE_CURVE('',#3687,#3689,#2284,.T.);
#4803=EDGE_CURVE('',#3690,#3686,#2285,.T.);
#4804=EDGE_CURVE('',#3690,#3691,#2286,.T.);
#4805=EDGE_CURVE('',#3691,#3688,#2287,.T.);
#4806=EDGE_CURVE('',#3692,#3690,#2288,.T.);
#4807=EDGE_CURVE('',#3692,#3693,#2289,.T.);
#4808=EDGE_CURVE('',#3693,#3691,#2290,.T.);
#4809=EDGE_CURVE('',#3694,#3692,#2291,.T.);
#4810=EDGE_CURVE('',#3694,#3695,#2292,.T.);
#4811=EDGE_CURVE('',#3695,#3693,#2293,.T.);
#4812=EDGE_CURVE('',#3696,#3694,#2294,.T.);
#4813=EDGE_CURVE('',#3696,#3697,#2295,.T.);
#4814=EDGE_CURVE('',#3697,#3695,#2296,.T.);
#4815=EDGE_CURVE('',#3698,#3696,#2297,.T.);
#4816=EDGE_CURVE('',#3698,#3699,#2298,.T.);
#4817=EDGE_CURVE('',#3699,#3697,#2299,.T.);
#4818=EDGE_CURVE('',#3700,#3698,#2300,.T.);
#4819=EDGE_CURVE('',#3700,#3701,#2301,.T.);
#4820=EDGE_CURVE('',#3701,#3699,#2302,.T.);
#4821=EDGE_CURVE('',#3702,#3700,#2303,.T.);
#4822=EDGE_CURVE('',#3702,#3703,#2304,.T.);
#4823=EDGE_CURVE('',#3703,#3701,#2305,.T.);
#4824=EDGE_CURVE('',#3704,#3702,#2306,.T.);
#4825=EDGE_CURVE('',#3704,#3705,#2307,.T.);
#4826=EDGE_CURVE('',#3705,#3703,#2308,.T.);
#4827=EDGE_CURVE('',#3706,#3704,#517,.T.);
#4828=EDGE_CURVE('',#3706,#3707,#2309,.T.);
#4829=EDGE_CURVE('',#3707,#3705,#518,.T.);
#4830=EDGE_CURVE('',#3708,#3706,#519,.T.);
#4831=EDGE_CURVE('',#3708,#3709,#2310,.T.);
#4832=EDGE_CURVE('',#3709,#3707,#520,.T.);
#4833=EDGE_CURVE('',#3710,#3708,#2311,.T.);
#4834=EDGE_CURVE('',#3710,#3711,#2312,.T.);
#4835=EDGE_CURVE('',#3711,#3709,#2313,.T.);
#4836=EDGE_CURVE('',#3712,#3710,#2314,.T.);
#4837=EDGE_CURVE('',#3712,#3713,#2315,.T.);
#4838=EDGE_CURVE('',#3713,#3711,#2316,.T.);
#4839=EDGE_CURVE('',#3714,#3712,#2317,.T.);
#4840=EDGE_CURVE('',#3714,#3715,#2318,.T.);
#4841=EDGE_CURVE('',#3715,#3713,#2319,.T.);
#4842=EDGE_CURVE('',#3687,#3714,#2320,.T.);
#4843=EDGE_CURVE('',#3689,#3715,#2321,.T.);
#4844=EDGE_CURVE('',#3716,#3717,#2322,.T.);
#4845=EDGE_CURVE('',#3717,#3718,#2323,.T.);
#4846=EDGE_CURVE('',#3719,#3718,#861,.T.);
#4847=EDGE_CURVE('',#3719,#3720,#2324,.T.);
#4848=EDGE_CURVE('',#3721,#3720,#862,.T.);
#4849=EDGE_CURVE('',#3721,#3722,#2325,.T.);
#4850=EDGE_CURVE('',#3723,#3722,#863,.T.);
#4851=EDGE_CURVE('',#3723,#3724,#2326,.T.);
#4852=EDGE_CURVE('',#3725,#3724,#864,.T.);
#4853=EDGE_CURVE('',#3725,#3726,#2327,.T.);
#4854=EDGE_CURVE('',#3726,#3727,#2328,.T.);
#4855=EDGE_CURVE('',#3727,#3716,#2329,.T.);
#4856=EDGE_CURVE('',#3728,#3729,#2330,.T.);
#4857=EDGE_CURVE('',#3729,#3730,#2331,.T.);
#4858=EDGE_CURVE('',#3730,#3731,#2332,.T.);
#4859=EDGE_CURVE('',#3731,#3728,#2333,.T.);
#4860=EDGE_CURVE('',#3732,#3733,#2334,.T.);
#4861=EDGE_CURVE('',#3733,#3734,#2335,.T.);
#4862=EDGE_CURVE('',#3734,#3735,#2336,.T.);
#4863=EDGE_CURVE('',#3735,#3732,#2337,.T.);
#4864=EDGE_CURVE('',#3736,#3736,#865,.T.);
#4865=EDGE_CURVE('',#3737,#3737,#866,.T.);
#4866=EDGE_CURVE('',#3738,#3738,#867,.T.);
#4867=EDGE_CURVE('',#3739,#3739,#868,.T.);
#4868=EDGE_CURVE('',#3728,#3740,#2338,.T.);
#4869=EDGE_CURVE('',#3741,#3740,#2339,.T.);
#4870=EDGE_CURVE('',#3729,#3741,#2340,.T.);
#4871=EDGE_CURVE('',#3731,#3742,#2341,.T.);
#4872=EDGE_CURVE('',#3740,#3742,#2342,.T.);
#4873=EDGE_CURVE('',#3730,#3743,#2343,.T.);
#4874=EDGE_CURVE('',#3742,#3743,#2344,.T.);
#4875=EDGE_CURVE('',#3743,#3741,#2345,.T.);
#4876=EDGE_CURVE('',#3732,#3744,#2346,.T.);
#4877=EDGE_CURVE('',#3745,#3744,#2347,.T.);
#4878=EDGE_CURVE('',#3733,#3745,#2348,.T.);
#4879=EDGE_CURVE('',#3735,#3746,#2349,.T.);
#4880=EDGE_CURVE('',#3744,#3746,#2350,.T.);
#4881=EDGE_CURVE('',#3734,#3747,#2351,.T.);
#4882=EDGE_CURVE('',#3746,#3747,#2352,.T.);
#4883=EDGE_CURVE('',#3747,#3745,#2353,.T.);
#4884=EDGE_CURVE('',#3748,#3749,#2354,.T.);
#4885=EDGE_CURVE('',#3716,#3748,#2355,.T.);
#4886=EDGE_CURVE('',#3727,#3749,#2356,.T.);
#4887=EDGE_CURVE('',#3749,#3750,#2357,.T.);
#4888=EDGE_CURVE('',#3750,#3726,#2358,.T.);
#4889=EDGE_CURVE('',#3751,#3748,#2359,.T.);
#4890=EDGE_CURVE('',#3717,#3751,#2360,.T.);
#4891=EDGE_CURVE('',#3752,#3750,#2361,.T.);
#4892=EDGE_CURVE('',#3753,#3752,#869,.T.);
#4893=EDGE_CURVE('',#3754,#3753,#2362,.T.);
#4894=EDGE_CURVE('',#3755,#3754,#870,.T.);
#4895=EDGE_CURVE('',#3756,#3755,#2363,.T.);
#4896=EDGE_CURVE('',#3757,#3756,#871,.T.);
#4897=EDGE_CURVE('',#3758,#3757,#2364,.T.);
#4898=EDGE_CURVE('',#3759,#3758,#872,.T.);
#4899=EDGE_CURVE('',#3751,#3759,#2365,.T.);
#4900=EDGE_CURVE('',#3760,#3760,#873,.T.);
#4901=EDGE_CURVE('',#3761,#3761,#874,.T.);
#4902=EDGE_CURVE('',#3762,#3762,#875,.T.);
#4903=EDGE_CURVE('',#3763,#3763,#876,.T.);
#4904=EDGE_CURVE('',#3752,#3725,#2366,.T.);
#4905=EDGE_CURVE('',#3718,#3759,#2367,.T.);
#4906=EDGE_CURVE('',#3758,#3719,#2368,.T.);
#4907=EDGE_CURVE('',#3724,#3753,#2369,.T.);
#4908=EDGE_CURVE('',#3720,#3757,#2370,.T.);
#4909=EDGE_CURVE('',#3756,#3721,#2371,.T.);
#4910=EDGE_CURVE('',#3722,#3755,#2372,.T.);
#4911=EDGE_CURVE('',#3754,#3723,#2373,.T.);
#4912=EDGE_CURVE('',#3739,#3760,#2374,.T.);
#4913=EDGE_CURVE('',#3738,#3761,#2375,.T.);
#4914=EDGE_CURVE('',#3737,#3762,#2376,.T.);
#4915=EDGE_CURVE('',#3736,#3763,#2377,.T.);
#4916=ORIENTED_EDGE('',*,*,#3764,.F.);
#4917=ORIENTED_EDGE('',*,*,#3765,.F.);
#4918=ORIENTED_EDGE('',*,*,#3766,.T.);
#4919=ORIENTED_EDGE('',*,*,#3767,.F.);
#4920=ORIENTED_EDGE('',*,*,#3768,.F.);
#4921=ORIENTED_EDGE('',*,*,#3769,.F.);
#4922=ORIENTED_EDGE('',*,*,#3770,.T.);
#4923=ORIENTED_EDGE('',*,*,#3771,.F.);
#4924=ORIENTED_EDGE('',*,*,#3772,.F.);
#4925=ORIENTED_EDGE('',*,*,#3766,.F.);
#4926=ORIENTED_EDGE('',*,*,#3773,.F.);
#4927=ORIENTED_EDGE('',*,*,#3770,.F.);
#4928=ORIENTED_EDGE('',*,*,#3764,.T.);
#4929=ORIENTED_EDGE('',*,*,#3774,.T.);
#4930=ORIENTED_EDGE('',*,*,#3775,.T.);
#4931=ORIENTED_EDGE('',*,*,#3776,.T.);
#4932=ORIENTED_EDGE('',*,*,#3777,.T.);
#4933=ORIENTED_EDGE('',*,*,#3778,.T.);
#4934=ORIENTED_EDGE('',*,*,#3768,.T.);
#4935=ORIENTED_EDGE('',*,*,#3779,.T.);
#4936=ORIENTED_EDGE('',*,*,#3780,.T.);
#4937=ORIENTED_EDGE('',*,*,#3781,.T.);
#4938=ORIENTED_EDGE('',*,*,#3782,.T.);
#4939=ORIENTED_EDGE('',*,*,#3783,.T.);
#4940=ORIENTED_EDGE('',*,*,#3784,.T.);
#4941=ORIENTED_EDGE('',*,*,#3785,.T.);
#4942=ORIENTED_EDGE('',*,*,#3786,.T.);
#4943=ORIENTED_EDGE('',*,*,#3787,.T.);
#4944=ORIENTED_EDGE('',*,*,#3767,.T.);
#4945=ORIENTED_EDGE('',*,*,#3772,.T.);
#4946=ORIENTED_EDGE('',*,*,#3769,.T.);
#4947=ORIENTED_EDGE('',*,*,#3778,.F.);
#4948=ORIENTED_EDGE('',*,*,#3788,.F.);
#4949=ORIENTED_EDGE('',*,*,#3789,.T.);
#4950=ORIENTED_EDGE('',*,*,#3790,.T.);
#4951=ORIENTED_EDGE('',*,*,#3774,.F.);
#4952=ORIENTED_EDGE('',*,*,#3791,.F.);
#4953=ORIENTED_EDGE('',*,*,#3792,.F.);
#4954=ORIENTED_EDGE('',*,*,#3793,.F.);
#4955=ORIENTED_EDGE('',*,*,#3794,.F.);
#4956=ORIENTED_EDGE('',*,*,#3792,.T.);
#4957=ORIENTED_EDGE('',*,*,#3795,.T.);
#4958=ORIENTED_EDGE('',*,*,#3781,.F.);
#4959=ORIENTED_EDGE('',*,*,#3796,.F.);
#4960=ORIENTED_EDGE('',*,*,#3791,.T.);
#4961=ORIENTED_EDGE('',*,*,#3797,.T.);
#4962=ORIENTED_EDGE('',*,*,#3782,.F.);
#4963=ORIENTED_EDGE('',*,*,#3795,.F.);
#4964=ORIENTED_EDGE('',*,*,#3798,.F.);
#4965=ORIENTED_EDGE('',*,*,#3799,.T.);
#4966=ORIENTED_EDGE('',*,*,#3800,.T.);
#4967=ORIENTED_EDGE('',*,*,#3799,.F.);
#4968=ORIENTED_EDGE('',*,*,#3801,.F.);
#4969=ORIENTED_EDGE('',*,*,#3802,.T.);
#4970=ORIENTED_EDGE('',*,*,#3803,.T.);
#4971=ORIENTED_EDGE('',*,*,#3802,.F.);
#4972=ORIENTED_EDGE('',*,*,#3804,.F.);
#4973=ORIENTED_EDGE('',*,*,#3805,.T.);
#4974=ORIENTED_EDGE('',*,*,#3806,.T.);
#4975=ORIENTED_EDGE('',*,*,#3805,.F.);
#4976=ORIENTED_EDGE('',*,*,#3807,.F.);
#4977=ORIENTED_EDGE('',*,*,#3808,.T.);
#4978=ORIENTED_EDGE('',*,*,#3809,.T.);
#4979=ORIENTED_EDGE('',*,*,#3808,.F.);
#4980=ORIENTED_EDGE('',*,*,#3810,.F.);
#4981=ORIENTED_EDGE('',*,*,#3811,.F.);
#4982=ORIENTED_EDGE('',*,*,#3812,.F.);
#4983=ORIENTED_EDGE('',*,*,#3789,.F.);
#4984=ORIENTED_EDGE('',*,*,#3809,.F.);
#4985=ORIENTED_EDGE('',*,*,#3806,.F.);
#4986=ORIENTED_EDGE('',*,*,#3803,.F.);
#4987=ORIENTED_EDGE('',*,*,#3800,.F.);
#4988=ORIENTED_EDGE('',*,*,#3807,.T.);
#4989=ORIENTED_EDGE('',*,*,#3813,.F.);
#4990=ORIENTED_EDGE('',*,*,#3804,.T.);
#4991=ORIENTED_EDGE('',*,*,#3814,.F.);
#4992=ORIENTED_EDGE('',*,*,#3801,.T.);
#4993=ORIENTED_EDGE('',*,*,#3815,.F.);
#4994=ORIENTED_EDGE('',*,*,#3793,.T.);
#4995=ORIENTED_EDGE('',*,*,#3796,.T.);
#4996=ORIENTED_EDGE('',*,*,#3780,.F.);
#4997=ORIENTED_EDGE('',*,*,#3816,.F.);
#4998=ORIENTED_EDGE('',*,*,#3765,.T.);
#4999=ORIENTED_EDGE('',*,*,#3783,.F.);
#5000=ORIENTED_EDGE('',*,*,#3797,.F.);
#5001=ORIENTED_EDGE('',*,*,#3794,.T.);
#5002=ORIENTED_EDGE('',*,*,#3816,.T.);
#5003=ORIENTED_EDGE('',*,*,#3779,.F.);
#5004=ORIENTED_EDGE('',*,*,#3771,.T.);
#5005=ORIENTED_EDGE('',*,*,#3773,.T.);
#5006=ORIENTED_EDGE('',*,*,#3786,.F.);
#5007=ORIENTED_EDGE('',*,*,#3817,.T.);
#5008=ORIENTED_EDGE('',*,*,#3813,.T.);
#5009=ORIENTED_EDGE('',*,*,#3817,.F.);
#5010=ORIENTED_EDGE('',*,*,#3785,.F.);
#5011=ORIENTED_EDGE('',*,*,#3818,.T.);
#5012=ORIENTED_EDGE('',*,*,#3814,.T.);
#5013=ORIENTED_EDGE('',*,*,#3818,.F.);
#5014=ORIENTED_EDGE('',*,*,#3784,.F.);
#5015=ORIENTED_EDGE('',*,*,#3819,.T.);
#5016=ORIENTED_EDGE('',*,*,#3820,.T.);
#5017=ORIENTED_EDGE('',*,*,#3819,.F.);
#5018=ORIENTED_EDGE('',*,*,#3787,.F.);
#5019=ORIENTED_EDGE('',*,*,#3821,.T.);
#5020=ORIENTED_EDGE('',*,*,#3815,.T.);
#5021=ORIENTED_EDGE('',*,*,#3821,.F.);
#5022=ORIENTED_EDGE('',*,*,#3822,.T.);
#5023=ORIENTED_EDGE('',*,*,#3776,.F.);
#5024=ORIENTED_EDGE('',*,*,#3823,.F.);
#5025=ORIENTED_EDGE('',*,*,#3811,.T.);
#5026=ORIENTED_EDGE('',*,*,#3823,.T.);
#5027=ORIENTED_EDGE('',*,*,#3775,.F.);
#5028=ORIENTED_EDGE('',*,*,#3790,.F.);
#5029=ORIENTED_EDGE('',*,*,#3812,.T.);
#5030=ORIENTED_EDGE('',*,*,#3788,.T.);
#5031=ORIENTED_EDGE('',*,*,#3777,.F.);
#5032=ORIENTED_EDGE('',*,*,#3822,.F.);
#5033=ORIENTED_EDGE('',*,*,#3810,.T.);
#5034=ORIENTED_EDGE('',*,*,#3798,.T.);
#5035=ORIENTED_EDGE('',*,*,#3820,.F.);
#5036=ORIENTED_EDGE('',*,*,#3824,.F.);
#5037=ORIENTED_EDGE('',*,*,#3825,.T.);
#5038=ORIENTED_EDGE('',*,*,#3826,.T.);
#5039=ORIENTED_EDGE('',*,*,#3827,.F.);
#5040=ORIENTED_EDGE('',*,*,#3828,.F.);
#5041=ORIENTED_EDGE('',*,*,#3829,.T.);
#5042=ORIENTED_EDGE('',*,*,#3830,.T.);
#5043=ORIENTED_EDGE('',*,*,#3825,.F.);
#5044=ORIENTED_EDGE('',*,*,#3831,.F.);
#5045=ORIENTED_EDGE('',*,*,#3832,.T.);
#5046=ORIENTED_EDGE('',*,*,#3833,.T.);
#5047=ORIENTED_EDGE('',*,*,#3829,.F.);
#5048=ORIENTED_EDGE('',*,*,#3834,.F.);
#5049=ORIENTED_EDGE('',*,*,#3827,.T.);
#5050=ORIENTED_EDGE('',*,*,#3835,.T.);
#5051=ORIENTED_EDGE('',*,*,#3832,.F.);
#5052=ORIENTED_EDGE('',*,*,#3835,.F.);
#5053=ORIENTED_EDGE('',*,*,#3826,.F.);
#5054=ORIENTED_EDGE('',*,*,#3830,.F.);
#5055=ORIENTED_EDGE('',*,*,#3833,.F.);
#5056=ORIENTED_EDGE('',*,*,#3836,.F.);
#5057=ORIENTED_EDGE('',*,*,#3837,.T.);
#5058=ORIENTED_EDGE('',*,*,#3838,.T.);
#5059=ORIENTED_EDGE('',*,*,#3839,.F.);
#5060=ORIENTED_EDGE('',*,*,#3840,.F.);
#5061=ORIENTED_EDGE('',*,*,#3841,.T.);
#5062=ORIENTED_EDGE('',*,*,#3842,.T.);
#5063=ORIENTED_EDGE('',*,*,#3837,.F.);
#5064=ORIENTED_EDGE('',*,*,#3843,.F.);
#5065=ORIENTED_EDGE('',*,*,#3844,.T.);
#5066=ORIENTED_EDGE('',*,*,#3845,.T.);
#5067=ORIENTED_EDGE('',*,*,#3841,.F.);
#5068=ORIENTED_EDGE('',*,*,#3846,.F.);
#5069=ORIENTED_EDGE('',*,*,#3847,.T.);
#5070=ORIENTED_EDGE('',*,*,#3848,.T.);
#5071=ORIENTED_EDGE('',*,*,#3844,.F.);
#5072=ORIENTED_EDGE('',*,*,#3849,.F.);
#5073=ORIENTED_EDGE('',*,*,#3850,.T.);
#5074=ORIENTED_EDGE('',*,*,#3851,.T.);
#5075=ORIENTED_EDGE('',*,*,#3847,.F.);
#5076=ORIENTED_EDGE('',*,*,#3852,.F.);
#5077=ORIENTED_EDGE('',*,*,#3853,.T.);
#5078=ORIENTED_EDGE('',*,*,#3854,.T.);
#5079=ORIENTED_EDGE('',*,*,#3850,.F.);
#5080=ORIENTED_EDGE('',*,*,#3855,.F.);
#5081=ORIENTED_EDGE('',*,*,#3856,.T.);
#5082=ORIENTED_EDGE('',*,*,#3857,.T.);
#5083=ORIENTED_EDGE('',*,*,#3853,.F.);
#5084=ORIENTED_EDGE('',*,*,#3858,.F.);
#5085=ORIENTED_EDGE('',*,*,#3859,.T.);
#5086=ORIENTED_EDGE('',*,*,#3860,.T.);
#5087=ORIENTED_EDGE('',*,*,#3856,.F.);
#5088=ORIENTED_EDGE('',*,*,#3861,.F.);
#5089=ORIENTED_EDGE('',*,*,#3862,.T.);
#5090=ORIENTED_EDGE('',*,*,#3863,.T.);
#5091=ORIENTED_EDGE('',*,*,#3859,.F.);
#5092=ORIENTED_EDGE('',*,*,#3864,.F.);
#5093=ORIENTED_EDGE('',*,*,#3865,.T.);
#5094=ORIENTED_EDGE('',*,*,#3866,.T.);
#5095=ORIENTED_EDGE('',*,*,#3862,.F.);
#5096=ORIENTED_EDGE('',*,*,#3867,.F.);
#5097=ORIENTED_EDGE('',*,*,#3868,.T.);
#5098=ORIENTED_EDGE('',*,*,#3869,.T.);
#5099=ORIENTED_EDGE('',*,*,#3865,.F.);
#5100=ORIENTED_EDGE('',*,*,#3870,.F.);
#5101=ORIENTED_EDGE('',*,*,#3871,.T.);
#5102=ORIENTED_EDGE('',*,*,#3872,.T.);
#5103=ORIENTED_EDGE('',*,*,#3868,.F.);
#5104=ORIENTED_EDGE('',*,*,#3873,.F.);
#5105=ORIENTED_EDGE('',*,*,#3839,.T.);
#5106=ORIENTED_EDGE('',*,*,#3874,.T.);
#5107=ORIENTED_EDGE('',*,*,#3871,.F.);
#5108=ORIENTED_EDGE('',*,*,#3874,.F.);
#5109=ORIENTED_EDGE('',*,*,#3838,.F.);
#5110=ORIENTED_EDGE('',*,*,#3842,.F.);
#5111=ORIENTED_EDGE('',*,*,#3845,.F.);
#5112=ORIENTED_EDGE('',*,*,#3848,.F.);
#5113=ORIENTED_EDGE('',*,*,#3851,.F.);
#5114=ORIENTED_EDGE('',*,*,#3854,.F.);
#5115=ORIENTED_EDGE('',*,*,#3857,.F.);
#5116=ORIENTED_EDGE('',*,*,#3860,.F.);
#5117=ORIENTED_EDGE('',*,*,#3863,.F.);
#5118=ORIENTED_EDGE('',*,*,#3866,.F.);
#5119=ORIENTED_EDGE('',*,*,#3869,.F.);
#5120=ORIENTED_EDGE('',*,*,#3872,.F.);
#5121=ORIENTED_EDGE('',*,*,#3875,.F.);
#5122=ORIENTED_EDGE('',*,*,#3876,.T.);
#5123=ORIENTED_EDGE('',*,*,#3877,.T.);
#5124=ORIENTED_EDGE('',*,*,#3878,.F.);
#5125=ORIENTED_EDGE('',*,*,#3879,.F.);
#5126=ORIENTED_EDGE('',*,*,#3880,.T.);
#5127=ORIENTED_EDGE('',*,*,#3881,.T.);
#5128=ORIENTED_EDGE('',*,*,#3876,.F.);
#5129=ORIENTED_EDGE('',*,*,#3882,.F.);
#5130=ORIENTED_EDGE('',*,*,#3883,.T.);
#5131=ORIENTED_EDGE('',*,*,#3884,.T.);
#5132=ORIENTED_EDGE('',*,*,#3880,.F.);
#5133=ORIENTED_EDGE('',*,*,#3885,.F.);
#5134=ORIENTED_EDGE('',*,*,#3886,.T.);
#5135=ORIENTED_EDGE('',*,*,#3887,.T.);
#5136=ORIENTED_EDGE('',*,*,#3883,.F.);
#5137=ORIENTED_EDGE('',*,*,#3888,.F.);
#5138=ORIENTED_EDGE('',*,*,#3889,.T.);
#5139=ORIENTED_EDGE('',*,*,#3890,.T.);
#5140=ORIENTED_EDGE('',*,*,#3886,.F.);
#5141=ORIENTED_EDGE('',*,*,#3891,.F.);
#5142=ORIENTED_EDGE('',*,*,#3892,.T.);
#5143=ORIENTED_EDGE('',*,*,#3893,.T.);
#5144=ORIENTED_EDGE('',*,*,#3889,.F.);
#5145=ORIENTED_EDGE('',*,*,#3894,.F.);
#5146=ORIENTED_EDGE('',*,*,#3895,.T.);
#5147=ORIENTED_EDGE('',*,*,#3896,.T.);
#5148=ORIENTED_EDGE('',*,*,#3892,.F.);
#5149=ORIENTED_EDGE('',*,*,#3897,.F.);
#5150=ORIENTED_EDGE('',*,*,#3878,.T.);
#5151=ORIENTED_EDGE('',*,*,#3898,.T.);
#5152=ORIENTED_EDGE('',*,*,#3895,.F.);
#5153=ORIENTED_EDGE('',*,*,#3899,.F.);
#5154=ORIENTED_EDGE('',*,*,#3900,.T.);
#5155=ORIENTED_EDGE('',*,*,#3901,.T.);
#5156=ORIENTED_EDGE('',*,*,#3902,.F.);
#5157=ORIENTED_EDGE('',*,*,#3903,.F.);
#5158=ORIENTED_EDGE('',*,*,#3904,.T.);
#5159=ORIENTED_EDGE('',*,*,#3905,.T.);
#5160=ORIENTED_EDGE('',*,*,#3900,.F.);
#5161=ORIENTED_EDGE('',*,*,#3906,.F.);
#5162=ORIENTED_EDGE('',*,*,#3907,.T.);
#5163=ORIENTED_EDGE('',*,*,#3908,.T.);
#5164=ORIENTED_EDGE('',*,*,#3904,.F.);
#5165=ORIENTED_EDGE('',*,*,#3909,.F.);
#5166=ORIENTED_EDGE('',*,*,#3910,.T.);
#5167=ORIENTED_EDGE('',*,*,#3911,.T.);
#5168=ORIENTED_EDGE('',*,*,#3907,.F.);
#5169=ORIENTED_EDGE('',*,*,#3912,.F.);
#5170=ORIENTED_EDGE('',*,*,#3913,.T.);
#5171=ORIENTED_EDGE('',*,*,#3914,.T.);
#5172=ORIENTED_EDGE('',*,*,#3910,.F.);
#5173=ORIENTED_EDGE('',*,*,#3915,.F.);
#5174=ORIENTED_EDGE('',*,*,#3916,.T.);
#5175=ORIENTED_EDGE('',*,*,#3917,.T.);
#5176=ORIENTED_EDGE('',*,*,#3913,.F.);
#5177=ORIENTED_EDGE('',*,*,#3918,.F.);
#5178=ORIENTED_EDGE('',*,*,#3919,.T.);
#5179=ORIENTED_EDGE('',*,*,#3920,.T.);
#5180=ORIENTED_EDGE('',*,*,#3916,.F.);
#5181=ORIENTED_EDGE('',*,*,#3921,.F.);
#5182=ORIENTED_EDGE('',*,*,#3922,.T.);
#5183=ORIENTED_EDGE('',*,*,#3923,.T.);
#5184=ORIENTED_EDGE('',*,*,#3919,.F.);
#5185=ORIENTED_EDGE('',*,*,#3924,.F.);
#5186=ORIENTED_EDGE('',*,*,#3902,.T.);
#5187=ORIENTED_EDGE('',*,*,#3925,.T.);
#5188=ORIENTED_EDGE('',*,*,#3922,.F.);
#5189=ORIENTED_EDGE('',*,*,#3925,.F.);
#5190=ORIENTED_EDGE('',*,*,#3901,.F.);
#5191=ORIENTED_EDGE('',*,*,#3905,.F.);
#5192=ORIENTED_EDGE('',*,*,#3908,.F.);
#5193=ORIENTED_EDGE('',*,*,#3911,.F.);
#5194=ORIENTED_EDGE('',*,*,#3914,.F.);
#5195=ORIENTED_EDGE('',*,*,#3917,.F.);
#5196=ORIENTED_EDGE('',*,*,#3920,.F.);
#5197=ORIENTED_EDGE('',*,*,#3923,.F.);
#5198=ORIENTED_EDGE('',*,*,#3898,.F.);
#5199=ORIENTED_EDGE('',*,*,#3877,.F.);
#5200=ORIENTED_EDGE('',*,*,#3881,.F.);
#5201=ORIENTED_EDGE('',*,*,#3884,.F.);
#5202=ORIENTED_EDGE('',*,*,#3887,.F.);
#5203=ORIENTED_EDGE('',*,*,#3890,.F.);
#5204=ORIENTED_EDGE('',*,*,#3893,.F.);
#5205=ORIENTED_EDGE('',*,*,#3896,.F.);
#5206=ORIENTED_EDGE('',*,*,#3926,.F.);
#5207=ORIENTED_EDGE('',*,*,#3927,.T.);
#5208=ORIENTED_EDGE('',*,*,#3928,.T.);
#5209=ORIENTED_EDGE('',*,*,#3929,.F.);
#5210=ORIENTED_EDGE('',*,*,#3930,.F.);
#5211=ORIENTED_EDGE('',*,*,#3931,.T.);
#5212=ORIENTED_EDGE('',*,*,#3932,.T.);
#5213=ORIENTED_EDGE('',*,*,#3927,.F.);
#5214=ORIENTED_EDGE('',*,*,#3933,.F.);
#5215=ORIENTED_EDGE('',*,*,#3934,.T.);
#5216=ORIENTED_EDGE('',*,*,#3935,.T.);
#5217=ORIENTED_EDGE('',*,*,#3931,.F.);
#5218=ORIENTED_EDGE('',*,*,#3936,.F.);
#5219=ORIENTED_EDGE('',*,*,#3937,.T.);
#5220=ORIENTED_EDGE('',*,*,#3938,.T.);
#5221=ORIENTED_EDGE('',*,*,#3934,.F.);
#5222=ORIENTED_EDGE('',*,*,#3939,.F.);
#5223=ORIENTED_EDGE('',*,*,#3940,.T.);
#5224=ORIENTED_EDGE('',*,*,#3941,.T.);
#5225=ORIENTED_EDGE('',*,*,#3937,.F.);
#5226=ORIENTED_EDGE('',*,*,#3942,.F.);
#5227=ORIENTED_EDGE('',*,*,#3943,.T.);
#5228=ORIENTED_EDGE('',*,*,#3944,.T.);
#5229=ORIENTED_EDGE('',*,*,#3940,.F.);
#5230=ORIENTED_EDGE('',*,*,#3945,.F.);
#5231=ORIENTED_EDGE('',*,*,#3946,.T.);
#5232=ORIENTED_EDGE('',*,*,#3947,.T.);
#5233=ORIENTED_EDGE('',*,*,#3943,.F.);
#5234=ORIENTED_EDGE('',*,*,#3948,.F.);
#5235=ORIENTED_EDGE('',*,*,#3949,.T.);
#5236=ORIENTED_EDGE('',*,*,#3950,.T.);
#5237=ORIENTED_EDGE('',*,*,#3946,.F.);
#5238=ORIENTED_EDGE('',*,*,#3951,.F.);
#5239=ORIENTED_EDGE('',*,*,#3952,.T.);
#5240=ORIENTED_EDGE('',*,*,#3953,.T.);
#5241=ORIENTED_EDGE('',*,*,#3949,.F.);
#5242=ORIENTED_EDGE('',*,*,#3954,.F.);
#5243=ORIENTED_EDGE('',*,*,#3929,.T.);
#5244=ORIENTED_EDGE('',*,*,#3955,.T.);
#5245=ORIENTED_EDGE('',*,*,#3952,.F.);
#5246=ORIENTED_EDGE('',*,*,#3956,.F.);
#5247=ORIENTED_EDGE('',*,*,#3957,.T.);
#5248=ORIENTED_EDGE('',*,*,#3958,.T.);
#5249=ORIENTED_EDGE('',*,*,#3959,.F.);
#5250=ORIENTED_EDGE('',*,*,#3960,.F.);
#5251=ORIENTED_EDGE('',*,*,#3961,.T.);
#5252=ORIENTED_EDGE('',*,*,#3962,.T.);
#5253=ORIENTED_EDGE('',*,*,#3957,.F.);
#5254=ORIENTED_EDGE('',*,*,#3963,.F.);
#5255=ORIENTED_EDGE('',*,*,#3964,.T.);
#5256=ORIENTED_EDGE('',*,*,#3965,.T.);
#5257=ORIENTED_EDGE('',*,*,#3961,.F.);
#5258=ORIENTED_EDGE('',*,*,#3966,.F.);
#5259=ORIENTED_EDGE('',*,*,#3967,.T.);
#5260=ORIENTED_EDGE('',*,*,#3968,.T.);
#5261=ORIENTED_EDGE('',*,*,#3964,.F.);
#5262=ORIENTED_EDGE('',*,*,#3969,.F.);
#5263=ORIENTED_EDGE('',*,*,#3970,.T.);
#5264=ORIENTED_EDGE('',*,*,#3971,.T.);
#5265=ORIENTED_EDGE('',*,*,#3967,.F.);
#5266=ORIENTED_EDGE('',*,*,#3972,.F.);
#5267=ORIENTED_EDGE('',*,*,#3973,.T.);
#5268=ORIENTED_EDGE('',*,*,#3974,.T.);
#5269=ORIENTED_EDGE('',*,*,#3970,.F.);
#5270=ORIENTED_EDGE('',*,*,#3975,.F.);
#5271=ORIENTED_EDGE('',*,*,#3976,.T.);
#5272=ORIENTED_EDGE('',*,*,#3977,.T.);
#5273=ORIENTED_EDGE('',*,*,#3973,.F.);
#5274=ORIENTED_EDGE('',*,*,#3978,.F.);
#5275=ORIENTED_EDGE('',*,*,#3979,.T.);
#5276=ORIENTED_EDGE('',*,*,#3980,.T.);
#5277=ORIENTED_EDGE('',*,*,#3976,.F.);
#5278=ORIENTED_EDGE('',*,*,#3981,.F.);
#5279=ORIENTED_EDGE('',*,*,#3982,.T.);
#5280=ORIENTED_EDGE('',*,*,#3983,.T.);
#5281=ORIENTED_EDGE('',*,*,#3979,.F.);
#5282=ORIENTED_EDGE('',*,*,#3984,.F.);
#5283=ORIENTED_EDGE('',*,*,#3985,.T.);
#5284=ORIENTED_EDGE('',*,*,#3986,.T.);
#5285=ORIENTED_EDGE('',*,*,#3982,.F.);
#5286=ORIENTED_EDGE('',*,*,#3987,.F.);
#5287=ORIENTED_EDGE('',*,*,#3988,.T.);
#5288=ORIENTED_EDGE('',*,*,#3989,.T.);
#5289=ORIENTED_EDGE('',*,*,#3985,.F.);
#5290=ORIENTED_EDGE('',*,*,#3990,.F.);
#5291=ORIENTED_EDGE('',*,*,#3991,.T.);
#5292=ORIENTED_EDGE('',*,*,#3992,.T.);
#5293=ORIENTED_EDGE('',*,*,#3988,.F.);
#5294=ORIENTED_EDGE('',*,*,#3993,.F.);
#5295=ORIENTED_EDGE('',*,*,#3994,.T.);
#5296=ORIENTED_EDGE('',*,*,#3995,.T.);
#5297=ORIENTED_EDGE('',*,*,#3991,.F.);
#5298=ORIENTED_EDGE('',*,*,#3996,.F.);
#5299=ORIENTED_EDGE('',*,*,#3997,.T.);
#5300=ORIENTED_EDGE('',*,*,#3998,.T.);
#5301=ORIENTED_EDGE('',*,*,#3994,.F.);
#5302=ORIENTED_EDGE('',*,*,#3999,.F.);
#5303=ORIENTED_EDGE('',*,*,#4000,.T.);
#5304=ORIENTED_EDGE('',*,*,#4001,.T.);
#5305=ORIENTED_EDGE('',*,*,#3997,.F.);
#5306=ORIENTED_EDGE('',*,*,#4002,.F.);
#5307=ORIENTED_EDGE('',*,*,#4003,.T.);
#5308=ORIENTED_EDGE('',*,*,#4004,.T.);
#5309=ORIENTED_EDGE('',*,*,#4000,.F.);
#5310=ORIENTED_EDGE('',*,*,#4005,.F.);
#5311=ORIENTED_EDGE('',*,*,#4006,.T.);
#5312=ORIENTED_EDGE('',*,*,#4007,.T.);
#5313=ORIENTED_EDGE('',*,*,#4003,.F.);
#5314=ORIENTED_EDGE('',*,*,#4008,.F.);
#5315=ORIENTED_EDGE('',*,*,#4009,.T.);
#5316=ORIENTED_EDGE('',*,*,#4010,.T.);
#5317=ORIENTED_EDGE('',*,*,#4006,.F.);
#5318=ORIENTED_EDGE('',*,*,#4011,.F.);
#5319=ORIENTED_EDGE('',*,*,#4012,.T.);
#5320=ORIENTED_EDGE('',*,*,#4013,.T.);
#5321=ORIENTED_EDGE('',*,*,#4009,.F.);
#5322=ORIENTED_EDGE('',*,*,#4014,.F.);
#5323=ORIENTED_EDGE('',*,*,#4015,.T.);
#5324=ORIENTED_EDGE('',*,*,#4016,.T.);
#5325=ORIENTED_EDGE('',*,*,#4012,.F.);
#5326=ORIENTED_EDGE('',*,*,#4017,.F.);
#5327=ORIENTED_EDGE('',*,*,#4018,.T.);
#5328=ORIENTED_EDGE('',*,*,#4019,.T.);
#5329=ORIENTED_EDGE('',*,*,#4015,.F.);
#5330=ORIENTED_EDGE('',*,*,#4020,.F.);
#5331=ORIENTED_EDGE('',*,*,#4021,.T.);
#5332=ORIENTED_EDGE('',*,*,#4022,.T.);
#5333=ORIENTED_EDGE('',*,*,#4018,.F.);
#5334=ORIENTED_EDGE('',*,*,#4023,.F.);
#5335=ORIENTED_EDGE('',*,*,#4024,.T.);
#5336=ORIENTED_EDGE('',*,*,#4025,.T.);
#5337=ORIENTED_EDGE('',*,*,#4021,.F.);
#5338=ORIENTED_EDGE('',*,*,#4026,.F.);
#5339=ORIENTED_EDGE('',*,*,#4027,.T.);
#5340=ORIENTED_EDGE('',*,*,#4028,.T.);
#5341=ORIENTED_EDGE('',*,*,#4024,.F.);
#5342=ORIENTED_EDGE('',*,*,#4029,.F.);
#5343=ORIENTED_EDGE('',*,*,#4030,.T.);
#5344=ORIENTED_EDGE('',*,*,#4031,.T.);
#5345=ORIENTED_EDGE('',*,*,#4027,.F.);
#5346=ORIENTED_EDGE('',*,*,#4032,.F.);
#5347=ORIENTED_EDGE('',*,*,#4033,.T.);
#5348=ORIENTED_EDGE('',*,*,#4034,.T.);
#5349=ORIENTED_EDGE('',*,*,#4030,.F.);
#5350=ORIENTED_EDGE('',*,*,#4035,.F.);
#5351=ORIENTED_EDGE('',*,*,#3959,.T.);
#5352=ORIENTED_EDGE('',*,*,#4036,.T.);
#5353=ORIENTED_EDGE('',*,*,#4033,.F.);
#5354=ORIENTED_EDGE('',*,*,#4036,.F.);
#5355=ORIENTED_EDGE('',*,*,#3958,.F.);
#5356=ORIENTED_EDGE('',*,*,#3962,.F.);
#5357=ORIENTED_EDGE('',*,*,#3965,.F.);
#5358=ORIENTED_EDGE('',*,*,#3968,.F.);
#5359=ORIENTED_EDGE('',*,*,#3971,.F.);
#5360=ORIENTED_EDGE('',*,*,#3974,.F.);
#5361=ORIENTED_EDGE('',*,*,#3977,.F.);
#5362=ORIENTED_EDGE('',*,*,#3980,.F.);
#5363=ORIENTED_EDGE('',*,*,#3983,.F.);
#5364=ORIENTED_EDGE('',*,*,#3986,.F.);
#5365=ORIENTED_EDGE('',*,*,#3989,.F.);
#5366=ORIENTED_EDGE('',*,*,#3992,.F.);
#5367=ORIENTED_EDGE('',*,*,#3995,.F.);
#5368=ORIENTED_EDGE('',*,*,#3998,.F.);
#5369=ORIENTED_EDGE('',*,*,#4001,.F.);
#5370=ORIENTED_EDGE('',*,*,#4004,.F.);
#5371=ORIENTED_EDGE('',*,*,#4007,.F.);
#5372=ORIENTED_EDGE('',*,*,#4010,.F.);
#5373=ORIENTED_EDGE('',*,*,#4013,.F.);
#5374=ORIENTED_EDGE('',*,*,#4016,.F.);
#5375=ORIENTED_EDGE('',*,*,#4019,.F.);
#5376=ORIENTED_EDGE('',*,*,#4022,.F.);
#5377=ORIENTED_EDGE('',*,*,#4025,.F.);
#5378=ORIENTED_EDGE('',*,*,#4028,.F.);
#5379=ORIENTED_EDGE('',*,*,#4031,.F.);
#5380=ORIENTED_EDGE('',*,*,#4034,.F.);
#5381=ORIENTED_EDGE('',*,*,#3955,.F.);
#5382=ORIENTED_EDGE('',*,*,#3928,.F.);
#5383=ORIENTED_EDGE('',*,*,#3932,.F.);
#5384=ORIENTED_EDGE('',*,*,#3935,.F.);
#5385=ORIENTED_EDGE('',*,*,#3938,.F.);
#5386=ORIENTED_EDGE('',*,*,#3941,.F.);
#5387=ORIENTED_EDGE('',*,*,#3944,.F.);
#5388=ORIENTED_EDGE('',*,*,#3947,.F.);
#5389=ORIENTED_EDGE('',*,*,#3950,.F.);
#5390=ORIENTED_EDGE('',*,*,#3953,.F.);
#5391=ORIENTED_EDGE('',*,*,#4037,.F.);
#5392=ORIENTED_EDGE('',*,*,#4038,.T.);
#5393=ORIENTED_EDGE('',*,*,#4039,.T.);
#5394=ORIENTED_EDGE('',*,*,#4040,.F.);
#5395=ORIENTED_EDGE('',*,*,#4041,.F.);
#5396=ORIENTED_EDGE('',*,*,#4042,.T.);
#5397=ORIENTED_EDGE('',*,*,#4043,.T.);
#5398=ORIENTED_EDGE('',*,*,#4038,.F.);
#5399=ORIENTED_EDGE('',*,*,#4044,.F.);
#5400=ORIENTED_EDGE('',*,*,#4045,.T.);
#5401=ORIENTED_EDGE('',*,*,#4046,.T.);
#5402=ORIENTED_EDGE('',*,*,#4042,.F.);
#5403=ORIENTED_EDGE('',*,*,#4047,.F.);
#5404=ORIENTED_EDGE('',*,*,#4048,.T.);
#5405=ORIENTED_EDGE('',*,*,#4049,.T.);
#5406=ORIENTED_EDGE('',*,*,#4045,.F.);
#5407=ORIENTED_EDGE('',*,*,#4050,.F.);
#5408=ORIENTED_EDGE('',*,*,#4051,.T.);
#5409=ORIENTED_EDGE('',*,*,#4052,.T.);
#5410=ORIENTED_EDGE('',*,*,#4048,.F.);
#5411=ORIENTED_EDGE('',*,*,#4053,.F.);
#5412=ORIENTED_EDGE('',*,*,#4054,.T.);
#5413=ORIENTED_EDGE('',*,*,#4055,.T.);
#5414=ORIENTED_EDGE('',*,*,#4051,.F.);
#5415=ORIENTED_EDGE('',*,*,#4056,.F.);
#5416=ORIENTED_EDGE('',*,*,#4057,.T.);
#5417=ORIENTED_EDGE('',*,*,#4058,.T.);
#5418=ORIENTED_EDGE('',*,*,#4054,.F.);
#5419=ORIENTED_EDGE('',*,*,#4059,.F.);
#5420=ORIENTED_EDGE('',*,*,#4060,.T.);
#5421=ORIENTED_EDGE('',*,*,#4061,.T.);
#5422=ORIENTED_EDGE('',*,*,#4057,.F.);
#5423=ORIENTED_EDGE('',*,*,#4062,.F.);
#5424=ORIENTED_EDGE('',*,*,#4063,.T.);
#5425=ORIENTED_EDGE('',*,*,#4064,.T.);
#5426=ORIENTED_EDGE('',*,*,#4060,.F.);
#5427=ORIENTED_EDGE('',*,*,#4065,.F.);
#5428=ORIENTED_EDGE('',*,*,#4066,.T.);
#5429=ORIENTED_EDGE('',*,*,#4067,.T.);
#5430=ORIENTED_EDGE('',*,*,#4063,.F.);
#5431=ORIENTED_EDGE('',*,*,#4068,.F.);
#5432=ORIENTED_EDGE('',*,*,#4069,.T.);
#5433=ORIENTED_EDGE('',*,*,#4070,.T.);
#5434=ORIENTED_EDGE('',*,*,#4066,.F.);
#5435=ORIENTED_EDGE('',*,*,#4071,.F.);
#5436=ORIENTED_EDGE('',*,*,#4072,.T.);
#5437=ORIENTED_EDGE('',*,*,#4073,.T.);
#5438=ORIENTED_EDGE('',*,*,#4069,.F.);
#5439=ORIENTED_EDGE('',*,*,#4074,.F.);
#5440=ORIENTED_EDGE('',*,*,#4075,.T.);
#5441=ORIENTED_EDGE('',*,*,#4076,.T.);
#5442=ORIENTED_EDGE('',*,*,#4072,.F.);
#5443=ORIENTED_EDGE('',*,*,#4077,.F.);
#5444=ORIENTED_EDGE('',*,*,#4078,.T.);
#5445=ORIENTED_EDGE('',*,*,#4079,.T.);
#5446=ORIENTED_EDGE('',*,*,#4075,.F.);
#5447=ORIENTED_EDGE('',*,*,#4080,.F.);
#5448=ORIENTED_EDGE('',*,*,#4081,.T.);
#5449=ORIENTED_EDGE('',*,*,#4082,.T.);
#5450=ORIENTED_EDGE('',*,*,#4078,.F.);
#5451=ORIENTED_EDGE('',*,*,#4083,.F.);
#5452=ORIENTED_EDGE('',*,*,#4084,.T.);
#5453=ORIENTED_EDGE('',*,*,#4085,.T.);
#5454=ORIENTED_EDGE('',*,*,#4081,.F.);
#5455=ORIENTED_EDGE('',*,*,#4086,.F.);
#5456=ORIENTED_EDGE('',*,*,#4087,.T.);
#5457=ORIENTED_EDGE('',*,*,#4088,.T.);
#5458=ORIENTED_EDGE('',*,*,#4084,.F.);
#5459=ORIENTED_EDGE('',*,*,#4089,.F.);
#5460=ORIENTED_EDGE('',*,*,#4090,.T.);
#5461=ORIENTED_EDGE('',*,*,#4091,.T.);
#5462=ORIENTED_EDGE('',*,*,#4087,.F.);
#5463=ORIENTED_EDGE('',*,*,#4092,.F.);
#5464=ORIENTED_EDGE('',*,*,#4093,.T.);
#5465=ORIENTED_EDGE('',*,*,#4094,.T.);
#5466=ORIENTED_EDGE('',*,*,#4090,.F.);
#5467=ORIENTED_EDGE('',*,*,#4095,.F.);
#5468=ORIENTED_EDGE('',*,*,#4096,.T.);
#5469=ORIENTED_EDGE('',*,*,#4097,.T.);
#5470=ORIENTED_EDGE('',*,*,#4093,.F.);
#5471=ORIENTED_EDGE('',*,*,#4098,.F.);
#5472=ORIENTED_EDGE('',*,*,#4099,.T.);
#5473=ORIENTED_EDGE('',*,*,#4100,.T.);
#5474=ORIENTED_EDGE('',*,*,#4096,.F.);
#5475=ORIENTED_EDGE('',*,*,#4101,.F.);
#5476=ORIENTED_EDGE('',*,*,#4102,.T.);
#5477=ORIENTED_EDGE('',*,*,#4103,.T.);
#5478=ORIENTED_EDGE('',*,*,#4099,.F.);
#5479=ORIENTED_EDGE('',*,*,#4104,.F.);
#5480=ORIENTED_EDGE('',*,*,#4105,.T.);
#5481=ORIENTED_EDGE('',*,*,#4106,.T.);
#5482=ORIENTED_EDGE('',*,*,#4102,.F.);
#5483=ORIENTED_EDGE('',*,*,#4107,.F.);
#5484=ORIENTED_EDGE('',*,*,#4108,.T.);
#5485=ORIENTED_EDGE('',*,*,#4109,.T.);
#5486=ORIENTED_EDGE('',*,*,#4105,.F.);
#5487=ORIENTED_EDGE('',*,*,#4110,.F.);
#5488=ORIENTED_EDGE('',*,*,#4111,.T.);
#5489=ORIENTED_EDGE('',*,*,#4112,.T.);
#5490=ORIENTED_EDGE('',*,*,#4108,.F.);
#5491=ORIENTED_EDGE('',*,*,#4113,.F.);
#5492=ORIENTED_EDGE('',*,*,#4114,.T.);
#5493=ORIENTED_EDGE('',*,*,#4115,.T.);
#5494=ORIENTED_EDGE('',*,*,#4111,.F.);
#5495=ORIENTED_EDGE('',*,*,#4116,.F.);
#5496=ORIENTED_EDGE('',*,*,#4117,.T.);
#5497=ORIENTED_EDGE('',*,*,#4118,.T.);
#5498=ORIENTED_EDGE('',*,*,#4114,.F.);
#5499=ORIENTED_EDGE('',*,*,#4119,.F.);
#5500=ORIENTED_EDGE('',*,*,#4120,.T.);
#5501=ORIENTED_EDGE('',*,*,#4121,.T.);
#5502=ORIENTED_EDGE('',*,*,#4117,.F.);
#5503=ORIENTED_EDGE('',*,*,#4122,.F.);
#5504=ORIENTED_EDGE('',*,*,#4123,.T.);
#5505=ORIENTED_EDGE('',*,*,#4124,.T.);
#5506=ORIENTED_EDGE('',*,*,#4120,.F.);
#5507=ORIENTED_EDGE('',*,*,#4125,.F.);
#5508=ORIENTED_EDGE('',*,*,#4126,.T.);
#5509=ORIENTED_EDGE('',*,*,#4127,.T.);
#5510=ORIENTED_EDGE('',*,*,#4123,.F.);
#5511=ORIENTED_EDGE('',*,*,#4128,.F.);
#5512=ORIENTED_EDGE('',*,*,#4129,.T.);
#5513=ORIENTED_EDGE('',*,*,#4130,.T.);
#5514=ORIENTED_EDGE('',*,*,#4126,.F.);
#5515=ORIENTED_EDGE('',*,*,#4131,.F.);
#5516=ORIENTED_EDGE('',*,*,#4132,.T.);
#5517=ORIENTED_EDGE('',*,*,#4133,.T.);
#5518=ORIENTED_EDGE('',*,*,#4129,.F.);
#5519=ORIENTED_EDGE('',*,*,#4134,.F.);
#5520=ORIENTED_EDGE('',*,*,#4040,.T.);
#5521=ORIENTED_EDGE('',*,*,#4135,.T.);
#5522=ORIENTED_EDGE('',*,*,#4132,.F.);
#5523=ORIENTED_EDGE('',*,*,#4135,.F.);
#5524=ORIENTED_EDGE('',*,*,#4039,.F.);
#5525=ORIENTED_EDGE('',*,*,#4043,.F.);
#5526=ORIENTED_EDGE('',*,*,#4046,.F.);
#5527=ORIENTED_EDGE('',*,*,#4049,.F.);
#5528=ORIENTED_EDGE('',*,*,#4052,.F.);
#5529=ORIENTED_EDGE('',*,*,#4055,.F.);
#5530=ORIENTED_EDGE('',*,*,#4058,.F.);
#5531=ORIENTED_EDGE('',*,*,#4061,.F.);
#5532=ORIENTED_EDGE('',*,*,#4064,.F.);
#5533=ORIENTED_EDGE('',*,*,#4067,.F.);
#5534=ORIENTED_EDGE('',*,*,#4070,.F.);
#5535=ORIENTED_EDGE('',*,*,#4073,.F.);
#5536=ORIENTED_EDGE('',*,*,#4076,.F.);
#5537=ORIENTED_EDGE('',*,*,#4079,.F.);
#5538=ORIENTED_EDGE('',*,*,#4082,.F.);
#5539=ORIENTED_EDGE('',*,*,#4085,.F.);
#5540=ORIENTED_EDGE('',*,*,#4088,.F.);
#5541=ORIENTED_EDGE('',*,*,#4091,.F.);
#5542=ORIENTED_EDGE('',*,*,#4094,.F.);
#5543=ORIENTED_EDGE('',*,*,#4097,.F.);
#5544=ORIENTED_EDGE('',*,*,#4100,.F.);
#5545=ORIENTED_EDGE('',*,*,#4103,.F.);
#5546=ORIENTED_EDGE('',*,*,#4106,.F.);
#5547=ORIENTED_EDGE('',*,*,#4109,.F.);
#5548=ORIENTED_EDGE('',*,*,#4112,.F.);
#5549=ORIENTED_EDGE('',*,*,#4115,.F.);
#5550=ORIENTED_EDGE('',*,*,#4118,.F.);
#5551=ORIENTED_EDGE('',*,*,#4121,.F.);
#5552=ORIENTED_EDGE('',*,*,#4124,.F.);
#5553=ORIENTED_EDGE('',*,*,#4127,.F.);
#5554=ORIENTED_EDGE('',*,*,#4130,.F.);
#5555=ORIENTED_EDGE('',*,*,#4133,.F.);
#5556=ORIENTED_EDGE('',*,*,#4136,.F.);
#5557=ORIENTED_EDGE('',*,*,#4137,.T.);
#5558=ORIENTED_EDGE('',*,*,#4138,.T.);
#5559=ORIENTED_EDGE('',*,*,#4139,.F.);
#5560=ORIENTED_EDGE('',*,*,#4140,.F.);
#5561=ORIENTED_EDGE('',*,*,#4141,.T.);
#5562=ORIENTED_EDGE('',*,*,#4142,.T.);
#5563=ORIENTED_EDGE('',*,*,#4137,.F.);
#5564=ORIENTED_EDGE('',*,*,#4143,.F.);
#5565=ORIENTED_EDGE('',*,*,#4144,.T.);
#5566=ORIENTED_EDGE('',*,*,#4145,.T.);
#5567=ORIENTED_EDGE('',*,*,#4141,.F.);
#5568=ORIENTED_EDGE('',*,*,#4146,.F.);
#5569=ORIENTED_EDGE('',*,*,#4147,.T.);
#5570=ORIENTED_EDGE('',*,*,#4148,.T.);
#5571=ORIENTED_EDGE('',*,*,#4144,.F.);
#5572=ORIENTED_EDGE('',*,*,#4149,.F.);
#5573=ORIENTED_EDGE('',*,*,#4150,.T.);
#5574=ORIENTED_EDGE('',*,*,#4151,.T.);
#5575=ORIENTED_EDGE('',*,*,#4147,.F.);
#5576=ORIENTED_EDGE('',*,*,#4152,.F.);
#5577=ORIENTED_EDGE('',*,*,#4153,.T.);
#5578=ORIENTED_EDGE('',*,*,#4154,.T.);
#5579=ORIENTED_EDGE('',*,*,#4150,.F.);
#5580=ORIENTED_EDGE('',*,*,#4155,.F.);
#5581=ORIENTED_EDGE('',*,*,#4156,.T.);
#5582=ORIENTED_EDGE('',*,*,#4157,.T.);
#5583=ORIENTED_EDGE('',*,*,#4153,.F.);
#5584=ORIENTED_EDGE('',*,*,#4158,.F.);
#5585=ORIENTED_EDGE('',*,*,#4159,.T.);
#5586=ORIENTED_EDGE('',*,*,#4160,.T.);
#5587=ORIENTED_EDGE('',*,*,#4156,.F.);
#5588=ORIENTED_EDGE('',*,*,#4161,.F.);
#5589=ORIENTED_EDGE('',*,*,#4162,.T.);
#5590=ORIENTED_EDGE('',*,*,#4163,.T.);
#5591=ORIENTED_EDGE('',*,*,#4159,.F.);
#5592=ORIENTED_EDGE('',*,*,#4164,.F.);
#5593=ORIENTED_EDGE('',*,*,#4139,.T.);
#5594=ORIENTED_EDGE('',*,*,#4165,.T.);
#5595=ORIENTED_EDGE('',*,*,#4162,.F.);
#5596=ORIENTED_EDGE('',*,*,#4166,.F.);
#5597=ORIENTED_EDGE('',*,*,#4167,.T.);
#5598=ORIENTED_EDGE('',*,*,#4168,.T.);
#5599=ORIENTED_EDGE('',*,*,#4169,.F.);
#5600=ORIENTED_EDGE('',*,*,#4170,.F.);
#5601=ORIENTED_EDGE('',*,*,#4171,.T.);
#5602=ORIENTED_EDGE('',*,*,#4172,.T.);
#5603=ORIENTED_EDGE('',*,*,#4167,.F.);
#5604=ORIENTED_EDGE('',*,*,#4173,.F.);
#5605=ORIENTED_EDGE('',*,*,#4174,.T.);
#5606=ORIENTED_EDGE('',*,*,#4175,.T.);
#5607=ORIENTED_EDGE('',*,*,#4171,.F.);
#5608=ORIENTED_EDGE('',*,*,#4176,.F.);
#5609=ORIENTED_EDGE('',*,*,#4177,.T.);
#5610=ORIENTED_EDGE('',*,*,#4178,.T.);
#5611=ORIENTED_EDGE('',*,*,#4174,.F.);
#5612=ORIENTED_EDGE('',*,*,#4179,.F.);
#5613=ORIENTED_EDGE('',*,*,#4180,.T.);
#5614=ORIENTED_EDGE('',*,*,#4181,.T.);
#5615=ORIENTED_EDGE('',*,*,#4177,.F.);
#5616=ORIENTED_EDGE('',*,*,#4182,.F.);
#5617=ORIENTED_EDGE('',*,*,#4183,.T.);
#5618=ORIENTED_EDGE('',*,*,#4184,.T.);
#5619=ORIENTED_EDGE('',*,*,#4180,.F.);
#5620=ORIENTED_EDGE('',*,*,#4185,.F.);
#5621=ORIENTED_EDGE('',*,*,#4186,.T.);
#5622=ORIENTED_EDGE('',*,*,#4187,.T.);
#5623=ORIENTED_EDGE('',*,*,#4183,.F.);
#5624=ORIENTED_EDGE('',*,*,#4188,.F.);
#5625=ORIENTED_EDGE('',*,*,#4189,.T.);
#5626=ORIENTED_EDGE('',*,*,#4190,.T.);
#5627=ORIENTED_EDGE('',*,*,#4186,.F.);
#5628=ORIENTED_EDGE('',*,*,#4191,.F.);
#5629=ORIENTED_EDGE('',*,*,#4192,.T.);
#5630=ORIENTED_EDGE('',*,*,#4193,.T.);
#5631=ORIENTED_EDGE('',*,*,#4189,.F.);
#5632=ORIENTED_EDGE('',*,*,#4194,.F.);
#5633=ORIENTED_EDGE('',*,*,#4195,.T.);
#5634=ORIENTED_EDGE('',*,*,#4196,.T.);
#5635=ORIENTED_EDGE('',*,*,#4192,.F.);
#5636=ORIENTED_EDGE('',*,*,#4197,.F.);
#5637=ORIENTED_EDGE('',*,*,#4198,.T.);
#5638=ORIENTED_EDGE('',*,*,#4199,.T.);
#5639=ORIENTED_EDGE('',*,*,#4195,.F.);
#5640=ORIENTED_EDGE('',*,*,#4200,.F.);
#5641=ORIENTED_EDGE('',*,*,#4201,.T.);
#5642=ORIENTED_EDGE('',*,*,#4202,.T.);
#5643=ORIENTED_EDGE('',*,*,#4198,.F.);
#5644=ORIENTED_EDGE('',*,*,#4203,.F.);
#5645=ORIENTED_EDGE('',*,*,#4204,.T.);
#5646=ORIENTED_EDGE('',*,*,#4205,.T.);
#5647=ORIENTED_EDGE('',*,*,#4201,.F.);
#5648=ORIENTED_EDGE('',*,*,#4206,.F.);
#5649=ORIENTED_EDGE('',*,*,#4207,.T.);
#5650=ORIENTED_EDGE('',*,*,#4208,.T.);
#5651=ORIENTED_EDGE('',*,*,#4204,.F.);
#5652=ORIENTED_EDGE('',*,*,#4209,.F.);
#5653=ORIENTED_EDGE('',*,*,#4210,.T.);
#5654=ORIENTED_EDGE('',*,*,#4211,.T.);
#5655=ORIENTED_EDGE('',*,*,#4207,.F.);
#5656=ORIENTED_EDGE('',*,*,#4212,.F.);
#5657=ORIENTED_EDGE('',*,*,#4213,.T.);
#5658=ORIENTED_EDGE('',*,*,#4214,.T.);
#5659=ORIENTED_EDGE('',*,*,#4210,.F.);
#5660=ORIENTED_EDGE('',*,*,#4215,.F.);
#5661=ORIENTED_EDGE('',*,*,#4216,.T.);
#5662=ORIENTED_EDGE('',*,*,#4217,.T.);
#5663=ORIENTED_EDGE('',*,*,#4213,.F.);
#5664=ORIENTED_EDGE('',*,*,#4218,.F.);
#5665=ORIENTED_EDGE('',*,*,#4219,.T.);
#5666=ORIENTED_EDGE('',*,*,#4220,.T.);
#5667=ORIENTED_EDGE('',*,*,#4216,.F.);
#5668=ORIENTED_EDGE('',*,*,#4221,.F.);
#5669=ORIENTED_EDGE('',*,*,#4222,.T.);
#5670=ORIENTED_EDGE('',*,*,#4223,.T.);
#5671=ORIENTED_EDGE('',*,*,#4219,.F.);
#5672=ORIENTED_EDGE('',*,*,#4224,.F.);
#5673=ORIENTED_EDGE('',*,*,#4225,.T.);
#5674=ORIENTED_EDGE('',*,*,#4226,.T.);
#5675=ORIENTED_EDGE('',*,*,#4222,.F.);
#5676=ORIENTED_EDGE('',*,*,#4227,.F.);
#5677=ORIENTED_EDGE('',*,*,#4228,.T.);
#5678=ORIENTED_EDGE('',*,*,#4229,.T.);
#5679=ORIENTED_EDGE('',*,*,#4225,.F.);
#5680=ORIENTED_EDGE('',*,*,#4230,.F.);
#5681=ORIENTED_EDGE('',*,*,#4231,.T.);
#5682=ORIENTED_EDGE('',*,*,#4232,.T.);
#5683=ORIENTED_EDGE('',*,*,#4228,.F.);
#5684=ORIENTED_EDGE('',*,*,#4233,.F.);
#5685=ORIENTED_EDGE('',*,*,#4234,.T.);
#5686=ORIENTED_EDGE('',*,*,#4235,.T.);
#5687=ORIENTED_EDGE('',*,*,#4231,.F.);
#5688=ORIENTED_EDGE('',*,*,#4236,.F.);
#5689=ORIENTED_EDGE('',*,*,#4237,.T.);
#5690=ORIENTED_EDGE('',*,*,#4238,.T.);
#5691=ORIENTED_EDGE('',*,*,#4234,.F.);
#5692=ORIENTED_EDGE('',*,*,#4239,.F.);
#5693=ORIENTED_EDGE('',*,*,#4240,.T.);
#5694=ORIENTED_EDGE('',*,*,#4241,.T.);
#5695=ORIENTED_EDGE('',*,*,#4237,.F.);
#5696=ORIENTED_EDGE('',*,*,#4242,.F.);
#5697=ORIENTED_EDGE('',*,*,#4243,.T.);
#5698=ORIENTED_EDGE('',*,*,#4244,.T.);
#5699=ORIENTED_EDGE('',*,*,#4240,.F.);
#5700=ORIENTED_EDGE('',*,*,#4245,.F.);
#5701=ORIENTED_EDGE('',*,*,#4169,.T.);
#5702=ORIENTED_EDGE('',*,*,#4246,.T.);
#5703=ORIENTED_EDGE('',*,*,#4243,.F.);
#5704=ORIENTED_EDGE('',*,*,#4246,.F.);
#5705=ORIENTED_EDGE('',*,*,#4168,.F.);
#5706=ORIENTED_EDGE('',*,*,#4172,.F.);
#5707=ORIENTED_EDGE('',*,*,#4175,.F.);
#5708=ORIENTED_EDGE('',*,*,#4178,.F.);
#5709=ORIENTED_EDGE('',*,*,#4181,.F.);
#5710=ORIENTED_EDGE('',*,*,#4184,.F.);
#5711=ORIENTED_EDGE('',*,*,#4187,.F.);
#5712=ORIENTED_EDGE('',*,*,#4190,.F.);
#5713=ORIENTED_EDGE('',*,*,#4193,.F.);
#5714=ORIENTED_EDGE('',*,*,#4196,.F.);
#5715=ORIENTED_EDGE('',*,*,#4199,.F.);
#5716=ORIENTED_EDGE('',*,*,#4202,.F.);
#5717=ORIENTED_EDGE('',*,*,#4205,.F.);
#5718=ORIENTED_EDGE('',*,*,#4208,.F.);
#5719=ORIENTED_EDGE('',*,*,#4211,.F.);
#5720=ORIENTED_EDGE('',*,*,#4214,.F.);
#5721=ORIENTED_EDGE('',*,*,#4217,.F.);
#5722=ORIENTED_EDGE('',*,*,#4220,.F.);
#5723=ORIENTED_EDGE('',*,*,#4223,.F.);
#5724=ORIENTED_EDGE('',*,*,#4226,.F.);
#5725=ORIENTED_EDGE('',*,*,#4229,.F.);
#5726=ORIENTED_EDGE('',*,*,#4232,.F.);
#5727=ORIENTED_EDGE('',*,*,#4235,.F.);
#5728=ORIENTED_EDGE('',*,*,#4238,.F.);
#5729=ORIENTED_EDGE('',*,*,#4241,.F.);
#5730=ORIENTED_EDGE('',*,*,#4244,.F.);
#5731=ORIENTED_EDGE('',*,*,#4165,.F.);
#5732=ORIENTED_EDGE('',*,*,#4138,.F.);
#5733=ORIENTED_EDGE('',*,*,#4142,.F.);
#5734=ORIENTED_EDGE('',*,*,#4145,.F.);
#5735=ORIENTED_EDGE('',*,*,#4148,.F.);
#5736=ORIENTED_EDGE('',*,*,#4151,.F.);
#5737=ORIENTED_EDGE('',*,*,#4154,.F.);
#5738=ORIENTED_EDGE('',*,*,#4157,.F.);
#5739=ORIENTED_EDGE('',*,*,#4160,.F.);
#5740=ORIENTED_EDGE('',*,*,#4163,.F.);
#5741=ORIENTED_EDGE('',*,*,#4247,.F.);
#5742=ORIENTED_EDGE('',*,*,#4248,.T.);
#5743=ORIENTED_EDGE('',*,*,#4249,.T.);
#5744=ORIENTED_EDGE('',*,*,#4250,.F.);
#5745=ORIENTED_EDGE('',*,*,#4251,.F.);
#5746=ORIENTED_EDGE('',*,*,#4252,.T.);
#5747=ORIENTED_EDGE('',*,*,#4253,.T.);
#5748=ORIENTED_EDGE('',*,*,#4248,.F.);
#5749=ORIENTED_EDGE('',*,*,#4254,.F.);
#5750=ORIENTED_EDGE('',*,*,#4255,.T.);
#5751=ORIENTED_EDGE('',*,*,#4256,.T.);
#5752=ORIENTED_EDGE('',*,*,#4252,.F.);
#5753=ORIENTED_EDGE('',*,*,#4257,.F.);
#5754=ORIENTED_EDGE('',*,*,#4258,.T.);
#5755=ORIENTED_EDGE('',*,*,#4259,.T.);
#5756=ORIENTED_EDGE('',*,*,#4255,.F.);
#5757=ORIENTED_EDGE('',*,*,#4260,.F.);
#5758=ORIENTED_EDGE('',*,*,#4261,.T.);
#5759=ORIENTED_EDGE('',*,*,#4262,.T.);
#5760=ORIENTED_EDGE('',*,*,#4258,.F.);
#5761=ORIENTED_EDGE('',*,*,#4263,.F.);
#5762=ORIENTED_EDGE('',*,*,#4264,.T.);
#5763=ORIENTED_EDGE('',*,*,#4265,.T.);
#5764=ORIENTED_EDGE('',*,*,#4261,.F.);
#5765=ORIENTED_EDGE('',*,*,#4266,.F.);
#5766=ORIENTED_EDGE('',*,*,#4267,.T.);
#5767=ORIENTED_EDGE('',*,*,#4268,.T.);
#5768=ORIENTED_EDGE('',*,*,#4264,.F.);
#5769=ORIENTED_EDGE('',*,*,#4269,.F.);
#5770=ORIENTED_EDGE('',*,*,#4270,.T.);
#5771=ORIENTED_EDGE('',*,*,#4271,.T.);
#5772=ORIENTED_EDGE('',*,*,#4267,.F.);
#5773=ORIENTED_EDGE('',*,*,#4272,.F.);
#5774=ORIENTED_EDGE('',*,*,#4273,.T.);
#5775=ORIENTED_EDGE('',*,*,#4274,.T.);
#5776=ORIENTED_EDGE('',*,*,#4270,.F.);
#5777=ORIENTED_EDGE('',*,*,#4275,.F.);
#5778=ORIENTED_EDGE('',*,*,#4276,.T.);
#5779=ORIENTED_EDGE('',*,*,#4277,.T.);
#5780=ORIENTED_EDGE('',*,*,#4273,.F.);
#5781=ORIENTED_EDGE('',*,*,#4278,.F.);
#5782=ORIENTED_EDGE('',*,*,#4279,.T.);
#5783=ORIENTED_EDGE('',*,*,#4280,.T.);
#5784=ORIENTED_EDGE('',*,*,#4276,.F.);
#5785=ORIENTED_EDGE('',*,*,#4281,.F.);
#5786=ORIENTED_EDGE('',*,*,#4282,.T.);
#5787=ORIENTED_EDGE('',*,*,#4283,.T.);
#5788=ORIENTED_EDGE('',*,*,#4279,.F.);
#5789=ORIENTED_EDGE('',*,*,#4284,.F.);
#5790=ORIENTED_EDGE('',*,*,#4250,.T.);
#5791=ORIENTED_EDGE('',*,*,#4285,.T.);
#5792=ORIENTED_EDGE('',*,*,#4282,.F.);
#5793=ORIENTED_EDGE('',*,*,#4285,.F.);
#5794=ORIENTED_EDGE('',*,*,#4249,.F.);
#5795=ORIENTED_EDGE('',*,*,#4253,.F.);
#5796=ORIENTED_EDGE('',*,*,#4256,.F.);
#5797=ORIENTED_EDGE('',*,*,#4259,.F.);
#5798=ORIENTED_EDGE('',*,*,#4262,.F.);
#5799=ORIENTED_EDGE('',*,*,#4265,.F.);
#5800=ORIENTED_EDGE('',*,*,#4268,.F.);
#5801=ORIENTED_EDGE('',*,*,#4271,.F.);
#5802=ORIENTED_EDGE('',*,*,#4274,.F.);
#5803=ORIENTED_EDGE('',*,*,#4277,.F.);
#5804=ORIENTED_EDGE('',*,*,#4280,.F.);
#5805=ORIENTED_EDGE('',*,*,#4283,.F.);
#5806=ORIENTED_EDGE('',*,*,#4286,.F.);
#5807=ORIENTED_EDGE('',*,*,#4287,.T.);
#5808=ORIENTED_EDGE('',*,*,#4288,.T.);
#5809=ORIENTED_EDGE('',*,*,#4289,.F.);
#5810=ORIENTED_EDGE('',*,*,#4290,.F.);
#5811=ORIENTED_EDGE('',*,*,#4291,.T.);
#5812=ORIENTED_EDGE('',*,*,#4292,.T.);
#5813=ORIENTED_EDGE('',*,*,#4287,.F.);
#5814=ORIENTED_EDGE('',*,*,#4293,.F.);
#5815=ORIENTED_EDGE('',*,*,#4294,.T.);
#5816=ORIENTED_EDGE('',*,*,#4295,.T.);
#5817=ORIENTED_EDGE('',*,*,#4291,.F.);
#5818=ORIENTED_EDGE('',*,*,#4296,.F.);
#5819=ORIENTED_EDGE('',*,*,#4297,.T.);
#5820=ORIENTED_EDGE('',*,*,#4298,.T.);
#5821=ORIENTED_EDGE('',*,*,#4294,.F.);
#5822=ORIENTED_EDGE('',*,*,#4299,.F.);
#5823=ORIENTED_EDGE('',*,*,#4300,.T.);
#5824=ORIENTED_EDGE('',*,*,#4301,.T.);
#5825=ORIENTED_EDGE('',*,*,#4297,.F.);
#5826=ORIENTED_EDGE('',*,*,#4302,.F.);
#5827=ORIENTED_EDGE('',*,*,#4303,.T.);
#5828=ORIENTED_EDGE('',*,*,#4304,.T.);
#5829=ORIENTED_EDGE('',*,*,#4300,.F.);
#5830=ORIENTED_EDGE('',*,*,#4305,.F.);
#5831=ORIENTED_EDGE('',*,*,#4306,.T.);
#5832=ORIENTED_EDGE('',*,*,#4307,.T.);
#5833=ORIENTED_EDGE('',*,*,#4303,.F.);
#5834=ORIENTED_EDGE('',*,*,#4308,.F.);
#5835=ORIENTED_EDGE('',*,*,#4289,.T.);
#5836=ORIENTED_EDGE('',*,*,#4309,.T.);
#5837=ORIENTED_EDGE('',*,*,#4306,.F.);
#5838=ORIENTED_EDGE('',*,*,#4310,.F.);
#5839=ORIENTED_EDGE('',*,*,#4311,.T.);
#5840=ORIENTED_EDGE('',*,*,#4312,.T.);
#5841=ORIENTED_EDGE('',*,*,#4313,.F.);
#5842=ORIENTED_EDGE('',*,*,#4314,.F.);
#5843=ORIENTED_EDGE('',*,*,#4315,.T.);
#5844=ORIENTED_EDGE('',*,*,#4316,.T.);
#5845=ORIENTED_EDGE('',*,*,#4311,.F.);
#5846=ORIENTED_EDGE('',*,*,#4317,.F.);
#5847=ORIENTED_EDGE('',*,*,#4318,.T.);
#5848=ORIENTED_EDGE('',*,*,#4319,.T.);
#5849=ORIENTED_EDGE('',*,*,#4315,.F.);
#5850=ORIENTED_EDGE('',*,*,#4320,.F.);
#5851=ORIENTED_EDGE('',*,*,#4321,.T.);
#5852=ORIENTED_EDGE('',*,*,#4322,.T.);
#5853=ORIENTED_EDGE('',*,*,#4318,.F.);
#5854=ORIENTED_EDGE('',*,*,#4323,.F.);
#5855=ORIENTED_EDGE('',*,*,#4324,.T.);
#5856=ORIENTED_EDGE('',*,*,#4325,.T.);
#5857=ORIENTED_EDGE('',*,*,#4321,.F.);
#5858=ORIENTED_EDGE('',*,*,#4326,.F.);
#5859=ORIENTED_EDGE('',*,*,#4327,.T.);
#5860=ORIENTED_EDGE('',*,*,#4328,.T.);
#5861=ORIENTED_EDGE('',*,*,#4324,.F.);
#5862=ORIENTED_EDGE('',*,*,#4329,.F.);
#5863=ORIENTED_EDGE('',*,*,#4330,.T.);
#5864=ORIENTED_EDGE('',*,*,#4331,.T.);
#5865=ORIENTED_EDGE('',*,*,#4327,.F.);
#5866=ORIENTED_EDGE('',*,*,#4332,.F.);
#5867=ORIENTED_EDGE('',*,*,#4333,.T.);
#5868=ORIENTED_EDGE('',*,*,#4334,.T.);
#5869=ORIENTED_EDGE('',*,*,#4330,.F.);
#5870=ORIENTED_EDGE('',*,*,#4335,.F.);
#5871=ORIENTED_EDGE('',*,*,#4336,.T.);
#5872=ORIENTED_EDGE('',*,*,#4337,.T.);
#5873=ORIENTED_EDGE('',*,*,#4333,.F.);
#5874=ORIENTED_EDGE('',*,*,#4338,.F.);
#5875=ORIENTED_EDGE('',*,*,#4339,.T.);
#5876=ORIENTED_EDGE('',*,*,#4340,.T.);
#5877=ORIENTED_EDGE('',*,*,#4336,.F.);
#5878=ORIENTED_EDGE('',*,*,#4341,.F.);
#5879=ORIENTED_EDGE('',*,*,#4342,.T.);
#5880=ORIENTED_EDGE('',*,*,#4343,.T.);
#5881=ORIENTED_EDGE('',*,*,#4339,.F.);
#5882=ORIENTED_EDGE('',*,*,#4344,.F.);
#5883=ORIENTED_EDGE('',*,*,#4345,.T.);
#5884=ORIENTED_EDGE('',*,*,#4346,.T.);
#5885=ORIENTED_EDGE('',*,*,#4342,.F.);
#5886=ORIENTED_EDGE('',*,*,#4347,.F.);
#5887=ORIENTED_EDGE('',*,*,#4348,.T.);
#5888=ORIENTED_EDGE('',*,*,#4349,.T.);
#5889=ORIENTED_EDGE('',*,*,#4345,.F.);
#5890=ORIENTED_EDGE('',*,*,#4350,.F.);
#5891=ORIENTED_EDGE('',*,*,#4351,.T.);
#5892=ORIENTED_EDGE('',*,*,#4352,.T.);
#5893=ORIENTED_EDGE('',*,*,#4348,.F.);
#5894=ORIENTED_EDGE('',*,*,#4353,.F.);
#5895=ORIENTED_EDGE('',*,*,#4313,.T.);
#5896=ORIENTED_EDGE('',*,*,#4354,.T.);
#5897=ORIENTED_EDGE('',*,*,#4351,.F.);
#5898=ORIENTED_EDGE('',*,*,#4354,.F.);
#5899=ORIENTED_EDGE('',*,*,#4312,.F.);
#5900=ORIENTED_EDGE('',*,*,#4316,.F.);
#5901=ORIENTED_EDGE('',*,*,#4319,.F.);
#5902=ORIENTED_EDGE('',*,*,#4322,.F.);
#5903=ORIENTED_EDGE('',*,*,#4325,.F.);
#5904=ORIENTED_EDGE('',*,*,#4328,.F.);
#5905=ORIENTED_EDGE('',*,*,#4331,.F.);
#5906=ORIENTED_EDGE('',*,*,#4334,.F.);
#5907=ORIENTED_EDGE('',*,*,#4337,.F.);
#5908=ORIENTED_EDGE('',*,*,#4340,.F.);
#5909=ORIENTED_EDGE('',*,*,#4343,.F.);
#5910=ORIENTED_EDGE('',*,*,#4346,.F.);
#5911=ORIENTED_EDGE('',*,*,#4349,.F.);
#5912=ORIENTED_EDGE('',*,*,#4352,.F.);
#5913=ORIENTED_EDGE('',*,*,#4309,.F.);
#5914=ORIENTED_EDGE('',*,*,#4288,.F.);
#5915=ORIENTED_EDGE('',*,*,#4292,.F.);
#5916=ORIENTED_EDGE('',*,*,#4295,.F.);
#5917=ORIENTED_EDGE('',*,*,#4298,.F.);
#5918=ORIENTED_EDGE('',*,*,#4301,.F.);
#5919=ORIENTED_EDGE('',*,*,#4304,.F.);
#5920=ORIENTED_EDGE('',*,*,#4307,.F.);
#5921=ORIENTED_EDGE('',*,*,#4355,.F.);
#5922=ORIENTED_EDGE('',*,*,#4356,.T.);
#5923=ORIENTED_EDGE('',*,*,#4357,.T.);
#5924=ORIENTED_EDGE('',*,*,#4358,.F.);
#5925=ORIENTED_EDGE('',*,*,#4359,.F.);
#5926=ORIENTED_EDGE('',*,*,#4360,.T.);
#5927=ORIENTED_EDGE('',*,*,#4361,.T.);
#5928=ORIENTED_EDGE('',*,*,#4356,.F.);
#5929=ORIENTED_EDGE('',*,*,#4362,.F.);
#5930=ORIENTED_EDGE('',*,*,#4363,.T.);
#5931=ORIENTED_EDGE('',*,*,#4364,.T.);
#5932=ORIENTED_EDGE('',*,*,#4360,.F.);
#5933=ORIENTED_EDGE('',*,*,#4365,.F.);
#5934=ORIENTED_EDGE('',*,*,#4366,.T.);
#5935=ORIENTED_EDGE('',*,*,#4367,.T.);
#5936=ORIENTED_EDGE('',*,*,#4363,.F.);
#5937=ORIENTED_EDGE('',*,*,#4368,.F.);
#5938=ORIENTED_EDGE('',*,*,#4369,.T.);
#5939=ORIENTED_EDGE('',*,*,#4370,.T.);
#5940=ORIENTED_EDGE('',*,*,#4366,.F.);
#5941=ORIENTED_EDGE('',*,*,#4371,.F.);
#5942=ORIENTED_EDGE('',*,*,#4372,.T.);
#5943=ORIENTED_EDGE('',*,*,#4373,.T.);
#5944=ORIENTED_EDGE('',*,*,#4369,.F.);
#5945=ORIENTED_EDGE('',*,*,#4374,.F.);
#5946=ORIENTED_EDGE('',*,*,#4375,.T.);
#5947=ORIENTED_EDGE('',*,*,#4376,.T.);
#5948=ORIENTED_EDGE('',*,*,#4372,.F.);
#5949=ORIENTED_EDGE('',*,*,#4377,.F.);
#5950=ORIENTED_EDGE('',*,*,#4378,.T.);
#5951=ORIENTED_EDGE('',*,*,#4379,.T.);
#5952=ORIENTED_EDGE('',*,*,#4375,.F.);
#5953=ORIENTED_EDGE('',*,*,#4380,.F.);
#5954=ORIENTED_EDGE('',*,*,#4381,.T.);
#5955=ORIENTED_EDGE('',*,*,#4382,.T.);
#5956=ORIENTED_EDGE('',*,*,#4378,.F.);
#5957=ORIENTED_EDGE('',*,*,#4383,.F.);
#5958=ORIENTED_EDGE('',*,*,#4358,.T.);
#5959=ORIENTED_EDGE('',*,*,#4384,.T.);
#5960=ORIENTED_EDGE('',*,*,#4381,.F.);
#5961=ORIENTED_EDGE('',*,*,#4385,.F.);
#5962=ORIENTED_EDGE('',*,*,#4386,.T.);
#5963=ORIENTED_EDGE('',*,*,#4387,.T.);
#5964=ORIENTED_EDGE('',*,*,#4388,.F.);
#5965=ORIENTED_EDGE('',*,*,#4389,.F.);
#5966=ORIENTED_EDGE('',*,*,#4390,.T.);
#5967=ORIENTED_EDGE('',*,*,#4391,.T.);
#5968=ORIENTED_EDGE('',*,*,#4386,.F.);
#5969=ORIENTED_EDGE('',*,*,#4392,.F.);
#5970=ORIENTED_EDGE('',*,*,#4393,.T.);
#5971=ORIENTED_EDGE('',*,*,#4394,.T.);
#5972=ORIENTED_EDGE('',*,*,#4390,.F.);
#5973=ORIENTED_EDGE('',*,*,#4395,.F.);
#5974=ORIENTED_EDGE('',*,*,#4396,.T.);
#5975=ORIENTED_EDGE('',*,*,#4397,.T.);
#5976=ORIENTED_EDGE('',*,*,#4393,.F.);
#5977=ORIENTED_EDGE('',*,*,#4398,.F.);
#5978=ORIENTED_EDGE('',*,*,#4399,.T.);
#5979=ORIENTED_EDGE('',*,*,#4400,.T.);
#5980=ORIENTED_EDGE('',*,*,#4396,.F.);
#5981=ORIENTED_EDGE('',*,*,#4401,.F.);
#5982=ORIENTED_EDGE('',*,*,#4402,.T.);
#5983=ORIENTED_EDGE('',*,*,#4403,.T.);
#5984=ORIENTED_EDGE('',*,*,#4399,.F.);
#5985=ORIENTED_EDGE('',*,*,#4404,.F.);
#5986=ORIENTED_EDGE('',*,*,#4405,.T.);
#5987=ORIENTED_EDGE('',*,*,#4406,.T.);
#5988=ORIENTED_EDGE('',*,*,#4402,.F.);
#5989=ORIENTED_EDGE('',*,*,#4407,.F.);
#5990=ORIENTED_EDGE('',*,*,#4408,.T.);
#5991=ORIENTED_EDGE('',*,*,#4409,.T.);
#5992=ORIENTED_EDGE('',*,*,#4405,.F.);
#5993=ORIENTED_EDGE('',*,*,#4410,.F.);
#5994=ORIENTED_EDGE('',*,*,#4411,.T.);
#5995=ORIENTED_EDGE('',*,*,#4412,.T.);
#5996=ORIENTED_EDGE('',*,*,#4408,.F.);
#5997=ORIENTED_EDGE('',*,*,#4413,.F.);
#5998=ORIENTED_EDGE('',*,*,#4414,.T.);
#5999=ORIENTED_EDGE('',*,*,#4415,.T.);
#6000=ORIENTED_EDGE('',*,*,#4411,.F.);
#6001=ORIENTED_EDGE('',*,*,#4416,.F.);
#6002=ORIENTED_EDGE('',*,*,#4417,.T.);
#6003=ORIENTED_EDGE('',*,*,#4418,.T.);
#6004=ORIENTED_EDGE('',*,*,#4414,.F.);
#6005=ORIENTED_EDGE('',*,*,#4419,.F.);
#6006=ORIENTED_EDGE('',*,*,#4420,.T.);
#6007=ORIENTED_EDGE('',*,*,#4421,.T.);
#6008=ORIENTED_EDGE('',*,*,#4417,.F.);
#6009=ORIENTED_EDGE('',*,*,#4422,.F.);
#6010=ORIENTED_EDGE('',*,*,#4423,.T.);
#6011=ORIENTED_EDGE('',*,*,#4424,.T.);
#6012=ORIENTED_EDGE('',*,*,#4420,.F.);
#6013=ORIENTED_EDGE('',*,*,#4425,.F.);
#6014=ORIENTED_EDGE('',*,*,#4426,.T.);
#6015=ORIENTED_EDGE('',*,*,#4427,.T.);
#6016=ORIENTED_EDGE('',*,*,#4423,.F.);
#6017=ORIENTED_EDGE('',*,*,#4428,.F.);
#6018=ORIENTED_EDGE('',*,*,#4429,.T.);
#6019=ORIENTED_EDGE('',*,*,#4430,.T.);
#6020=ORIENTED_EDGE('',*,*,#4426,.F.);
#6021=ORIENTED_EDGE('',*,*,#4431,.F.);
#6022=ORIENTED_EDGE('',*,*,#4432,.T.);
#6023=ORIENTED_EDGE('',*,*,#4433,.T.);
#6024=ORIENTED_EDGE('',*,*,#4429,.F.);
#6025=ORIENTED_EDGE('',*,*,#4434,.F.);
#6026=ORIENTED_EDGE('',*,*,#4435,.T.);
#6027=ORIENTED_EDGE('',*,*,#4436,.T.);
#6028=ORIENTED_EDGE('',*,*,#4432,.F.);
#6029=ORIENTED_EDGE('',*,*,#4437,.F.);
#6030=ORIENTED_EDGE('',*,*,#4438,.T.);
#6031=ORIENTED_EDGE('',*,*,#4439,.T.);
#6032=ORIENTED_EDGE('',*,*,#4435,.F.);
#6033=ORIENTED_EDGE('',*,*,#4440,.F.);
#6034=ORIENTED_EDGE('',*,*,#4441,.T.);
#6035=ORIENTED_EDGE('',*,*,#4442,.T.);
#6036=ORIENTED_EDGE('',*,*,#4438,.F.);
#6037=ORIENTED_EDGE('',*,*,#4443,.F.);
#6038=ORIENTED_EDGE('',*,*,#4444,.T.);
#6039=ORIENTED_EDGE('',*,*,#4445,.T.);
#6040=ORIENTED_EDGE('',*,*,#4441,.F.);
#6041=ORIENTED_EDGE('',*,*,#4446,.F.);
#6042=ORIENTED_EDGE('',*,*,#4447,.T.);
#6043=ORIENTED_EDGE('',*,*,#4448,.T.);
#6044=ORIENTED_EDGE('',*,*,#4444,.F.);
#6045=ORIENTED_EDGE('',*,*,#4449,.F.);
#6046=ORIENTED_EDGE('',*,*,#4450,.T.);
#6047=ORIENTED_EDGE('',*,*,#4451,.T.);
#6048=ORIENTED_EDGE('',*,*,#4447,.F.);
#6049=ORIENTED_EDGE('',*,*,#4452,.F.);
#6050=ORIENTED_EDGE('',*,*,#4453,.T.);
#6051=ORIENTED_EDGE('',*,*,#4454,.T.);
#6052=ORIENTED_EDGE('',*,*,#4450,.F.);
#6053=ORIENTED_EDGE('',*,*,#4455,.F.);
#6054=ORIENTED_EDGE('',*,*,#4456,.T.);
#6055=ORIENTED_EDGE('',*,*,#4457,.T.);
#6056=ORIENTED_EDGE('',*,*,#4453,.F.);
#6057=ORIENTED_EDGE('',*,*,#4458,.F.);
#6058=ORIENTED_EDGE('',*,*,#4459,.T.);
#6059=ORIENTED_EDGE('',*,*,#4460,.T.);
#6060=ORIENTED_EDGE('',*,*,#4456,.F.);
#6061=ORIENTED_EDGE('',*,*,#4461,.F.);
#6062=ORIENTED_EDGE('',*,*,#4462,.T.);
#6063=ORIENTED_EDGE('',*,*,#4463,.T.);
#6064=ORIENTED_EDGE('',*,*,#4459,.F.);
#6065=ORIENTED_EDGE('',*,*,#4464,.F.);
#6066=ORIENTED_EDGE('',*,*,#4388,.T.);
#6067=ORIENTED_EDGE('',*,*,#4465,.T.);
#6068=ORIENTED_EDGE('',*,*,#4462,.F.);
#6069=ORIENTED_EDGE('',*,*,#4465,.F.);
#6070=ORIENTED_EDGE('',*,*,#4387,.F.);
#6071=ORIENTED_EDGE('',*,*,#4391,.F.);
#6072=ORIENTED_EDGE('',*,*,#4394,.F.);
#6073=ORIENTED_EDGE('',*,*,#4397,.F.);
#6074=ORIENTED_EDGE('',*,*,#4400,.F.);
#6075=ORIENTED_EDGE('',*,*,#4403,.F.);
#6076=ORIENTED_EDGE('',*,*,#4406,.F.);
#6077=ORIENTED_EDGE('',*,*,#4409,.F.);
#6078=ORIENTED_EDGE('',*,*,#4412,.F.);
#6079=ORIENTED_EDGE('',*,*,#4415,.F.);
#6080=ORIENTED_EDGE('',*,*,#4418,.F.);
#6081=ORIENTED_EDGE('',*,*,#4421,.F.);
#6082=ORIENTED_EDGE('',*,*,#4424,.F.);
#6083=ORIENTED_EDGE('',*,*,#4427,.F.);
#6084=ORIENTED_EDGE('',*,*,#4430,.F.);
#6085=ORIENTED_EDGE('',*,*,#4433,.F.);
#6086=ORIENTED_EDGE('',*,*,#4436,.F.);
#6087=ORIENTED_EDGE('',*,*,#4439,.F.);
#6088=ORIENTED_EDGE('',*,*,#4442,.F.);
#6089=ORIENTED_EDGE('',*,*,#4445,.F.);
#6090=ORIENTED_EDGE('',*,*,#4448,.F.);
#6091=ORIENTED_EDGE('',*,*,#4451,.F.);
#6092=ORIENTED_EDGE('',*,*,#4454,.F.);
#6093=ORIENTED_EDGE('',*,*,#4457,.F.);
#6094=ORIENTED_EDGE('',*,*,#4460,.F.);
#6095=ORIENTED_EDGE('',*,*,#4463,.F.);
#6096=ORIENTED_EDGE('',*,*,#4384,.F.);
#6097=ORIENTED_EDGE('',*,*,#4357,.F.);
#6098=ORIENTED_EDGE('',*,*,#4361,.F.);
#6099=ORIENTED_EDGE('',*,*,#4364,.F.);
#6100=ORIENTED_EDGE('',*,*,#4367,.F.);
#6101=ORIENTED_EDGE('',*,*,#4370,.F.);
#6102=ORIENTED_EDGE('',*,*,#4373,.F.);
#6103=ORIENTED_EDGE('',*,*,#4376,.F.);
#6104=ORIENTED_EDGE('',*,*,#4379,.F.);
#6105=ORIENTED_EDGE('',*,*,#4382,.F.);
#6106=ORIENTED_EDGE('',*,*,#4466,.F.);
#6107=ORIENTED_EDGE('',*,*,#4467,.T.);
#6108=ORIENTED_EDGE('',*,*,#4468,.T.);
#6109=ORIENTED_EDGE('',*,*,#4469,.F.);
#6110=ORIENTED_EDGE('',*,*,#4470,.F.);
#6111=ORIENTED_EDGE('',*,*,#4471,.T.);
#6112=ORIENTED_EDGE('',*,*,#4472,.T.);
#6113=ORIENTED_EDGE('',*,*,#4467,.F.);
#6114=ORIENTED_EDGE('',*,*,#4473,.F.);
#6115=ORIENTED_EDGE('',*,*,#4474,.T.);
#6116=ORIENTED_EDGE('',*,*,#4475,.T.);
#6117=ORIENTED_EDGE('',*,*,#4471,.F.);
#6118=ORIENTED_EDGE('',*,*,#4476,.F.);
#6119=ORIENTED_EDGE('',*,*,#4477,.T.);
#6120=ORIENTED_EDGE('',*,*,#4478,.T.);
#6121=ORIENTED_EDGE('',*,*,#4474,.F.);
#6122=ORIENTED_EDGE('',*,*,#4479,.F.);
#6123=ORIENTED_EDGE('',*,*,#4480,.T.);
#6124=ORIENTED_EDGE('',*,*,#4481,.T.);
#6125=ORIENTED_EDGE('',*,*,#4477,.F.);
#6126=ORIENTED_EDGE('',*,*,#4482,.F.);
#6127=ORIENTED_EDGE('',*,*,#4483,.T.);
#6128=ORIENTED_EDGE('',*,*,#4484,.T.);
#6129=ORIENTED_EDGE('',*,*,#4480,.F.);
#6130=ORIENTED_EDGE('',*,*,#4485,.F.);
#6131=ORIENTED_EDGE('',*,*,#4486,.T.);
#6132=ORIENTED_EDGE('',*,*,#4487,.T.);
#6133=ORIENTED_EDGE('',*,*,#4483,.F.);
#6134=ORIENTED_EDGE('',*,*,#4488,.F.);
#6135=ORIENTED_EDGE('',*,*,#4469,.T.);
#6136=ORIENTED_EDGE('',*,*,#4489,.T.);
#6137=ORIENTED_EDGE('',*,*,#4486,.F.);
#6138=ORIENTED_EDGE('',*,*,#4490,.F.);
#6139=ORIENTED_EDGE('',*,*,#4491,.T.);
#6140=ORIENTED_EDGE('',*,*,#4492,.T.);
#6141=ORIENTED_EDGE('',*,*,#4493,.F.);
#6142=ORIENTED_EDGE('',*,*,#4494,.F.);
#6143=ORIENTED_EDGE('',*,*,#4495,.T.);
#6144=ORIENTED_EDGE('',*,*,#4496,.T.);
#6145=ORIENTED_EDGE('',*,*,#4491,.F.);
#6146=ORIENTED_EDGE('',*,*,#4497,.F.);
#6147=ORIENTED_EDGE('',*,*,#4498,.T.);
#6148=ORIENTED_EDGE('',*,*,#4499,.T.);
#6149=ORIENTED_EDGE('',*,*,#4495,.F.);
#6150=ORIENTED_EDGE('',*,*,#4500,.F.);
#6151=ORIENTED_EDGE('',*,*,#4501,.T.);
#6152=ORIENTED_EDGE('',*,*,#4502,.T.);
#6153=ORIENTED_EDGE('',*,*,#4498,.F.);
#6154=ORIENTED_EDGE('',*,*,#4503,.F.);
#6155=ORIENTED_EDGE('',*,*,#4504,.T.);
#6156=ORIENTED_EDGE('',*,*,#4505,.T.);
#6157=ORIENTED_EDGE('',*,*,#4501,.F.);
#6158=ORIENTED_EDGE('',*,*,#4506,.F.);
#6159=ORIENTED_EDGE('',*,*,#4507,.T.);
#6160=ORIENTED_EDGE('',*,*,#4508,.T.);
#6161=ORIENTED_EDGE('',*,*,#4504,.F.);
#6162=ORIENTED_EDGE('',*,*,#4509,.F.);
#6163=ORIENTED_EDGE('',*,*,#4510,.T.);
#6164=ORIENTED_EDGE('',*,*,#4511,.T.);
#6165=ORIENTED_EDGE('',*,*,#4507,.F.);
#6166=ORIENTED_EDGE('',*,*,#4512,.F.);
#6167=ORIENTED_EDGE('',*,*,#4513,.T.);
#6168=ORIENTED_EDGE('',*,*,#4514,.T.);
#6169=ORIENTED_EDGE('',*,*,#4510,.F.);
#6170=ORIENTED_EDGE('',*,*,#4515,.F.);
#6171=ORIENTED_EDGE('',*,*,#4493,.T.);
#6172=ORIENTED_EDGE('',*,*,#4516,.T.);
#6173=ORIENTED_EDGE('',*,*,#4513,.F.);
#6174=ORIENTED_EDGE('',*,*,#4516,.F.);
#6175=ORIENTED_EDGE('',*,*,#4492,.F.);
#6176=ORIENTED_EDGE('',*,*,#4496,.F.);
#6177=ORIENTED_EDGE('',*,*,#4499,.F.);
#6178=ORIENTED_EDGE('',*,*,#4502,.F.);
#6179=ORIENTED_EDGE('',*,*,#4505,.F.);
#6180=ORIENTED_EDGE('',*,*,#4508,.F.);
#6181=ORIENTED_EDGE('',*,*,#4511,.F.);
#6182=ORIENTED_EDGE('',*,*,#4514,.F.);
#6183=ORIENTED_EDGE('',*,*,#4489,.F.);
#6184=ORIENTED_EDGE('',*,*,#4468,.F.);
#6185=ORIENTED_EDGE('',*,*,#4472,.F.);
#6186=ORIENTED_EDGE('',*,*,#4475,.F.);
#6187=ORIENTED_EDGE('',*,*,#4478,.F.);
#6188=ORIENTED_EDGE('',*,*,#4481,.F.);
#6189=ORIENTED_EDGE('',*,*,#4484,.F.);
#6190=ORIENTED_EDGE('',*,*,#4487,.F.);
#6191=ORIENTED_EDGE('',*,*,#4517,.F.);
#6192=ORIENTED_EDGE('',*,*,#4518,.T.);
#6193=ORIENTED_EDGE('',*,*,#4519,.T.);
#6194=ORIENTED_EDGE('',*,*,#4520,.F.);
#6195=ORIENTED_EDGE('',*,*,#4521,.F.);
#6196=ORIENTED_EDGE('',*,*,#4522,.T.);
#6197=ORIENTED_EDGE('',*,*,#4523,.T.);
#6198=ORIENTED_EDGE('',*,*,#4518,.F.);
#6199=ORIENTED_EDGE('',*,*,#4524,.F.);
#6200=ORIENTED_EDGE('',*,*,#4525,.T.);
#6201=ORIENTED_EDGE('',*,*,#4526,.T.);
#6202=ORIENTED_EDGE('',*,*,#4522,.F.);
#6203=ORIENTED_EDGE('',*,*,#4527,.F.);
#6204=ORIENTED_EDGE('',*,*,#4528,.T.);
#6205=ORIENTED_EDGE('',*,*,#4529,.T.);
#6206=ORIENTED_EDGE('',*,*,#4525,.F.);
#6207=ORIENTED_EDGE('',*,*,#4530,.F.);
#6208=ORIENTED_EDGE('',*,*,#4531,.T.);
#6209=ORIENTED_EDGE('',*,*,#4532,.T.);
#6210=ORIENTED_EDGE('',*,*,#4528,.F.);
#6211=ORIENTED_EDGE('',*,*,#4533,.F.);
#6212=ORIENTED_EDGE('',*,*,#4534,.T.);
#6213=ORIENTED_EDGE('',*,*,#4535,.T.);
#6214=ORIENTED_EDGE('',*,*,#4531,.F.);
#6215=ORIENTED_EDGE('',*,*,#4536,.F.);
#6216=ORIENTED_EDGE('',*,*,#4537,.T.);
#6217=ORIENTED_EDGE('',*,*,#4538,.T.);
#6218=ORIENTED_EDGE('',*,*,#4534,.F.);
#6219=ORIENTED_EDGE('',*,*,#4539,.F.);
#6220=ORIENTED_EDGE('',*,*,#4540,.T.);
#6221=ORIENTED_EDGE('',*,*,#4541,.T.);
#6222=ORIENTED_EDGE('',*,*,#4537,.F.);
#6223=ORIENTED_EDGE('',*,*,#4542,.F.);
#6224=ORIENTED_EDGE('',*,*,#4543,.T.);
#6225=ORIENTED_EDGE('',*,*,#4544,.T.);
#6226=ORIENTED_EDGE('',*,*,#4540,.F.);
#6227=ORIENTED_EDGE('',*,*,#4545,.F.);
#6228=ORIENTED_EDGE('',*,*,#4546,.T.);
#6229=ORIENTED_EDGE('',*,*,#4547,.T.);
#6230=ORIENTED_EDGE('',*,*,#4543,.F.);
#6231=ORIENTED_EDGE('',*,*,#4548,.F.);
#6232=ORIENTED_EDGE('',*,*,#4549,.T.);
#6233=ORIENTED_EDGE('',*,*,#4550,.T.);
#6234=ORIENTED_EDGE('',*,*,#4546,.F.);
#6235=ORIENTED_EDGE('',*,*,#4551,.F.);
#6236=ORIENTED_EDGE('',*,*,#4520,.T.);
#6237=ORIENTED_EDGE('',*,*,#4552,.T.);
#6238=ORIENTED_EDGE('',*,*,#4549,.F.);
#6239=ORIENTED_EDGE('',*,*,#4552,.F.);
#6240=ORIENTED_EDGE('',*,*,#4519,.F.);
#6241=ORIENTED_EDGE('',*,*,#4523,.F.);
#6242=ORIENTED_EDGE('',*,*,#4526,.F.);
#6243=ORIENTED_EDGE('',*,*,#4529,.F.);
#6244=ORIENTED_EDGE('',*,*,#4532,.F.);
#6245=ORIENTED_EDGE('',*,*,#4535,.F.);
#6246=ORIENTED_EDGE('',*,*,#4538,.F.);
#6247=ORIENTED_EDGE('',*,*,#4541,.F.);
#6248=ORIENTED_EDGE('',*,*,#4544,.F.);
#6249=ORIENTED_EDGE('',*,*,#4547,.F.);
#6250=ORIENTED_EDGE('',*,*,#4550,.F.);
#6251=ORIENTED_EDGE('',*,*,#4553,.F.);
#6252=ORIENTED_EDGE('',*,*,#4554,.T.);
#6253=ORIENTED_EDGE('',*,*,#4555,.T.);
#6254=ORIENTED_EDGE('',*,*,#4556,.F.);
#6255=ORIENTED_EDGE('',*,*,#4557,.F.);
#6256=ORIENTED_EDGE('',*,*,#4558,.T.);
#6257=ORIENTED_EDGE('',*,*,#4559,.T.);
#6258=ORIENTED_EDGE('',*,*,#4554,.F.);
#6259=ORIENTED_EDGE('',*,*,#4560,.F.);
#6260=ORIENTED_EDGE('',*,*,#4561,.T.);
#6261=ORIENTED_EDGE('',*,*,#4562,.T.);
#6262=ORIENTED_EDGE('',*,*,#4558,.F.);
#6263=ORIENTED_EDGE('',*,*,#4563,.F.);
#6264=ORIENTED_EDGE('',*,*,#4564,.T.);
#6265=ORIENTED_EDGE('',*,*,#4565,.T.);
#6266=ORIENTED_EDGE('',*,*,#4561,.F.);
#6267=ORIENTED_EDGE('',*,*,#4566,.F.);
#6268=ORIENTED_EDGE('',*,*,#4567,.T.);
#6269=ORIENTED_EDGE('',*,*,#4568,.T.);
#6270=ORIENTED_EDGE('',*,*,#4564,.F.);
#6271=ORIENTED_EDGE('',*,*,#4569,.F.);
#6272=ORIENTED_EDGE('',*,*,#4570,.T.);
#6273=ORIENTED_EDGE('',*,*,#4571,.T.);
#6274=ORIENTED_EDGE('',*,*,#4567,.F.);
#6275=ORIENTED_EDGE('',*,*,#4572,.F.);
#6276=ORIENTED_EDGE('',*,*,#4573,.T.);
#6277=ORIENTED_EDGE('',*,*,#4574,.T.);
#6278=ORIENTED_EDGE('',*,*,#4570,.F.);
#6279=ORIENTED_EDGE('',*,*,#4575,.F.);
#6280=ORIENTED_EDGE('',*,*,#4576,.T.);
#6281=ORIENTED_EDGE('',*,*,#4577,.T.);
#6282=ORIENTED_EDGE('',*,*,#4573,.F.);
#6283=ORIENTED_EDGE('',*,*,#4578,.F.);
#6284=ORIENTED_EDGE('',*,*,#4579,.T.);
#6285=ORIENTED_EDGE('',*,*,#4580,.T.);
#6286=ORIENTED_EDGE('',*,*,#4576,.F.);
#6287=ORIENTED_EDGE('',*,*,#4581,.F.);
#6288=ORIENTED_EDGE('',*,*,#4582,.T.);
#6289=ORIENTED_EDGE('',*,*,#4583,.T.);
#6290=ORIENTED_EDGE('',*,*,#4579,.F.);
#6291=ORIENTED_EDGE('',*,*,#4584,.F.);
#6292=ORIENTED_EDGE('',*,*,#4585,.T.);
#6293=ORIENTED_EDGE('',*,*,#4586,.T.);
#6294=ORIENTED_EDGE('',*,*,#4582,.F.);
#6295=ORIENTED_EDGE('',*,*,#4587,.F.);
#6296=ORIENTED_EDGE('',*,*,#4588,.T.);
#6297=ORIENTED_EDGE('',*,*,#4589,.T.);
#6298=ORIENTED_EDGE('',*,*,#4585,.F.);
#6299=ORIENTED_EDGE('',*,*,#4590,.F.);
#6300=ORIENTED_EDGE('',*,*,#4591,.T.);
#6301=ORIENTED_EDGE('',*,*,#4592,.T.);
#6302=ORIENTED_EDGE('',*,*,#4588,.F.);
#6303=ORIENTED_EDGE('',*,*,#4593,.F.);
#6304=ORIENTED_EDGE('',*,*,#4594,.T.);
#6305=ORIENTED_EDGE('',*,*,#4595,.T.);
#6306=ORIENTED_EDGE('',*,*,#4591,.F.);
#6307=ORIENTED_EDGE('',*,*,#4596,.F.);
#6308=ORIENTED_EDGE('',*,*,#4556,.T.);
#6309=ORIENTED_EDGE('',*,*,#4597,.T.);
#6310=ORIENTED_EDGE('',*,*,#4594,.F.);
#6311=ORIENTED_EDGE('',*,*,#4597,.F.);
#6312=ORIENTED_EDGE('',*,*,#4555,.F.);
#6313=ORIENTED_EDGE('',*,*,#4559,.F.);
#6314=ORIENTED_EDGE('',*,*,#4562,.F.);
#6315=ORIENTED_EDGE('',*,*,#4565,.F.);
#6316=ORIENTED_EDGE('',*,*,#4568,.F.);
#6317=ORIENTED_EDGE('',*,*,#4571,.F.);
#6318=ORIENTED_EDGE('',*,*,#4574,.F.);
#6319=ORIENTED_EDGE('',*,*,#4577,.F.);
#6320=ORIENTED_EDGE('',*,*,#4580,.F.);
#6321=ORIENTED_EDGE('',*,*,#4583,.F.);
#6322=ORIENTED_EDGE('',*,*,#4586,.F.);
#6323=ORIENTED_EDGE('',*,*,#4589,.F.);
#6324=ORIENTED_EDGE('',*,*,#4592,.F.);
#6325=ORIENTED_EDGE('',*,*,#4595,.F.);
#6326=ORIENTED_EDGE('',*,*,#4598,.F.);
#6327=ORIENTED_EDGE('',*,*,#4599,.T.);
#6328=ORIENTED_EDGE('',*,*,#4600,.T.);
#6329=ORIENTED_EDGE('',*,*,#4601,.F.);
#6330=ORIENTED_EDGE('',*,*,#4602,.F.);
#6331=ORIENTED_EDGE('',*,*,#4603,.T.);
#6332=ORIENTED_EDGE('',*,*,#4604,.T.);
#6333=ORIENTED_EDGE('',*,*,#4599,.F.);
#6334=ORIENTED_EDGE('',*,*,#4605,.F.);
#6335=ORIENTED_EDGE('',*,*,#4606,.T.);
#6336=ORIENTED_EDGE('',*,*,#4607,.T.);
#6337=ORIENTED_EDGE('',*,*,#4603,.F.);
#6338=ORIENTED_EDGE('',*,*,#4608,.F.);
#6339=ORIENTED_EDGE('',*,*,#4609,.T.);
#6340=ORIENTED_EDGE('',*,*,#4610,.T.);
#6341=ORIENTED_EDGE('',*,*,#4606,.F.);
#6342=ORIENTED_EDGE('',*,*,#4611,.F.);
#6343=ORIENTED_EDGE('',*,*,#4612,.T.);
#6344=ORIENTED_EDGE('',*,*,#4613,.T.);
#6345=ORIENTED_EDGE('',*,*,#4609,.F.);
#6346=ORIENTED_EDGE('',*,*,#4614,.F.);
#6347=ORIENTED_EDGE('',*,*,#4615,.T.);
#6348=ORIENTED_EDGE('',*,*,#4616,.T.);
#6349=ORIENTED_EDGE('',*,*,#4612,.F.);
#6350=ORIENTED_EDGE('',*,*,#4617,.F.);
#6351=ORIENTED_EDGE('',*,*,#4618,.T.);
#6352=ORIENTED_EDGE('',*,*,#4619,.T.);
#6353=ORIENTED_EDGE('',*,*,#4615,.F.);
#6354=ORIENTED_EDGE('',*,*,#4620,.F.);
#6355=ORIENTED_EDGE('',*,*,#4601,.T.);
#6356=ORIENTED_EDGE('',*,*,#4621,.T.);
#6357=ORIENTED_EDGE('',*,*,#4618,.F.);
#6358=ORIENTED_EDGE('',*,*,#4622,.F.);
#6359=ORIENTED_EDGE('',*,*,#4623,.T.);
#6360=ORIENTED_EDGE('',*,*,#4624,.T.);
#6361=ORIENTED_EDGE('',*,*,#4625,.F.);
#6362=ORIENTED_EDGE('',*,*,#4626,.F.);
#6363=ORIENTED_EDGE('',*,*,#4627,.T.);
#6364=ORIENTED_EDGE('',*,*,#4628,.T.);
#6365=ORIENTED_EDGE('',*,*,#4623,.F.);
#6366=ORIENTED_EDGE('',*,*,#4629,.F.);
#6367=ORIENTED_EDGE('',*,*,#4630,.T.);
#6368=ORIENTED_EDGE('',*,*,#4631,.T.);
#6369=ORIENTED_EDGE('',*,*,#4627,.F.);
#6370=ORIENTED_EDGE('',*,*,#4632,.F.);
#6371=ORIENTED_EDGE('',*,*,#4633,.T.);
#6372=ORIENTED_EDGE('',*,*,#4634,.T.);
#6373=ORIENTED_EDGE('',*,*,#4630,.F.);
#6374=ORIENTED_EDGE('',*,*,#4635,.F.);
#6375=ORIENTED_EDGE('',*,*,#4636,.T.);
#6376=ORIENTED_EDGE('',*,*,#4637,.T.);
#6377=ORIENTED_EDGE('',*,*,#4633,.F.);
#6378=ORIENTED_EDGE('',*,*,#4638,.F.);
#6379=ORIENTED_EDGE('',*,*,#4639,.T.);
#6380=ORIENTED_EDGE('',*,*,#4640,.T.);
#6381=ORIENTED_EDGE('',*,*,#4636,.F.);
#6382=ORIENTED_EDGE('',*,*,#4641,.F.);
#6383=ORIENTED_EDGE('',*,*,#4642,.T.);
#6384=ORIENTED_EDGE('',*,*,#4643,.T.);
#6385=ORIENTED_EDGE('',*,*,#4639,.F.);
#6386=ORIENTED_EDGE('',*,*,#4644,.F.);
#6387=ORIENTED_EDGE('',*,*,#4645,.T.);
#6388=ORIENTED_EDGE('',*,*,#4646,.T.);
#6389=ORIENTED_EDGE('',*,*,#4642,.F.);
#6390=ORIENTED_EDGE('',*,*,#4647,.F.);
#6391=ORIENTED_EDGE('',*,*,#4648,.T.);
#6392=ORIENTED_EDGE('',*,*,#4649,.T.);
#6393=ORIENTED_EDGE('',*,*,#4645,.F.);
#6394=ORIENTED_EDGE('',*,*,#4650,.F.);
#6395=ORIENTED_EDGE('',*,*,#4651,.T.);
#6396=ORIENTED_EDGE('',*,*,#4652,.T.);
#6397=ORIENTED_EDGE('',*,*,#4648,.F.);
#6398=ORIENTED_EDGE('',*,*,#4653,.F.);
#6399=ORIENTED_EDGE('',*,*,#4654,.T.);
#6400=ORIENTED_EDGE('',*,*,#4655,.T.);
#6401=ORIENTED_EDGE('',*,*,#4651,.F.);
#6402=ORIENTED_EDGE('',*,*,#4656,.F.);
#6403=ORIENTED_EDGE('',*,*,#4657,.T.);
#6404=ORIENTED_EDGE('',*,*,#4658,.T.);
#6405=ORIENTED_EDGE('',*,*,#4654,.F.);
#6406=ORIENTED_EDGE('',*,*,#4659,.F.);
#6407=ORIENTED_EDGE('',*,*,#4660,.T.);
#6408=ORIENTED_EDGE('',*,*,#4661,.T.);
#6409=ORIENTED_EDGE('',*,*,#4657,.F.);
#6410=ORIENTED_EDGE('',*,*,#4662,.F.);
#6411=ORIENTED_EDGE('',*,*,#4625,.T.);
#6412=ORIENTED_EDGE('',*,*,#4663,.T.);
#6413=ORIENTED_EDGE('',*,*,#4660,.F.);
#6414=ORIENTED_EDGE('',*,*,#4663,.F.);
#6415=ORIENTED_EDGE('',*,*,#4624,.F.);
#6416=ORIENTED_EDGE('',*,*,#4628,.F.);
#6417=ORIENTED_EDGE('',*,*,#4631,.F.);
#6418=ORIENTED_EDGE('',*,*,#4634,.F.);
#6419=ORIENTED_EDGE('',*,*,#4637,.F.);
#6420=ORIENTED_EDGE('',*,*,#4640,.F.);
#6421=ORIENTED_EDGE('',*,*,#4643,.F.);
#6422=ORIENTED_EDGE('',*,*,#4646,.F.);
#6423=ORIENTED_EDGE('',*,*,#4649,.F.);
#6424=ORIENTED_EDGE('',*,*,#4652,.F.);
#6425=ORIENTED_EDGE('',*,*,#4655,.F.);
#6426=ORIENTED_EDGE('',*,*,#4658,.F.);
#6427=ORIENTED_EDGE('',*,*,#4661,.F.);
#6428=ORIENTED_EDGE('',*,*,#4621,.F.);
#6429=ORIENTED_EDGE('',*,*,#4600,.F.);
#6430=ORIENTED_EDGE('',*,*,#4604,.F.);
#6431=ORIENTED_EDGE('',*,*,#4607,.F.);
#6432=ORIENTED_EDGE('',*,*,#4610,.F.);
#6433=ORIENTED_EDGE('',*,*,#4613,.F.);
#6434=ORIENTED_EDGE('',*,*,#4616,.F.);
#6435=ORIENTED_EDGE('',*,*,#4619,.F.);
#6436=ORIENTED_EDGE('',*,*,#4664,.F.);
#6437=ORIENTED_EDGE('',*,*,#4665,.T.);
#6438=ORIENTED_EDGE('',*,*,#4666,.T.);
#6439=ORIENTED_EDGE('',*,*,#4667,.F.);
#6440=ORIENTED_EDGE('',*,*,#4668,.F.);
#6441=ORIENTED_EDGE('',*,*,#4669,.T.);
#6442=ORIENTED_EDGE('',*,*,#4670,.T.);
#6443=ORIENTED_EDGE('',*,*,#4665,.F.);
#6444=ORIENTED_EDGE('',*,*,#4671,.F.);
#6445=ORIENTED_EDGE('',*,*,#4672,.T.);
#6446=ORIENTED_EDGE('',*,*,#4673,.T.);
#6447=ORIENTED_EDGE('',*,*,#4669,.F.);
#6448=ORIENTED_EDGE('',*,*,#4674,.F.);
#6449=ORIENTED_EDGE('',*,*,#4675,.T.);
#6450=ORIENTED_EDGE('',*,*,#4676,.T.);
#6451=ORIENTED_EDGE('',*,*,#4672,.F.);
#6452=ORIENTED_EDGE('',*,*,#4677,.F.);
#6453=ORIENTED_EDGE('',*,*,#4678,.T.);
#6454=ORIENTED_EDGE('',*,*,#4679,.T.);
#6455=ORIENTED_EDGE('',*,*,#4675,.F.);
#6456=ORIENTED_EDGE('',*,*,#4680,.F.);
#6457=ORIENTED_EDGE('',*,*,#4681,.T.);
#6458=ORIENTED_EDGE('',*,*,#4682,.T.);
#6459=ORIENTED_EDGE('',*,*,#4678,.F.);
#6460=ORIENTED_EDGE('',*,*,#4683,.F.);
#6461=ORIENTED_EDGE('',*,*,#4684,.T.);
#6462=ORIENTED_EDGE('',*,*,#4685,.T.);
#6463=ORIENTED_EDGE('',*,*,#4681,.F.);
#6464=ORIENTED_EDGE('',*,*,#4686,.F.);
#6465=ORIENTED_EDGE('',*,*,#4667,.T.);
#6466=ORIENTED_EDGE('',*,*,#4687,.T.);
#6467=ORIENTED_EDGE('',*,*,#4684,.F.);
#6468=ORIENTED_EDGE('',*,*,#4688,.F.);
#6469=ORIENTED_EDGE('',*,*,#4689,.T.);
#6470=ORIENTED_EDGE('',*,*,#4690,.T.);
#6471=ORIENTED_EDGE('',*,*,#4691,.F.);
#6472=ORIENTED_EDGE('',*,*,#4692,.F.);
#6473=ORIENTED_EDGE('',*,*,#4693,.T.);
#6474=ORIENTED_EDGE('',*,*,#4694,.T.);
#6475=ORIENTED_EDGE('',*,*,#4689,.F.);
#6476=ORIENTED_EDGE('',*,*,#4695,.F.);
#6477=ORIENTED_EDGE('',*,*,#4696,.T.);
#6478=ORIENTED_EDGE('',*,*,#4697,.T.);
#6479=ORIENTED_EDGE('',*,*,#4693,.F.);
#6480=ORIENTED_EDGE('',*,*,#4698,.F.);
#6481=ORIENTED_EDGE('',*,*,#4699,.T.);
#6482=ORIENTED_EDGE('',*,*,#4700,.T.);
#6483=ORIENTED_EDGE('',*,*,#4696,.F.);
#6484=ORIENTED_EDGE('',*,*,#4701,.F.);
#6485=ORIENTED_EDGE('',*,*,#4702,.T.);
#6486=ORIENTED_EDGE('',*,*,#4703,.T.);
#6487=ORIENTED_EDGE('',*,*,#4699,.F.);
#6488=ORIENTED_EDGE('',*,*,#4704,.F.);
#6489=ORIENTED_EDGE('',*,*,#4705,.T.);
#6490=ORIENTED_EDGE('',*,*,#4706,.T.);
#6491=ORIENTED_EDGE('',*,*,#4702,.F.);
#6492=ORIENTED_EDGE('',*,*,#4707,.F.);
#6493=ORIENTED_EDGE('',*,*,#4708,.T.);
#6494=ORIENTED_EDGE('',*,*,#4709,.T.);
#6495=ORIENTED_EDGE('',*,*,#4705,.F.);
#6496=ORIENTED_EDGE('',*,*,#4710,.F.);
#6497=ORIENTED_EDGE('',*,*,#4711,.T.);
#6498=ORIENTED_EDGE('',*,*,#4712,.T.);
#6499=ORIENTED_EDGE('',*,*,#4708,.F.);
#6500=ORIENTED_EDGE('',*,*,#4713,.F.);
#6501=ORIENTED_EDGE('',*,*,#4714,.T.);
#6502=ORIENTED_EDGE('',*,*,#4715,.T.);
#6503=ORIENTED_EDGE('',*,*,#4711,.F.);
#6504=ORIENTED_EDGE('',*,*,#4716,.F.);
#6505=ORIENTED_EDGE('',*,*,#4717,.T.);
#6506=ORIENTED_EDGE('',*,*,#4718,.T.);
#6507=ORIENTED_EDGE('',*,*,#4714,.F.);
#6508=ORIENTED_EDGE('',*,*,#4719,.F.);
#6509=ORIENTED_EDGE('',*,*,#4720,.T.);
#6510=ORIENTED_EDGE('',*,*,#4721,.T.);
#6511=ORIENTED_EDGE('',*,*,#4717,.F.);
#6512=ORIENTED_EDGE('',*,*,#4722,.F.);
#6513=ORIENTED_EDGE('',*,*,#4723,.T.);
#6514=ORIENTED_EDGE('',*,*,#4724,.T.);
#6515=ORIENTED_EDGE('',*,*,#4720,.F.);
#6516=ORIENTED_EDGE('',*,*,#4725,.F.);
#6517=ORIENTED_EDGE('',*,*,#4726,.T.);
#6518=ORIENTED_EDGE('',*,*,#4727,.T.);
#6519=ORIENTED_EDGE('',*,*,#4723,.F.);
#6520=ORIENTED_EDGE('',*,*,#4728,.F.);
#6521=ORIENTED_EDGE('',*,*,#4691,.T.);
#6522=ORIENTED_EDGE('',*,*,#4729,.T.);
#6523=ORIENTED_EDGE('',*,*,#4726,.F.);
#6524=ORIENTED_EDGE('',*,*,#4729,.F.);
#6525=ORIENTED_EDGE('',*,*,#4690,.F.);
#6526=ORIENTED_EDGE('',*,*,#4694,.F.);
#6527=ORIENTED_EDGE('',*,*,#4697,.F.);
#6528=ORIENTED_EDGE('',*,*,#4700,.F.);
#6529=ORIENTED_EDGE('',*,*,#4703,.F.);
#6530=ORIENTED_EDGE('',*,*,#4706,.F.);
#6531=ORIENTED_EDGE('',*,*,#4709,.F.);
#6532=ORIENTED_EDGE('',*,*,#4712,.F.);
#6533=ORIENTED_EDGE('',*,*,#4715,.F.);
#6534=ORIENTED_EDGE('',*,*,#4718,.F.);
#6535=ORIENTED_EDGE('',*,*,#4721,.F.);
#6536=ORIENTED_EDGE('',*,*,#4724,.F.);
#6537=ORIENTED_EDGE('',*,*,#4727,.F.);
#6538=ORIENTED_EDGE('',*,*,#4687,.F.);
#6539=ORIENTED_EDGE('',*,*,#4666,.F.);
#6540=ORIENTED_EDGE('',*,*,#4670,.F.);
#6541=ORIENTED_EDGE('',*,*,#4673,.F.);
#6542=ORIENTED_EDGE('',*,*,#4676,.F.);
#6543=ORIENTED_EDGE('',*,*,#4679,.F.);
#6544=ORIENTED_EDGE('',*,*,#4682,.F.);
#6545=ORIENTED_EDGE('',*,*,#4685,.F.);
#6546=ORIENTED_EDGE('',*,*,#4730,.F.);
#6547=ORIENTED_EDGE('',*,*,#4731,.T.);
#6548=ORIENTED_EDGE('',*,*,#4732,.T.);
#6549=ORIENTED_EDGE('',*,*,#4733,.F.);
#6550=ORIENTED_EDGE('',*,*,#4734,.F.);
#6551=ORIENTED_EDGE('',*,*,#4735,.T.);
#6552=ORIENTED_EDGE('',*,*,#4736,.T.);
#6553=ORIENTED_EDGE('',*,*,#4731,.F.);
#6554=ORIENTED_EDGE('',*,*,#4737,.F.);
#6555=ORIENTED_EDGE('',*,*,#4738,.T.);
#6556=ORIENTED_EDGE('',*,*,#4739,.T.);
#6557=ORIENTED_EDGE('',*,*,#4735,.F.);
#6558=ORIENTED_EDGE('',*,*,#4740,.F.);
#6559=ORIENTED_EDGE('',*,*,#4741,.T.);
#6560=ORIENTED_EDGE('',*,*,#4742,.T.);
#6561=ORIENTED_EDGE('',*,*,#4738,.F.);
#6562=ORIENTED_EDGE('',*,*,#4743,.F.);
#6563=ORIENTED_EDGE('',*,*,#4744,.T.);
#6564=ORIENTED_EDGE('',*,*,#4745,.T.);
#6565=ORIENTED_EDGE('',*,*,#4741,.F.);
#6566=ORIENTED_EDGE('',*,*,#4746,.F.);
#6567=ORIENTED_EDGE('',*,*,#4747,.T.);
#6568=ORIENTED_EDGE('',*,*,#4748,.T.);
#6569=ORIENTED_EDGE('',*,*,#4744,.F.);
#6570=ORIENTED_EDGE('',*,*,#4749,.F.);
#6571=ORIENTED_EDGE('',*,*,#4750,.T.);
#6572=ORIENTED_EDGE('',*,*,#4751,.T.);
#6573=ORIENTED_EDGE('',*,*,#4747,.F.);
#6574=ORIENTED_EDGE('',*,*,#4752,.F.);
#6575=ORIENTED_EDGE('',*,*,#4753,.T.);
#6576=ORIENTED_EDGE('',*,*,#4754,.T.);
#6577=ORIENTED_EDGE('',*,*,#4750,.F.);
#6578=ORIENTED_EDGE('',*,*,#4755,.F.);
#6579=ORIENTED_EDGE('',*,*,#4756,.T.);
#6580=ORIENTED_EDGE('',*,*,#4757,.T.);
#6581=ORIENTED_EDGE('',*,*,#4753,.F.);
#6582=ORIENTED_EDGE('',*,*,#4758,.F.);
#6583=ORIENTED_EDGE('',*,*,#4759,.T.);
#6584=ORIENTED_EDGE('',*,*,#4760,.T.);
#6585=ORIENTED_EDGE('',*,*,#4756,.F.);
#6586=ORIENTED_EDGE('',*,*,#4761,.F.);
#6587=ORIENTED_EDGE('',*,*,#4762,.T.);
#6588=ORIENTED_EDGE('',*,*,#4763,.T.);
#6589=ORIENTED_EDGE('',*,*,#4759,.F.);
#6590=ORIENTED_EDGE('',*,*,#4764,.F.);
#6591=ORIENTED_EDGE('',*,*,#4765,.T.);
#6592=ORIENTED_EDGE('',*,*,#4766,.T.);
#6593=ORIENTED_EDGE('',*,*,#4762,.F.);
#6594=ORIENTED_EDGE('',*,*,#4767,.F.);
#6595=ORIENTED_EDGE('',*,*,#4768,.T.);
#6596=ORIENTED_EDGE('',*,*,#4769,.T.);
#6597=ORIENTED_EDGE('',*,*,#4765,.F.);
#6598=ORIENTED_EDGE('',*,*,#4770,.F.);
#6599=ORIENTED_EDGE('',*,*,#4771,.T.);
#6600=ORIENTED_EDGE('',*,*,#4772,.T.);
#6601=ORIENTED_EDGE('',*,*,#4768,.F.);
#6602=ORIENTED_EDGE('',*,*,#4773,.F.);
#6603=ORIENTED_EDGE('',*,*,#4774,.T.);
#6604=ORIENTED_EDGE('',*,*,#4775,.T.);
#6605=ORIENTED_EDGE('',*,*,#4771,.F.);
#6606=ORIENTED_EDGE('',*,*,#4776,.F.);
#6607=ORIENTED_EDGE('',*,*,#4777,.T.);
#6608=ORIENTED_EDGE('',*,*,#4778,.T.);
#6609=ORIENTED_EDGE('',*,*,#4774,.F.);
#6610=ORIENTED_EDGE('',*,*,#4779,.F.);
#6611=ORIENTED_EDGE('',*,*,#4780,.T.);
#6612=ORIENTED_EDGE('',*,*,#4781,.T.);
#6613=ORIENTED_EDGE('',*,*,#4777,.F.);
#6614=ORIENTED_EDGE('',*,*,#4782,.F.);
#6615=ORIENTED_EDGE('',*,*,#4783,.T.);
#6616=ORIENTED_EDGE('',*,*,#4784,.T.);
#6617=ORIENTED_EDGE('',*,*,#4780,.F.);
#6618=ORIENTED_EDGE('',*,*,#4785,.F.);
#6619=ORIENTED_EDGE('',*,*,#4733,.T.);
#6620=ORIENTED_EDGE('',*,*,#4786,.T.);
#6621=ORIENTED_EDGE('',*,*,#4783,.F.);
#6622=ORIENTED_EDGE('',*,*,#4786,.F.);
#6623=ORIENTED_EDGE('',*,*,#4732,.F.);
#6624=ORIENTED_EDGE('',*,*,#4736,.F.);
#6625=ORIENTED_EDGE('',*,*,#4739,.F.);
#6626=ORIENTED_EDGE('',*,*,#4742,.F.);
#6627=ORIENTED_EDGE('',*,*,#4745,.F.);
#6628=ORIENTED_EDGE('',*,*,#4748,.F.);
#6629=ORIENTED_EDGE('',*,*,#4751,.F.);
#6630=ORIENTED_EDGE('',*,*,#4754,.F.);
#6631=ORIENTED_EDGE('',*,*,#4757,.F.);
#6632=ORIENTED_EDGE('',*,*,#4760,.F.);
#6633=ORIENTED_EDGE('',*,*,#4763,.F.);
#6634=ORIENTED_EDGE('',*,*,#4766,.F.);
#6635=ORIENTED_EDGE('',*,*,#4769,.F.);
#6636=ORIENTED_EDGE('',*,*,#4772,.F.);
#6637=ORIENTED_EDGE('',*,*,#4775,.F.);
#6638=ORIENTED_EDGE('',*,*,#4778,.F.);
#6639=ORIENTED_EDGE('',*,*,#4781,.F.);
#6640=ORIENTED_EDGE('',*,*,#4784,.F.);
#6641=ORIENTED_EDGE('',*,*,#4787,.F.);
#6642=ORIENTED_EDGE('',*,*,#4788,.T.);
#6643=ORIENTED_EDGE('',*,*,#4789,.T.);
#6644=ORIENTED_EDGE('',*,*,#4790,.F.);
#6645=ORIENTED_EDGE('',*,*,#4791,.F.);
#6646=ORIENTED_EDGE('',*,*,#4792,.T.);
#6647=ORIENTED_EDGE('',*,*,#4793,.T.);
#6648=ORIENTED_EDGE('',*,*,#4788,.F.);
#6649=ORIENTED_EDGE('',*,*,#4794,.F.);
#6650=ORIENTED_EDGE('',*,*,#4795,.T.);
#6651=ORIENTED_EDGE('',*,*,#4796,.T.);
#6652=ORIENTED_EDGE('',*,*,#4792,.F.);
#6653=ORIENTED_EDGE('',*,*,#4797,.F.);
#6654=ORIENTED_EDGE('',*,*,#4790,.T.);
#6655=ORIENTED_EDGE('',*,*,#4798,.T.);
#6656=ORIENTED_EDGE('',*,*,#4795,.F.);
#6657=ORIENTED_EDGE('',*,*,#4798,.F.);
#6658=ORIENTED_EDGE('',*,*,#4789,.F.);
#6659=ORIENTED_EDGE('',*,*,#4793,.F.);
#6660=ORIENTED_EDGE('',*,*,#4796,.F.);
#6661=ORIENTED_EDGE('',*,*,#4799,.F.);
#6662=ORIENTED_EDGE('',*,*,#4800,.T.);
#6663=ORIENTED_EDGE('',*,*,#4801,.T.);
#6664=ORIENTED_EDGE('',*,*,#4802,.F.);
#6665=ORIENTED_EDGE('',*,*,#4803,.F.);
#6666=ORIENTED_EDGE('',*,*,#4804,.T.);
#6667=ORIENTED_EDGE('',*,*,#4805,.T.);
#6668=ORIENTED_EDGE('',*,*,#4800,.F.);
#6669=ORIENTED_EDGE('',*,*,#4806,.F.);
#6670=ORIENTED_EDGE('',*,*,#4807,.T.);
#6671=ORIENTED_EDGE('',*,*,#4808,.T.);
#6672=ORIENTED_EDGE('',*,*,#4804,.F.);
#6673=ORIENTED_EDGE('',*,*,#4809,.F.);
#6674=ORIENTED_EDGE('',*,*,#4810,.T.);
#6675=ORIENTED_EDGE('',*,*,#4811,.T.);
#6676=ORIENTED_EDGE('',*,*,#4807,.F.);
#6677=ORIENTED_EDGE('',*,*,#4812,.F.);
#6678=ORIENTED_EDGE('',*,*,#4813,.T.);
#6679=ORIENTED_EDGE('',*,*,#4814,.T.);
#6680=ORIENTED_EDGE('',*,*,#4810,.F.);
#6681=ORIENTED_EDGE('',*,*,#4815,.F.);
#6682=ORIENTED_EDGE('',*,*,#4816,.T.);
#6683=ORIENTED_EDGE('',*,*,#4817,.T.);
#6684=ORIENTED_EDGE('',*,*,#4813,.F.);
#6685=ORIENTED_EDGE('',*,*,#4818,.F.);
#6686=ORIENTED_EDGE('',*,*,#4819,.T.);
#6687=ORIENTED_EDGE('',*,*,#4820,.T.);
#6688=ORIENTED_EDGE('',*,*,#4816,.F.);
#6689=ORIENTED_EDGE('',*,*,#4821,.F.);
#6690=ORIENTED_EDGE('',*,*,#4822,.T.);
#6691=ORIENTED_EDGE('',*,*,#4823,.T.);
#6692=ORIENTED_EDGE('',*,*,#4819,.F.);
#6693=ORIENTED_EDGE('',*,*,#4824,.F.);
#6694=ORIENTED_EDGE('',*,*,#4825,.T.);
#6695=ORIENTED_EDGE('',*,*,#4826,.T.);
#6696=ORIENTED_EDGE('',*,*,#4822,.F.);
#6697=ORIENTED_EDGE('',*,*,#4827,.F.);
#6698=ORIENTED_EDGE('',*,*,#4828,.T.);
#6699=ORIENTED_EDGE('',*,*,#4829,.T.);
#6700=ORIENTED_EDGE('',*,*,#4825,.F.);
#6701=ORIENTED_EDGE('',*,*,#4830,.F.);
#6702=ORIENTED_EDGE('',*,*,#4831,.T.);
#6703=ORIENTED_EDGE('',*,*,#4832,.T.);
#6704=ORIENTED_EDGE('',*,*,#4828,.F.);
#6705=ORIENTED_EDGE('',*,*,#4833,.F.);
#6706=ORIENTED_EDGE('',*,*,#4834,.T.);
#6707=ORIENTED_EDGE('',*,*,#4835,.T.);
#6708=ORIENTED_EDGE('',*,*,#4831,.F.);
#6709=ORIENTED_EDGE('',*,*,#4836,.F.);
#6710=ORIENTED_EDGE('',*,*,#4837,.T.);
#6711=ORIENTED_EDGE('',*,*,#4838,.T.);
#6712=ORIENTED_EDGE('',*,*,#4834,.F.);
#6713=ORIENTED_EDGE('',*,*,#4839,.F.);
#6714=ORIENTED_EDGE('',*,*,#4840,.T.);
#6715=ORIENTED_EDGE('',*,*,#4841,.T.);
#6716=ORIENTED_EDGE('',*,*,#4837,.F.);
#6717=ORIENTED_EDGE('',*,*,#4842,.F.);
#6718=ORIENTED_EDGE('',*,*,#4802,.T.);
#6719=ORIENTED_EDGE('',*,*,#4843,.T.);
#6720=ORIENTED_EDGE('',*,*,#4840,.F.);
#6721=ORIENTED_EDGE('',*,*,#4843,.F.);
#6722=ORIENTED_EDGE('',*,*,#4801,.F.);
#6723=ORIENTED_EDGE('',*,*,#4805,.F.);
#6724=ORIENTED_EDGE('',*,*,#4808,.F.);
#6725=ORIENTED_EDGE('',*,*,#4811,.F.);
#6726=ORIENTED_EDGE('',*,*,#4814,.F.);
#6727=ORIENTED_EDGE('',*,*,#4817,.F.);
#6728=ORIENTED_EDGE('',*,*,#4820,.F.);
#6729=ORIENTED_EDGE('',*,*,#4823,.F.);
#6730=ORIENTED_EDGE('',*,*,#4826,.F.);
#6731=ORIENTED_EDGE('',*,*,#4829,.F.);
#6732=ORIENTED_EDGE('',*,*,#4832,.F.);
#6733=ORIENTED_EDGE('',*,*,#4835,.F.);
#6734=ORIENTED_EDGE('',*,*,#4838,.F.);
#6735=ORIENTED_EDGE('',*,*,#4841,.F.);
#6736=ORIENTED_EDGE('',*,*,#4844,.T.);
#6737=ORIENTED_EDGE('',*,*,#4845,.T.);
#6738=ORIENTED_EDGE('',*,*,#4846,.F.);
#6739=ORIENTED_EDGE('',*,*,#4847,.T.);
#6740=ORIENTED_EDGE('',*,*,#4848,.F.);
#6741=ORIENTED_EDGE('',*,*,#4849,.T.);
#6742=ORIENTED_EDGE('',*,*,#4850,.F.);
#6743=ORIENTED_EDGE('',*,*,#4851,.T.);
#6744=ORIENTED_EDGE('',*,*,#4852,.F.);
#6745=ORIENTED_EDGE('',*,*,#4853,.T.);
#6746=ORIENTED_EDGE('',*,*,#4854,.T.);
#6747=ORIENTED_EDGE('',*,*,#4855,.T.);
#6748=ORIENTED_EDGE('',*,*,#3824,.T.);
#6749=ORIENTED_EDGE('',*,*,#3834,.T.);
#6750=ORIENTED_EDGE('',*,*,#3831,.T.);
#6751=ORIENTED_EDGE('',*,*,#3828,.T.);
#6752=ORIENTED_EDGE('',*,*,#3836,.T.);
#6753=ORIENTED_EDGE('',*,*,#3873,.T.);
#6754=ORIENTED_EDGE('',*,*,#3870,.T.);
#6755=ORIENTED_EDGE('',*,*,#3867,.T.);
#6756=ORIENTED_EDGE('',*,*,#3864,.T.);
#6757=ORIENTED_EDGE('',*,*,#3861,.T.);
#6758=ORIENTED_EDGE('',*,*,#3858,.T.);
#6759=ORIENTED_EDGE('',*,*,#3855,.T.);
#6760=ORIENTED_EDGE('',*,*,#3852,.T.);
#6761=ORIENTED_EDGE('',*,*,#3849,.T.);
#6762=ORIENTED_EDGE('',*,*,#3846,.T.);
#6763=ORIENTED_EDGE('',*,*,#3843,.T.);
#6764=ORIENTED_EDGE('',*,*,#3840,.T.);
#6765=ORIENTED_EDGE('',*,*,#3899,.T.);
#6766=ORIENTED_EDGE('',*,*,#3924,.T.);
#6767=ORIENTED_EDGE('',*,*,#3921,.T.);
#6768=ORIENTED_EDGE('',*,*,#3918,.T.);
#6769=ORIENTED_EDGE('',*,*,#3915,.T.);
#6770=ORIENTED_EDGE('',*,*,#3912,.T.);
#6771=ORIENTED_EDGE('',*,*,#3909,.T.);
#6772=ORIENTED_EDGE('',*,*,#3906,.T.);
#6773=ORIENTED_EDGE('',*,*,#3903,.T.);
#6774=ORIENTED_EDGE('',*,*,#3956,.T.);
#6775=ORIENTED_EDGE('',*,*,#4035,.T.);
#6776=ORIENTED_EDGE('',*,*,#4032,.T.);
#6777=ORIENTED_EDGE('',*,*,#4029,.T.);
#6778=ORIENTED_EDGE('',*,*,#4026,.T.);
#6779=ORIENTED_EDGE('',*,*,#4023,.T.);
#6780=ORIENTED_EDGE('',*,*,#4020,.T.);
#6781=ORIENTED_EDGE('',*,*,#4017,.T.);
#6782=ORIENTED_EDGE('',*,*,#4014,.T.);
#6783=ORIENTED_EDGE('',*,*,#4011,.T.);
#6784=ORIENTED_EDGE('',*,*,#4008,.T.);
#6785=ORIENTED_EDGE('',*,*,#4005,.T.);
#6786=ORIENTED_EDGE('',*,*,#4002,.T.);
#6787=ORIENTED_EDGE('',*,*,#3999,.T.);
#6788=ORIENTED_EDGE('',*,*,#3996,.T.);
#6789=ORIENTED_EDGE('',*,*,#3993,.T.);
#6790=ORIENTED_EDGE('',*,*,#3990,.T.);
#6791=ORIENTED_EDGE('',*,*,#3987,.T.);
#6792=ORIENTED_EDGE('',*,*,#3984,.T.);
#6793=ORIENTED_EDGE('',*,*,#3981,.T.);
#6794=ORIENTED_EDGE('',*,*,#3978,.T.);
#6795=ORIENTED_EDGE('',*,*,#3975,.T.);
#6796=ORIENTED_EDGE('',*,*,#3972,.T.);
#6797=ORIENTED_EDGE('',*,*,#3969,.T.);
#6798=ORIENTED_EDGE('',*,*,#3966,.T.);
#6799=ORIENTED_EDGE('',*,*,#3963,.T.);
#6800=ORIENTED_EDGE('',*,*,#3960,.T.);
#6801=ORIENTED_EDGE('',*,*,#4037,.T.);
#6802=ORIENTED_EDGE('',*,*,#4134,.T.);
#6803=ORIENTED_EDGE('',*,*,#4131,.T.);
#6804=ORIENTED_EDGE('',*,*,#4128,.T.);
#6805=ORIENTED_EDGE('',*,*,#4125,.T.);
#6806=ORIENTED_EDGE('',*,*,#4122,.T.);
#6807=ORIENTED_EDGE('',*,*,#4119,.T.);
#6808=ORIENTED_EDGE('',*,*,#4116,.T.);
#6809=ORIENTED_EDGE('',*,*,#4113,.T.);
#6810=ORIENTED_EDGE('',*,*,#4110,.T.);
#6811=ORIENTED_EDGE('',*,*,#4107,.T.);
#6812=ORIENTED_EDGE('',*,*,#4104,.T.);
#6813=ORIENTED_EDGE('',*,*,#4101,.T.);
#6814=ORIENTED_EDGE('',*,*,#4098,.T.);
#6815=ORIENTED_EDGE('',*,*,#4095,.T.);
#6816=ORIENTED_EDGE('',*,*,#4092,.T.);
#6817=ORIENTED_EDGE('',*,*,#4089,.T.);
#6818=ORIENTED_EDGE('',*,*,#4086,.T.);
#6819=ORIENTED_EDGE('',*,*,#4083,.T.);
#6820=ORIENTED_EDGE('',*,*,#4080,.T.);
#6821=ORIENTED_EDGE('',*,*,#4077,.T.);
#6822=ORIENTED_EDGE('',*,*,#4074,.T.);
#6823=ORIENTED_EDGE('',*,*,#4071,.T.);
#6824=ORIENTED_EDGE('',*,*,#4068,.T.);
#6825=ORIENTED_EDGE('',*,*,#4065,.T.);
#6826=ORIENTED_EDGE('',*,*,#4062,.T.);
#6827=ORIENTED_EDGE('',*,*,#4059,.T.);
#6828=ORIENTED_EDGE('',*,*,#4056,.T.);
#6829=ORIENTED_EDGE('',*,*,#4053,.T.);
#6830=ORIENTED_EDGE('',*,*,#4050,.T.);
#6831=ORIENTED_EDGE('',*,*,#4047,.T.);
#6832=ORIENTED_EDGE('',*,*,#4044,.T.);
#6833=ORIENTED_EDGE('',*,*,#4041,.T.);
#6834=ORIENTED_EDGE('',*,*,#4166,.T.);
#6835=ORIENTED_EDGE('',*,*,#4245,.T.);
#6836=ORIENTED_EDGE('',*,*,#4242,.T.);
#6837=ORIENTED_EDGE('',*,*,#4239,.T.);
#6838=ORIENTED_EDGE('',*,*,#4236,.T.);
#6839=ORIENTED_EDGE('',*,*,#4233,.T.);
#6840=ORIENTED_EDGE('',*,*,#4230,.T.);
#6841=ORIENTED_EDGE('',*,*,#4227,.T.);
#6842=ORIENTED_EDGE('',*,*,#4224,.T.);
#6843=ORIENTED_EDGE('',*,*,#4221,.T.);
#6844=ORIENTED_EDGE('',*,*,#4218,.T.);
#6845=ORIENTED_EDGE('',*,*,#4215,.T.);
#6846=ORIENTED_EDGE('',*,*,#4212,.T.);
#6847=ORIENTED_EDGE('',*,*,#4209,.T.);
#6848=ORIENTED_EDGE('',*,*,#4206,.T.);
#6849=ORIENTED_EDGE('',*,*,#4203,.T.);
#6850=ORIENTED_EDGE('',*,*,#4200,.T.);
#6851=ORIENTED_EDGE('',*,*,#4197,.T.);
#6852=ORIENTED_EDGE('',*,*,#4194,.T.);
#6853=ORIENTED_EDGE('',*,*,#4191,.T.);
#6854=ORIENTED_EDGE('',*,*,#4188,.T.);
#6855=ORIENTED_EDGE('',*,*,#4185,.T.);
#6856=ORIENTED_EDGE('',*,*,#4182,.T.);
#6857=ORIENTED_EDGE('',*,*,#4179,.T.);
#6858=ORIENTED_EDGE('',*,*,#4176,.T.);
#6859=ORIENTED_EDGE('',*,*,#4173,.T.);
#6860=ORIENTED_EDGE('',*,*,#4170,.T.);
#6861=ORIENTED_EDGE('',*,*,#4247,.T.);
#6862=ORIENTED_EDGE('',*,*,#4284,.T.);
#6863=ORIENTED_EDGE('',*,*,#4281,.T.);
#6864=ORIENTED_EDGE('',*,*,#4278,.T.);
#6865=ORIENTED_EDGE('',*,*,#4275,.T.);
#6866=ORIENTED_EDGE('',*,*,#4272,.T.);
#6867=ORIENTED_EDGE('',*,*,#4269,.T.);
#6868=ORIENTED_EDGE('',*,*,#4266,.T.);
#6869=ORIENTED_EDGE('',*,*,#4263,.T.);
#6870=ORIENTED_EDGE('',*,*,#4260,.T.);
#6871=ORIENTED_EDGE('',*,*,#4257,.T.);
#6872=ORIENTED_EDGE('',*,*,#4254,.T.);
#6873=ORIENTED_EDGE('',*,*,#4251,.T.);
#6874=ORIENTED_EDGE('',*,*,#4310,.T.);
#6875=ORIENTED_EDGE('',*,*,#4353,.T.);
#6876=ORIENTED_EDGE('',*,*,#4350,.T.);
#6877=ORIENTED_EDGE('',*,*,#4347,.T.);
#6878=ORIENTED_EDGE('',*,*,#4344,.T.);
#6879=ORIENTED_EDGE('',*,*,#4341,.T.);
#6880=ORIENTED_EDGE('',*,*,#4338,.T.);
#6881=ORIENTED_EDGE('',*,*,#4335,.T.);
#6882=ORIENTED_EDGE('',*,*,#4332,.T.);
#6883=ORIENTED_EDGE('',*,*,#4329,.T.);
#6884=ORIENTED_EDGE('',*,*,#4326,.T.);
#6885=ORIENTED_EDGE('',*,*,#4323,.T.);
#6886=ORIENTED_EDGE('',*,*,#4320,.T.);
#6887=ORIENTED_EDGE('',*,*,#4317,.T.);
#6888=ORIENTED_EDGE('',*,*,#4314,.T.);
#6889=ORIENTED_EDGE('',*,*,#4385,.T.);
#6890=ORIENTED_EDGE('',*,*,#4464,.T.);
#6891=ORIENTED_EDGE('',*,*,#4461,.T.);
#6892=ORIENTED_EDGE('',*,*,#4458,.T.);
#6893=ORIENTED_EDGE('',*,*,#4455,.T.);
#6894=ORIENTED_EDGE('',*,*,#4452,.T.);
#6895=ORIENTED_EDGE('',*,*,#4449,.T.);
#6896=ORIENTED_EDGE('',*,*,#4446,.T.);
#6897=ORIENTED_EDGE('',*,*,#4443,.T.);
#6898=ORIENTED_EDGE('',*,*,#4440,.T.);
#6899=ORIENTED_EDGE('',*,*,#4437,.T.);
#6900=ORIENTED_EDGE('',*,*,#4434,.T.);
#6901=ORIENTED_EDGE('',*,*,#4431,.T.);
#6902=ORIENTED_EDGE('',*,*,#4428,.T.);
#6903=ORIENTED_EDGE('',*,*,#4425,.T.);
#6904=ORIENTED_EDGE('',*,*,#4422,.T.);
#6905=ORIENTED_EDGE('',*,*,#4419,.T.);
#6906=ORIENTED_EDGE('',*,*,#4416,.T.);
#6907=ORIENTED_EDGE('',*,*,#4413,.T.);
#6908=ORIENTED_EDGE('',*,*,#4410,.T.);
#6909=ORIENTED_EDGE('',*,*,#4407,.T.);
#6910=ORIENTED_EDGE('',*,*,#4404,.T.);
#6911=ORIENTED_EDGE('',*,*,#4401,.T.);
#6912=ORIENTED_EDGE('',*,*,#4398,.T.);
#6913=ORIENTED_EDGE('',*,*,#4395,.T.);
#6914=ORIENTED_EDGE('',*,*,#4392,.T.);
#6915=ORIENTED_EDGE('',*,*,#4389,.T.);
#6916=ORIENTED_EDGE('',*,*,#4490,.T.);
#6917=ORIENTED_EDGE('',*,*,#4515,.T.);
#6918=ORIENTED_EDGE('',*,*,#4512,.T.);
#6919=ORIENTED_EDGE('',*,*,#4509,.T.);
#6920=ORIENTED_EDGE('',*,*,#4506,.T.);
#6921=ORIENTED_EDGE('',*,*,#4503,.T.);
#6922=ORIENTED_EDGE('',*,*,#4500,.T.);
#6923=ORIENTED_EDGE('',*,*,#4497,.T.);
#6924=ORIENTED_EDGE('',*,*,#4494,.T.);
#6925=ORIENTED_EDGE('',*,*,#4517,.T.);
#6926=ORIENTED_EDGE('',*,*,#4551,.T.);
#6927=ORIENTED_EDGE('',*,*,#4548,.T.);
#6928=ORIENTED_EDGE('',*,*,#4545,.T.);
#6929=ORIENTED_EDGE('',*,*,#4542,.T.);
#6930=ORIENTED_EDGE('',*,*,#4539,.T.);
#6931=ORIENTED_EDGE('',*,*,#4536,.T.);
#6932=ORIENTED_EDGE('',*,*,#4533,.T.);
#6933=ORIENTED_EDGE('',*,*,#4530,.T.);
#6934=ORIENTED_EDGE('',*,*,#4527,.T.);
#6935=ORIENTED_EDGE('',*,*,#4524,.T.);
#6936=ORIENTED_EDGE('',*,*,#4521,.T.);
#6937=ORIENTED_EDGE('',*,*,#4553,.T.);
#6938=ORIENTED_EDGE('',*,*,#4596,.T.);
#6939=ORIENTED_EDGE('',*,*,#4593,.T.);
#6940=ORIENTED_EDGE('',*,*,#4590,.T.);
#6941=ORIENTED_EDGE('',*,*,#4587,.T.);
#6942=ORIENTED_EDGE('',*,*,#4584,.T.);
#6943=ORIENTED_EDGE('',*,*,#4581,.T.);
#6944=ORIENTED_EDGE('',*,*,#4578,.T.);
#6945=ORIENTED_EDGE('',*,*,#4575,.T.);
#6946=ORIENTED_EDGE('',*,*,#4572,.T.);
#6947=ORIENTED_EDGE('',*,*,#4569,.T.);
#6948=ORIENTED_EDGE('',*,*,#4566,.T.);
#6949=ORIENTED_EDGE('',*,*,#4563,.T.);
#6950=ORIENTED_EDGE('',*,*,#4560,.T.);
#6951=ORIENTED_EDGE('',*,*,#4557,.T.);
#6952=ORIENTED_EDGE('',*,*,#4622,.T.);
#6953=ORIENTED_EDGE('',*,*,#4662,.T.);
#6954=ORIENTED_EDGE('',*,*,#4659,.T.);
#6955=ORIENTED_EDGE('',*,*,#4656,.T.);
#6956=ORIENTED_EDGE('',*,*,#4653,.T.);
#6957=ORIENTED_EDGE('',*,*,#4650,.T.);
#6958=ORIENTED_EDGE('',*,*,#4647,.T.);
#6959=ORIENTED_EDGE('',*,*,#4644,.T.);
#6960=ORIENTED_EDGE('',*,*,#4641,.T.);
#6961=ORIENTED_EDGE('',*,*,#4638,.T.);
#6962=ORIENTED_EDGE('',*,*,#4635,.T.);
#6963=ORIENTED_EDGE('',*,*,#4632,.T.);
#6964=ORIENTED_EDGE('',*,*,#4629,.T.);
#6965=ORIENTED_EDGE('',*,*,#4626,.T.);
#6966=ORIENTED_EDGE('',*,*,#4688,.T.);
#6967=ORIENTED_EDGE('',*,*,#4728,.T.);
#6968=ORIENTED_EDGE('',*,*,#4725,.T.);
#6969=ORIENTED_EDGE('',*,*,#4722,.T.);
#6970=ORIENTED_EDGE('',*,*,#4719,.T.);
#6971=ORIENTED_EDGE('',*,*,#4716,.T.);
#6972=ORIENTED_EDGE('',*,*,#4713,.T.);
#6973=ORIENTED_EDGE('',*,*,#4710,.T.);
#6974=ORIENTED_EDGE('',*,*,#4707,.T.);
#6975=ORIENTED_EDGE('',*,*,#4704,.T.);
#6976=ORIENTED_EDGE('',*,*,#4701,.T.);
#6977=ORIENTED_EDGE('',*,*,#4698,.T.);
#6978=ORIENTED_EDGE('',*,*,#4695,.T.);
#6979=ORIENTED_EDGE('',*,*,#4692,.T.);
#6980=ORIENTED_EDGE('',*,*,#4730,.T.);
#6981=ORIENTED_EDGE('',*,*,#4785,.T.);
#6982=ORIENTED_EDGE('',*,*,#4782,.T.);
#6983=ORIENTED_EDGE('',*,*,#4779,.T.);
#6984=ORIENTED_EDGE('',*,*,#4776,.T.);
#6985=ORIENTED_EDGE('',*,*,#4773,.T.);
#6986=ORIENTED_EDGE('',*,*,#4770,.T.);
#6987=ORIENTED_EDGE('',*,*,#4767,.T.);
#6988=ORIENTED_EDGE('',*,*,#4764,.T.);
#6989=ORIENTED_EDGE('',*,*,#4761,.T.);
#6990=ORIENTED_EDGE('',*,*,#4758,.T.);
#6991=ORIENTED_EDGE('',*,*,#4755,.T.);
#6992=ORIENTED_EDGE('',*,*,#4752,.T.);
#6993=ORIENTED_EDGE('',*,*,#4749,.T.);
#6994=ORIENTED_EDGE('',*,*,#4746,.T.);
#6995=ORIENTED_EDGE('',*,*,#4743,.T.);
#6996=ORIENTED_EDGE('',*,*,#4740,.T.);
#6997=ORIENTED_EDGE('',*,*,#4737,.T.);
#6998=ORIENTED_EDGE('',*,*,#4734,.T.);
#6999=ORIENTED_EDGE('',*,*,#4787,.T.);
#7000=ORIENTED_EDGE('',*,*,#4797,.T.);
#7001=ORIENTED_EDGE('',*,*,#4794,.T.);
#7002=ORIENTED_EDGE('',*,*,#4791,.T.);
#7003=ORIENTED_EDGE('',*,*,#4799,.T.);
#7004=ORIENTED_EDGE('',*,*,#4842,.T.);
#7005=ORIENTED_EDGE('',*,*,#4839,.T.);
#7006=ORIENTED_EDGE('',*,*,#4836,.T.);
#7007=ORIENTED_EDGE('',*,*,#4833,.T.);
#7008=ORIENTED_EDGE('',*,*,#4830,.T.);
#7009=ORIENTED_EDGE('',*,*,#4827,.T.);
#7010=ORIENTED_EDGE('',*,*,#4824,.T.);
#7011=ORIENTED_EDGE('',*,*,#4821,.T.);
#7012=ORIENTED_EDGE('',*,*,#4818,.T.);
#7013=ORIENTED_EDGE('',*,*,#4815,.T.);
#7014=ORIENTED_EDGE('',*,*,#4812,.T.);
#7015=ORIENTED_EDGE('',*,*,#4809,.T.);
#7016=ORIENTED_EDGE('',*,*,#4806,.T.);
#7017=ORIENTED_EDGE('',*,*,#4803,.T.);
#7018=ORIENTED_EDGE('',*,*,#4856,.T.);
#7019=ORIENTED_EDGE('',*,*,#4857,.T.);
#7020=ORIENTED_EDGE('',*,*,#4858,.T.);
#7021=ORIENTED_EDGE('',*,*,#4859,.T.);
#7022=ORIENTED_EDGE('',*,*,#4860,.T.);
#7023=ORIENTED_EDGE('',*,*,#4861,.T.);
#7024=ORIENTED_EDGE('',*,*,#4862,.T.);
#7025=ORIENTED_EDGE('',*,*,#4863,.T.);
#7026=ORIENTED_EDGE('',*,*,#4864,.T.);
#7027=ORIENTED_EDGE('',*,*,#4865,.T.);
#7028=ORIENTED_EDGE('',*,*,#4866,.T.);
#7029=ORIENTED_EDGE('',*,*,#4867,.T.);
#7030=ORIENTED_EDGE('',*,*,#4664,.T.);
#7031=ORIENTED_EDGE('',*,*,#4686,.T.);
#7032=ORIENTED_EDGE('',*,*,#4683,.T.);
#7033=ORIENTED_EDGE('',*,*,#4680,.T.);
#7034=ORIENTED_EDGE('',*,*,#4677,.T.);
#7035=ORIENTED_EDGE('',*,*,#4674,.T.);
#7036=ORIENTED_EDGE('',*,*,#4671,.T.);
#7037=ORIENTED_EDGE('',*,*,#4668,.T.);
#7038=ORIENTED_EDGE('',*,*,#4598,.T.);
#7039=ORIENTED_EDGE('',*,*,#4620,.T.);
#7040=ORIENTED_EDGE('',*,*,#4617,.T.);
#7041=ORIENTED_EDGE('',*,*,#4614,.T.);
#7042=ORIENTED_EDGE('',*,*,#4611,.T.);
#7043=ORIENTED_EDGE('',*,*,#4608,.T.);
#7044=ORIENTED_EDGE('',*,*,#4605,.T.);
#7045=ORIENTED_EDGE('',*,*,#4602,.T.);
#7046=ORIENTED_EDGE('',*,*,#4466,.T.);
#7047=ORIENTED_EDGE('',*,*,#4488,.T.);
#7048=ORIENTED_EDGE('',*,*,#4485,.T.);
#7049=ORIENTED_EDGE('',*,*,#4482,.T.);
#7050=ORIENTED_EDGE('',*,*,#4479,.T.);
#7051=ORIENTED_EDGE('',*,*,#4476,.T.);
#7052=ORIENTED_EDGE('',*,*,#4473,.T.);
#7053=ORIENTED_EDGE('',*,*,#4470,.T.);
#7054=ORIENTED_EDGE('',*,*,#4355,.T.);
#7055=ORIENTED_EDGE('',*,*,#4383,.T.);
#7056=ORIENTED_EDGE('',*,*,#4380,.T.);
#7057=ORIENTED_EDGE('',*,*,#4377,.T.);
#7058=ORIENTED_EDGE('',*,*,#4374,.T.);
#7059=ORIENTED_EDGE('',*,*,#4371,.T.);
#7060=ORIENTED_EDGE('',*,*,#4368,.T.);
#7061=ORIENTED_EDGE('',*,*,#4365,.T.);
#7062=ORIENTED_EDGE('',*,*,#4362,.T.);
#7063=ORIENTED_EDGE('',*,*,#4359,.T.);
#7064=ORIENTED_EDGE('',*,*,#4286,.T.);
#7065=ORIENTED_EDGE('',*,*,#4308,.T.);
#7066=ORIENTED_EDGE('',*,*,#4305,.T.);
#7067=ORIENTED_EDGE('',*,*,#4302,.T.);
#7068=ORIENTED_EDGE('',*,*,#4299,.T.);
#7069=ORIENTED_EDGE('',*,*,#4296,.T.);
#7070=ORIENTED_EDGE('',*,*,#4293,.T.);
#7071=ORIENTED_EDGE('',*,*,#4290,.T.);
#7072=ORIENTED_EDGE('',*,*,#4136,.T.);
#7073=ORIENTED_EDGE('',*,*,#4164,.T.);
#7074=ORIENTED_EDGE('',*,*,#4161,.T.);
#7075=ORIENTED_EDGE('',*,*,#4158,.T.);
#7076=ORIENTED_EDGE('',*,*,#4155,.T.);
#7077=ORIENTED_EDGE('',*,*,#4152,.T.);
#7078=ORIENTED_EDGE('',*,*,#4149,.T.);
#7079=ORIENTED_EDGE('',*,*,#4146,.T.);
#7080=ORIENTED_EDGE('',*,*,#4143,.T.);
#7081=ORIENTED_EDGE('',*,*,#4140,.T.);
#7082=ORIENTED_EDGE('',*,*,#3926,.T.);
#7083=ORIENTED_EDGE('',*,*,#3954,.T.);
#7084=ORIENTED_EDGE('',*,*,#3951,.T.);
#7085=ORIENTED_EDGE('',*,*,#3948,.T.);
#7086=ORIENTED_EDGE('',*,*,#3945,.T.);
#7087=ORIENTED_EDGE('',*,*,#3942,.T.);
#7088=ORIENTED_EDGE('',*,*,#3939,.T.);
#7089=ORIENTED_EDGE('',*,*,#3936,.T.);
#7090=ORIENTED_EDGE('',*,*,#3933,.T.);
#7091=ORIENTED_EDGE('',*,*,#3930,.T.);
#7092=ORIENTED_EDGE('',*,*,#4856,.F.);
#7093=ORIENTED_EDGE('',*,*,#4868,.T.);
#7094=ORIENTED_EDGE('',*,*,#4869,.F.);
#7095=ORIENTED_EDGE('',*,*,#4870,.F.);
#7096=ORIENTED_EDGE('',*,*,#4859,.F.);
#7097=ORIENTED_EDGE('',*,*,#4871,.T.);
#7098=ORIENTED_EDGE('',*,*,#4872,.F.);
#7099=ORIENTED_EDGE('',*,*,#4868,.F.);
#7100=ORIENTED_EDGE('',*,*,#4858,.F.);
#7101=ORIENTED_EDGE('',*,*,#4873,.T.);
#7102=ORIENTED_EDGE('',*,*,#4874,.F.);
#7103=ORIENTED_EDGE('',*,*,#4871,.F.);
#7104=ORIENTED_EDGE('',*,*,#4857,.F.);
#7105=ORIENTED_EDGE('',*,*,#4870,.T.);
#7106=ORIENTED_EDGE('',*,*,#4875,.F.);
#7107=ORIENTED_EDGE('',*,*,#4873,.F.);
#7108=ORIENTED_EDGE('',*,*,#4860,.F.);
#7109=ORIENTED_EDGE('',*,*,#4876,.T.);
#7110=ORIENTED_EDGE('',*,*,#4877,.F.);
#7111=ORIENTED_EDGE('',*,*,#4878,.F.);
#7112=ORIENTED_EDGE('',*,*,#4863,.F.);
#7113=ORIENTED_EDGE('',*,*,#4879,.T.);
#7114=ORIENTED_EDGE('',*,*,#4880,.F.);
#7115=ORIENTED_EDGE('',*,*,#4876,.F.);
#7116=ORIENTED_EDGE('',*,*,#4862,.F.);
#7117=ORIENTED_EDGE('',*,*,#4881,.T.);
#7118=ORIENTED_EDGE('',*,*,#4882,.F.);
#7119=ORIENTED_EDGE('',*,*,#4879,.F.);
#7120=ORIENTED_EDGE('',*,*,#4861,.F.);
#7121=ORIENTED_EDGE('',*,*,#4878,.T.);
#7122=ORIENTED_EDGE('',*,*,#4883,.F.);
#7123=ORIENTED_EDGE('',*,*,#4881,.F.);
#7124=ORIENTED_EDGE('',*,*,#4884,.F.);
#7125=ORIENTED_EDGE('',*,*,#4885,.F.);
#7126=ORIENTED_EDGE('',*,*,#4855,.F.);
#7127=ORIENTED_EDGE('',*,*,#4886,.T.);
#7128=ORIENTED_EDGE('',*,*,#4887,.F.);
#7129=ORIENTED_EDGE('',*,*,#4886,.F.);
#7130=ORIENTED_EDGE('',*,*,#4854,.F.);
#7131=ORIENTED_EDGE('',*,*,#4888,.F.);
#7132=ORIENTED_EDGE('',*,*,#4889,.F.);
#7133=ORIENTED_EDGE('',*,*,#4890,.F.);
#7134=ORIENTED_EDGE('',*,*,#4844,.F.);
#7135=ORIENTED_EDGE('',*,*,#4885,.T.);
#7136=ORIENTED_EDGE('',*,*,#4889,.T.);
#7137=ORIENTED_EDGE('',*,*,#4884,.T.);
#7138=ORIENTED_EDGE('',*,*,#4887,.T.);
#7139=ORIENTED_EDGE('',*,*,#4891,.F.);
#7140=ORIENTED_EDGE('',*,*,#4892,.F.);
#7141=ORIENTED_EDGE('',*,*,#4893,.F.);
#7142=ORIENTED_EDGE('',*,*,#4894,.F.);
#7143=ORIENTED_EDGE('',*,*,#4895,.F.);
#7144=ORIENTED_EDGE('',*,*,#4896,.F.);
#7145=ORIENTED_EDGE('',*,*,#4897,.F.);
#7146=ORIENTED_EDGE('',*,*,#4898,.F.);
#7147=ORIENTED_EDGE('',*,*,#4899,.F.);
#7148=ORIENTED_EDGE('',*,*,#4869,.T.);
#7149=ORIENTED_EDGE('',*,*,#4872,.T.);
#7150=ORIENTED_EDGE('',*,*,#4874,.T.);
#7151=ORIENTED_EDGE('',*,*,#4875,.T.);
#7152=ORIENTED_EDGE('',*,*,#4877,.T.);
#7153=ORIENTED_EDGE('',*,*,#4880,.T.);
#7154=ORIENTED_EDGE('',*,*,#4882,.T.);
#7155=ORIENTED_EDGE('',*,*,#4883,.T.);
#7156=ORIENTED_EDGE('',*,*,#4900,.F.);
#7157=ORIENTED_EDGE('',*,*,#4901,.F.);
#7158=ORIENTED_EDGE('',*,*,#4902,.F.);
#7159=ORIENTED_EDGE('',*,*,#4903,.F.);
#7160=ORIENTED_EDGE('',*,*,#4888,.T.);
#7161=ORIENTED_EDGE('',*,*,#4853,.F.);
#7162=ORIENTED_EDGE('',*,*,#4904,.F.);
#7163=ORIENTED_EDGE('',*,*,#4891,.T.);
#7164=ORIENTED_EDGE('',*,*,#4846,.T.);
#7165=ORIENTED_EDGE('',*,*,#4905,.T.);
#7166=ORIENTED_EDGE('',*,*,#4898,.T.);
#7167=ORIENTED_EDGE('',*,*,#4906,.T.);
#7168=ORIENTED_EDGE('',*,*,#4890,.T.);
#7169=ORIENTED_EDGE('',*,*,#4899,.T.);
#7170=ORIENTED_EDGE('',*,*,#4905,.F.);
#7171=ORIENTED_EDGE('',*,*,#4845,.F.);
#7172=ORIENTED_EDGE('',*,*,#4852,.T.);
#7173=ORIENTED_EDGE('',*,*,#4907,.T.);
#7174=ORIENTED_EDGE('',*,*,#4892,.T.);
#7175=ORIENTED_EDGE('',*,*,#4904,.T.);
#7176=ORIENTED_EDGE('',*,*,#4848,.T.);
#7177=ORIENTED_EDGE('',*,*,#4908,.T.);
#7178=ORIENTED_EDGE('',*,*,#4896,.T.);
#7179=ORIENTED_EDGE('',*,*,#4909,.T.);
#7180=ORIENTED_EDGE('',*,*,#4909,.F.);
#7181=ORIENTED_EDGE('',*,*,#4895,.T.);
#7182=ORIENTED_EDGE('',*,*,#4910,.F.);
#7183=ORIENTED_EDGE('',*,*,#4849,.F.);
#7184=ORIENTED_EDGE('',*,*,#4850,.T.);
#7185=ORIENTED_EDGE('',*,*,#4910,.T.);
#7186=ORIENTED_EDGE('',*,*,#4894,.T.);
#7187=ORIENTED_EDGE('',*,*,#4911,.T.);
#7188=ORIENTED_EDGE('',*,*,#4867,.F.);
#7189=ORIENTED_EDGE('',*,*,#4912,.T.);
#7190=ORIENTED_EDGE('',*,*,#4900,.T.);
#7191=ORIENTED_EDGE('',*,*,#4912,.F.);
#7192=ORIENTED_EDGE('',*,*,#4866,.F.);
#7193=ORIENTED_EDGE('',*,*,#4913,.T.);
#7194=ORIENTED_EDGE('',*,*,#4901,.T.);
#7195=ORIENTED_EDGE('',*,*,#4913,.F.);
#7196=ORIENTED_EDGE('',*,*,#4865,.F.);
#7197=ORIENTED_EDGE('',*,*,#4914,.T.);
#7198=ORIENTED_EDGE('',*,*,#4902,.T.);
#7199=ORIENTED_EDGE('',*,*,#4914,.F.);
#7200=ORIENTED_EDGE('',*,*,#4864,.F.);
#7201=ORIENTED_EDGE('',*,*,#4915,.T.);
#7202=ORIENTED_EDGE('',*,*,#4903,.T.);
#7203=ORIENTED_EDGE('',*,*,#4915,.F.);
#7204=ORIENTED_EDGE('',*,*,#4907,.F.);
#7205=ORIENTED_EDGE('',*,*,#4851,.F.);
#7206=ORIENTED_EDGE('',*,*,#4911,.F.);
#7207=ORIENTED_EDGE('',*,*,#4893,.T.);
#7208=ORIENTED_EDGE('',*,*,#4906,.F.);
#7209=ORIENTED_EDGE('',*,*,#4897,.T.);
#7210=ORIENTED_EDGE('',*,*,#4908,.F.);
#7211=ORIENTED_EDGE('',*,*,#4847,.F.);
#7212=ORIENTED_EDGE('',*,*,#3875,.T.);
#7213=ORIENTED_EDGE('',*,*,#3897,.T.);
#7214=ORIENTED_EDGE('',*,*,#3894,.T.);
#7215=ORIENTED_EDGE('',*,*,#3891,.T.);
#7216=ORIENTED_EDGE('',*,*,#3888,.T.);
#7217=ORIENTED_EDGE('',*,*,#3885,.T.);
#7218=ORIENTED_EDGE('',*,*,#3882,.T.);
#7219=ORIENTED_EDGE('',*,*,#3879,.T.);
#7220=PLANE('',#7814);
#7221=PLANE('',#7815);
#7222=PLANE('',#7816);
#7223=PLANE('',#7817);
#7224=PLANE('',#7822);
#7225=PLANE('',#7823);
#7226=PLANE('',#7824);
#7227=PLANE('',#7825);
#7228=PLANE('',#7838);
#7229=PLANE('',#7839);
#7230=PLANE('',#7841);
#7231=PLANE('',#7843);
#7232=PLANE('',#7845);
#7233=PLANE('',#7846);
#7234=PLANE('',#7852);
#7235=PLANE('',#7853);
#7236=PLANE('',#7854);
#7237=PLANE('',#7855);
#7238=PLANE('',#7857);
#7239=PLANE('',#7858);
#7240=PLANE('',#7859);
#7241=PLANE('',#7860);
#7242=PLANE('',#7861);
#7243=PLANE('',#7862);
#7244=PLANE('',#7863);
#7245=PLANE('',#7864);
#7246=PLANE('',#7865);
#7247=PLANE('',#7866);
#7248=PLANE('',#7867);
#7249=PLANE('',#7868);
#7250=PLANE('',#7869);
#7251=PLANE('',#7870);
#7252=PLANE('',#7871);
#7253=PLANE('',#7872);
#7254=PLANE('',#7873);
#7255=PLANE('',#7874);
#7256=PLANE('',#7875);
#7257=PLANE('',#7876);
#7258=PLANE('',#7877);
#7259=PLANE('',#7878);
#7260=PLANE('',#7879);
#7261=PLANE('',#7880);
#7262=PLANE('',#7881);
#7263=PLANE('',#7882);
#7264=PLANE('',#7883);
#7265=PLANE('',#7884);
#7266=PLANE('',#7885);
#7267=PLANE('',#7886);
#7268=PLANE('',#7887);
#7269=PLANE('',#7888);
#7270=PLANE('',#7889);
#7271=PLANE('',#7890);
#7272=PLANE('',#7891);
#7273=PLANE('',#7892);
#7274=PLANE('',#7893);
#7275=PLANE('',#7894);
#7276=PLANE('',#7895);
#7277=PLANE('',#7896);
#7278=PLANE('',#7897);
#7279=PLANE('',#7898);
#7280=PLANE('',#7899);
#7281=PLANE('',#7900);
#7282=PLANE('',#7901);
#7283=PLANE('',#7902);
#7284=PLANE('',#7903);
#7285=PLANE('',#7904);
#7286=PLANE('',#7905);
#7287=PLANE('',#7906);
#7288=PLANE('',#7907);
#7289=PLANE('',#7908);
#7290=PLANE('',#7909);
#7291=PLANE('',#7910);
#7292=PLANE('',#7911);
#7293=PLANE('',#7912);
#7294=PLANE('',#7913);
#7295=PLANE('',#7914);
#7296=PLANE('',#7915);
#7297=PLANE('',#7916);
#7298=PLANE('',#7917);
#7299=PLANE('',#7918);
#7300=PLANE('',#7919);
#7301=PLANE('',#7920);
#7302=PLANE('',#7921);
#7303=PLANE('',#7922);
#7304=PLANE('',#7923);
#7305=PLANE('',#7924);
#7306=PLANE('',#7925);
#7307=PLANE('',#7926);
#7308=PLANE('',#7927);
#7309=PLANE('',#7928);
#7310=PLANE('',#7929);
#7311=PLANE('',#7930);
#7312=PLANE('',#7931);
#7313=PLANE('',#7932);
#7314=PLANE('',#7933);
#7315=PLANE('',#7934);
#7316=PLANE('',#7935);
#7317=PLANE('',#7936);
#7318=PLANE('',#7937);
#7319=PLANE('',#7938);
#7320=PLANE('',#7939);
#7321=PLANE('',#7940);
#7322=PLANE('',#7941);
#7323=PLANE('',#7942);
#7324=PLANE('',#7943);
#7325=PLANE('',#7944);
#7326=PLANE('',#7945);
#7327=PLANE('',#7946);
#7328=PLANE('',#7947);
#7329=PLANE('',#7948);
#7330=PLANE('',#7949);
#7331=PLANE('',#7950);
#7332=PLANE('',#7951);
#7333=PLANE('',#7952);
#7334=PLANE('',#7953);
#7335=PLANE('',#7954);
#7336=PLANE('',#7955);
#7337=PLANE('',#7956);
#7338=PLANE('',#7957);
#7339=PLANE('',#7958);
#7340=PLANE('',#7959);
#7341=PLANE('',#7960);
#7342=PLANE('',#7961);
#7343=PLANE('',#7962);
#7344=PLANE('',#7963);
#7345=PLANE('',#7972);
#7346=PLANE('',#7973);
#7347=PLANE('',#7974);
#7348=PLANE('',#7975);
#7349=PLANE('',#7976);
#7350=PLANE('',#7977);
#7351=PLANE('',#7978);
#7352=PLANE('',#7979);
#7353=PLANE('',#7980);
#7354=PLANE('',#7981);
#7355=PLANE('',#7982);
#7356=PLANE('',#7983);
#7357=PLANE('',#7984);
#7358=PLANE('',#7985);
#7359=PLANE('',#7986);
#7360=PLANE('',#7987);
#7361=PLANE('',#7988);
#7362=PLANE('',#7989);
#7363=PLANE('',#7990);
#7364=PLANE('',#7999);
#7365=PLANE('',#8001);
#7366=PLANE('',#8004);
#7367=PLANE('',#8010);
#7368=PLANE('',#8011);
#7369=PLANE('',#8012);
#7370=ADVANCED_FACE('',(#877),#7220,.F.);
#7371=ADVANCED_FACE('',(#878),#7221,.F.);
#7372=ADVANCED_FACE('',(#879),#7222,.F.);
#7373=ADVANCED_FACE('',(#880,#796,#797,#798,#799),#7223,.T.);
#7374=ADVANCED_FACE('',(#881),#7224,.T.);
#7375=ADVANCED_FACE('',(#882),#7225,.T.);
#7376=ADVANCED_FACE('',(#883),#7226,.T.);
#7377=ADVANCED_FACE('',(#884),#7227,.T.);
#7378=ADVANCED_FACE('',(#885),#780,.F.);
#7379=ADVANCED_FACE('',(#886),#781,.F.);
#7380=ADVANCED_FACE('',(#887),#782,.F.);
#7381=ADVANCED_FACE('',(#888),#783,.F.);
#7382=ADVANCED_FACE('',(#889,#800,#801,#802,#803),#7228,.F.);
#7383=ADVANCED_FACE('',(#890,#804),#7229,.F.);
#7384=ADVANCED_FACE('',(#891,#805),#7230,.F.);
#7385=ADVANCED_FACE('',(#892,#806),#7231,.F.);
#7386=ADVANCED_FACE('',(#893),#7232,.T.);
#7387=ADVANCED_FACE('',(#894),#7233,.T.);
#7388=ADVANCED_FACE('',(#895),#784,.F.);
#7389=ADVANCED_FACE('',(#896),#785,.F.);
#7390=ADVANCED_FACE('',(#897),#786,.F.);
#7391=ADVANCED_FACE('',(#898),#787,.F.);
#7392=ADVANCED_FACE('',(#899),#7234,.T.);
#7393=ADVANCED_FACE('',(#900),#7235,.T.);
#7394=ADVANCED_FACE('',(#901),#7236,.T.);
#7395=ADVANCED_FACE('',(#902,#807),#7237,.F.);
#7396=ADVANCED_FACE('',(#903),#7238,.F.);
#7397=ADVANCED_FACE('',(#904),#7239,.F.);
#7398=ADVANCED_FACE('',(#905),#7240,.F.);
#7399=ADVANCED_FACE('',(#906),#7241,.F.);
#7400=ADVANCED_FACE('',(#907),#7242,.F.);
#7401=ADVANCED_FACE('',(#908),#7243,.F.);
#7402=ADVANCED_FACE('',(#909),#521,.F.);
#7403=ADVANCED_FACE('',(#910),#522,.F.);
#7404=ADVANCED_FACE('',(#911),#523,.F.);
#7405=ADVANCED_FACE('',(#912),#524,.F.);
#7406=ADVANCED_FACE('',(#913),#7244,.F.);
#7407=ADVANCED_FACE('',(#914),#525,.F.);
#7408=ADVANCED_FACE('',(#915),#526,.F.);
#7409=ADVANCED_FACE('',(#916),#527,.F.);
#7410=ADVANCED_FACE('',(#917),#7245,.F.);
#7411=ADVANCED_FACE('',(#918),#7246,.F.);
#7412=ADVANCED_FACE('',(#919),#7247,.F.);
#7413=ADVANCED_FACE('',(#920),#7248,.F.);
#7414=ADVANCED_FACE('',(#921),#7249,.T.);
#7415=ADVANCED_FACE('',(#922),#528,.F.);
#7416=ADVANCED_FACE('',(#923),#529,.F.);
#7417=ADVANCED_FACE('',(#924),#530,.F.);
#7418=ADVANCED_FACE('',(#925),#531,.F.);
#7419=ADVANCED_FACE('',(#926),#532,.F.);
#7420=ADVANCED_FACE('',(#927),#533,.F.);
#7421=ADVANCED_FACE('',(#928),#534,.F.);
#7422=ADVANCED_FACE('',(#929),#535,.F.);
#7423=ADVANCED_FACE('',(#930),#536,.F.);
#7424=ADVANCED_FACE('',(#931),#537,.F.);
#7425=ADVANCED_FACE('',(#932),#538,.F.);
#7426=ADVANCED_FACE('',(#933),#539,.F.);
#7427=ADVANCED_FACE('',(#934),#540,.F.);
#7428=ADVANCED_FACE('',(#935),#541,.F.);
#7429=ADVANCED_FACE('',(#936),#542,.F.);
#7430=ADVANCED_FACE('',(#937),#543,.F.);
#7431=ADVANCED_FACE('',(#938),#544,.F.);
#7432=ADVANCED_FACE('',(#939,#808),#7250,.T.);
#7433=ADVANCED_FACE('',(#940),#545,.F.);
#7434=ADVANCED_FACE('',(#941),#546,.F.);
#7435=ADVANCED_FACE('',(#942),#547,.F.);
#7436=ADVANCED_FACE('',(#943),#548,.F.);
#7437=ADVANCED_FACE('',(#944),#549,.F.);
#7438=ADVANCED_FACE('',(#945),#550,.F.);
#7439=ADVANCED_FACE('',(#946),#551,.F.);
#7440=ADVANCED_FACE('',(#947),#552,.F.);
#7441=ADVANCED_FACE('',(#948),#553,.F.);
#7442=ADVANCED_FACE('',(#949),#7251,.F.);
#7443=ADVANCED_FACE('',(#950),#7252,.F.);
#7444=ADVANCED_FACE('',(#951),#554,.F.);
#7445=ADVANCED_FACE('',(#952),#555,.F.);
#7446=ADVANCED_FACE('',(#953),#7253,.F.);
#7447=ADVANCED_FACE('',(#954),#556,.F.);
#7448=ADVANCED_FACE('',(#955),#557,.F.);
#7449=ADVANCED_FACE('',(#956),#558,.F.);
#7450=ADVANCED_FACE('',(#957),#559,.F.);
#7451=ADVANCED_FACE('',(#958),#560,.F.);
#7452=ADVANCED_FACE('',(#959),#561,.F.);
#7453=ADVANCED_FACE('',(#960),#562,.F.);
#7454=ADVANCED_FACE('',(#961),#7254,.F.);
#7455=ADVANCED_FACE('',(#962),#563,.F.);
#7456=ADVANCED_FACE('',(#963),#564,.F.);
#7457=ADVANCED_FACE('',(#964),#565,.F.);
#7458=ADVANCED_FACE('',(#965),#566,.F.);
#7459=ADVANCED_FACE('',(#966),#567,.F.);
#7460=ADVANCED_FACE('',(#967),#568,.F.);
#7461=ADVANCED_FACE('',(#968),#569,.F.);
#7462=ADVANCED_FACE('',(#969),#570,.F.);
#7463=ADVANCED_FACE('',(#970),#571,.F.);
#7464=ADVANCED_FACE('',(#971),#572,.F.);
#7465=ADVANCED_FACE('',(#972),#573,.F.);
#7466=ADVANCED_FACE('',(#973),#574,.F.);
#7467=ADVANCED_FACE('',(#974),#575,.F.);
#7468=ADVANCED_FACE('',(#975),#576,.F.);
#7469=ADVANCED_FACE('',(#976),#577,.F.);
#7470=ADVANCED_FACE('',(#977,#809),#7255,.T.);
#7471=ADVANCED_FACE('',(#978),#578,.F.);
#7472=ADVANCED_FACE('',(#979),#579,.F.);
#7473=ADVANCED_FACE('',(#980),#580,.F.);
#7474=ADVANCED_FACE('',(#981),#581,.F.);
#7475=ADVANCED_FACE('',(#982),#582,.F.);
#7476=ADVANCED_FACE('',(#983),#583,.F.);
#7477=ADVANCED_FACE('',(#984),#584,.F.);
#7478=ADVANCED_FACE('',(#985),#585,.F.);
#7479=ADVANCED_FACE('',(#986),#586,.F.);
#7480=ADVANCED_FACE('',(#987),#587,.F.);
#7481=ADVANCED_FACE('',(#988),#588,.F.);
#7482=ADVANCED_FACE('',(#989),#589,.F.);
#7483=ADVANCED_FACE('',(#990),#590,.F.);
#7484=ADVANCED_FACE('',(#991),#591,.F.);
#7485=ADVANCED_FACE('',(#992),#7256,.F.);
#7486=ADVANCED_FACE('',(#993),#592,.F.);
#7487=ADVANCED_FACE('',(#994),#593,.F.);
#7488=ADVANCED_FACE('',(#995),#594,.F.);
#7489=ADVANCED_FACE('',(#996),#595,.F.);
#7490=ADVANCED_FACE('',(#997),#596,.F.);
#7491=ADVANCED_FACE('',(#998),#597,.F.);
#7492=ADVANCED_FACE('',(#999),#598,.F.);
#7493=ADVANCED_FACE('',(#1000),#599,.F.);
#7494=ADVANCED_FACE('',(#1001),#600,.F.);
#7495=ADVANCED_FACE('',(#1002),#601,.F.);
#7496=ADVANCED_FACE('',(#1003),#602,.F.);
#7497=ADVANCED_FACE('',(#1004),#603,.F.);
#7498=ADVANCED_FACE('',(#1005),#604,.F.);
#7499=ADVANCED_FACE('',(#1006),#605,.F.);
#7500=ADVANCED_FACE('',(#1007),#606,.F.);
#7501=ADVANCED_FACE('',(#1008),#607,.F.);
#7502=ADVANCED_FACE('',(#1009),#7257,.F.);
#7503=ADVANCED_FACE('',(#1010),#608,.F.);
#7504=ADVANCED_FACE('',(#1011),#7258,.T.);
#7505=ADVANCED_FACE('',(#1012),#609,.F.);
#7506=ADVANCED_FACE('',(#1013),#610,.F.);
#7507=ADVANCED_FACE('',(#1014),#611,.F.);
#7508=ADVANCED_FACE('',(#1015),#612,.F.);
#7509=ADVANCED_FACE('',(#1016),#613,.F.);
#7510=ADVANCED_FACE('',(#1017),#614,.F.);
#7511=ADVANCED_FACE('',(#1018),#615,.F.);
#7512=ADVANCED_FACE('',(#1019),#616,.F.);
#7513=ADVANCED_FACE('',(#1020),#617,.F.);
#7514=ADVANCED_FACE('',(#1021),#7259,.F.);
#7515=ADVANCED_FACE('',(#1022),#7260,.F.);
#7516=ADVANCED_FACE('',(#1023),#618,.F.);
#7517=ADVANCED_FACE('',(#1024),#619,.F.);
#7518=ADVANCED_FACE('',(#1025),#7261,.F.);
#7519=ADVANCED_FACE('',(#1026),#620,.F.);
#7520=ADVANCED_FACE('',(#1027),#621,.F.);
#7521=ADVANCED_FACE('',(#1028),#622,.F.);
#7522=ADVANCED_FACE('',(#1029),#623,.F.);
#7523=ADVANCED_FACE('',(#1030),#624,.F.);
#7524=ADVANCED_FACE('',(#1031),#625,.F.);
#7525=ADVANCED_FACE('',(#1032),#626,.F.);
#7526=ADVANCED_FACE('',(#1033),#7262,.F.);
#7527=ADVANCED_FACE('',(#1034),#627,.F.);
#7528=ADVANCED_FACE('',(#1035),#628,.F.);
#7529=ADVANCED_FACE('',(#1036),#629,.F.);
#7530=ADVANCED_FACE('',(#1037),#630,.F.);
#7531=ADVANCED_FACE('',(#1038),#631,.F.);
#7532=ADVANCED_FACE('',(#1039),#632,.F.);
#7533=ADVANCED_FACE('',(#1040),#633,.F.);
#7534=ADVANCED_FACE('',(#1041),#634,.F.);
#7535=ADVANCED_FACE('',(#1042),#635,.F.);
#7536=ADVANCED_FACE('',(#1043),#636,.F.);
#7537=ADVANCED_FACE('',(#1044),#637,.F.);
#7538=ADVANCED_FACE('',(#1045),#638,.F.);
#7539=ADVANCED_FACE('',(#1046),#639,.F.);
#7540=ADVANCED_FACE('',(#1047),#640,.F.);
#7541=ADVANCED_FACE('',(#1048),#641,.F.);
#7542=ADVANCED_FACE('',(#1049,#810),#7263,.T.);
#7543=ADVANCED_FACE('',(#1050),#7264,.F.);
#7544=ADVANCED_FACE('',(#1051),#642,.F.);
#7545=ADVANCED_FACE('',(#1052),#643,.F.);
#7546=ADVANCED_FACE('',(#1053),#644,.F.);
#7547=ADVANCED_FACE('',(#1054),#645,.F.);
#7548=ADVANCED_FACE('',(#1055),#7265,.F.);
#7549=ADVANCED_FACE('',(#1056),#646,.F.);
#7550=ADVANCED_FACE('',(#1057),#647,.F.);
#7551=ADVANCED_FACE('',(#1058),#648,.F.);
#7552=ADVANCED_FACE('',(#1059),#7266,.F.);
#7553=ADVANCED_FACE('',(#1060),#7267,.F.);
#7554=ADVANCED_FACE('',(#1061),#7268,.F.);
#7555=ADVANCED_FACE('',(#1062),#7269,.F.);
#7556=ADVANCED_FACE('',(#1063),#7270,.T.);
#7557=ADVANCED_FACE('',(#1064),#649,.F.);
#7558=ADVANCED_FACE('',(#1065),#650,.F.);
#7559=ADVANCED_FACE('',(#1066),#651,.F.);
#7560=ADVANCED_FACE('',(#1067),#652,.F.);
#7561=ADVANCED_FACE('',(#1068),#653,.F.);
#7562=ADVANCED_FACE('',(#1069),#654,.F.);
#7563=ADVANCED_FACE('',(#1070),#655,.F.);
#7564=ADVANCED_FACE('',(#1071),#656,.F.);
#7565=ADVANCED_FACE('',(#1072),#7271,.F.);
#7566=ADVANCED_FACE('',(#1073),#657,.F.);
#7567=ADVANCED_FACE('',(#1074),#658,.F.);
#7568=ADVANCED_FACE('',(#1075),#659,.F.);
#7569=ADVANCED_FACE('',(#1076),#660,.F.);
#7570=ADVANCED_FACE('',(#1077),#661,.F.);
#7571=ADVANCED_FACE('',(#1078),#662,.F.);
#7572=ADVANCED_FACE('',(#1079),#663,.F.);
#7573=ADVANCED_FACE('',(#1080),#664,.F.);
#7574=ADVANCED_FACE('',(#1081),#665,.F.);
#7575=ADVANCED_FACE('',(#1082),#666,.F.);
#7576=ADVANCED_FACE('',(#1083),#7272,.F.);
#7577=ADVANCED_FACE('',(#1084),#7273,.F.);
#7578=ADVANCED_FACE('',(#1085),#7274,.F.);
#7579=ADVANCED_FACE('',(#1086),#7275,.F.);
#7580=ADVANCED_FACE('',(#1087,#811),#7276,.T.);
#7581=ADVANCED_FACE('',(#1088),#667,.F.);
#7582=ADVANCED_FACE('',(#1089),#668,.F.);
#7583=ADVANCED_FACE('',(#1090),#669,.F.);
#7584=ADVANCED_FACE('',(#1091),#670,.F.);
#7585=ADVANCED_FACE('',(#1092),#671,.F.);
#7586=ADVANCED_FACE('',(#1093),#672,.F.);
#7587=ADVANCED_FACE('',(#1094),#673,.F.);
#7588=ADVANCED_FACE('',(#1095),#674,.F.);
#7589=ADVANCED_FACE('',(#1096),#675,.F.);
#7590=ADVANCED_FACE('',(#1097),#7277,.F.);
#7591=ADVANCED_FACE('',(#1098),#7278,.F.);
#7592=ADVANCED_FACE('',(#1099),#676,.F.);
#7593=ADVANCED_FACE('',(#1100),#677,.F.);
#7594=ADVANCED_FACE('',(#1101),#7279,.F.);
#7595=ADVANCED_FACE('',(#1102),#678,.F.);
#7596=ADVANCED_FACE('',(#1103),#679,.F.);
#7597=ADVANCED_FACE('',(#1104),#680,.F.);
#7598=ADVANCED_FACE('',(#1105),#681,.F.);
#7599=ADVANCED_FACE('',(#1106),#682,.F.);
#7600=ADVANCED_FACE('',(#1107),#683,.F.);
#7601=ADVANCED_FACE('',(#1108),#684,.F.);
#7602=ADVANCED_FACE('',(#1109),#7280,.F.);
#7603=ADVANCED_FACE('',(#1110),#685,.F.);
#7604=ADVANCED_FACE('',(#1111),#686,.F.);
#7605=ADVANCED_FACE('',(#1112),#687,.F.);
#7606=ADVANCED_FACE('',(#1113),#688,.F.);
#7607=ADVANCED_FACE('',(#1114),#689,.F.);
#7608=ADVANCED_FACE('',(#1115),#690,.F.);
#7609=ADVANCED_FACE('',(#1116),#691,.F.);
#7610=ADVANCED_FACE('',(#1117),#692,.F.);
#7611=ADVANCED_FACE('',(#1118),#693,.F.);
#7612=ADVANCED_FACE('',(#1119),#694,.F.);
#7613=ADVANCED_FACE('',(#1120),#695,.F.);
#7614=ADVANCED_FACE('',(#1121),#696,.F.);
#7615=ADVANCED_FACE('',(#1122),#697,.F.);
#7616=ADVANCED_FACE('',(#1123),#698,.F.);
#7617=ADVANCED_FACE('',(#1124),#699,.F.);
#7618=ADVANCED_FACE('',(#1125,#812),#7281,.T.);
#7619=ADVANCED_FACE('',(#1126),#700,.F.);
#7620=ADVANCED_FACE('',(#1127),#701,.F.);
#7621=ADVANCED_FACE('',(#1128),#702,.F.);
#7622=ADVANCED_FACE('',(#1129),#703,.F.);
#7623=ADVANCED_FACE('',(#1130),#704,.F.);
#7624=ADVANCED_FACE('',(#1131),#705,.F.);
#7625=ADVANCED_FACE('',(#1132),#706,.F.);
#7626=ADVANCED_FACE('',(#1133),#707,.F.);
#7627=ADVANCED_FACE('',(#1134),#708,.F.);
#7628=ADVANCED_FACE('',(#1135),#709,.F.);
#7629=ADVANCED_FACE('',(#1136),#710,.F.);
#7630=ADVANCED_FACE('',(#1137),#711,.F.);
#7631=ADVANCED_FACE('',(#1138),#712,.F.);
#7632=ADVANCED_FACE('',(#1139),#713,.F.);
#7633=ADVANCED_FACE('',(#1140),#714,.F.);
#7634=ADVANCED_FACE('',(#1141),#715,.F.);
#7635=ADVANCED_FACE('',(#1142),#716,.F.);
#7636=ADVANCED_FACE('',(#1143,#813),#7282,.T.);
#7637=ADVANCED_FACE('',(#1144),#7283,.F.);
#7638=ADVANCED_FACE('',(#1145),#7284,.F.);
#7639=ADVANCED_FACE('',(#1146),#7285,.F.);
#7640=ADVANCED_FACE('',(#1147),#7286,.F.);
#7641=ADVANCED_FACE('',(#1148),#7287,.F.);
#7642=ADVANCED_FACE('',(#1149),#7288,.F.);
#7643=ADVANCED_FACE('',(#1150),#7289,.F.);
#7644=ADVANCED_FACE('',(#1151),#7290,.F.);
#7645=ADVANCED_FACE('',(#1152),#7291,.F.);
#7646=ADVANCED_FACE('',(#1153),#7292,.F.);
#7647=ADVANCED_FACE('',(#1154),#7293,.F.);
#7648=ADVANCED_FACE('',(#1155),#7294,.F.);
#7649=ADVANCED_FACE('',(#1156),#7295,.F.);
#7650=ADVANCED_FACE('',(#1157),#7296,.F.);
#7651=ADVANCED_FACE('',(#1158),#7297,.F.);
#7652=ADVANCED_FACE('',(#1159),#7298,.F.);
#7653=ADVANCED_FACE('',(#1160),#7299,.F.);
#7654=ADVANCED_FACE('',(#1161),#7300,.F.);
#7655=ADVANCED_FACE('',(#1162),#7301,.F.);
#7656=ADVANCED_FACE('',(#1163),#7302,.F.);
#7657=ADVANCED_FACE('',(#1164),#7303,.F.);
#7658=ADVANCED_FACE('',(#1165),#7304,.F.);
#7659=ADVANCED_FACE('',(#1166),#717,.F.);
#7660=ADVANCED_FACE('',(#1167),#718,.F.);
#7661=ADVANCED_FACE('',(#1168),#7305,.F.);
#7662=ADVANCED_FACE('',(#1169),#7306,.F.);
#7663=ADVANCED_FACE('',(#1170),#7307,.F.);
#7664=ADVANCED_FACE('',(#1171),#7308,.F.);
#7665=ADVANCED_FACE('',(#1172),#7309,.T.);
#7666=ADVANCED_FACE('',(#1173),#719,.F.);
#7667=ADVANCED_FACE('',(#1174),#720,.F.);
#7668=ADVANCED_FACE('',(#1175),#721,.F.);
#7669=ADVANCED_FACE('',(#1176),#722,.F.);
#7670=ADVANCED_FACE('',(#1177),#723,.F.);
#7671=ADVANCED_FACE('',(#1178),#724,.F.);
#7672=ADVANCED_FACE('',(#1179),#725,.F.);
#7673=ADVANCED_FACE('',(#1180),#726,.F.);
#7674=ADVANCED_FACE('',(#1181),#7310,.F.);
#7675=ADVANCED_FACE('',(#1182),#7311,.F.);
#7676=ADVANCED_FACE('',(#1183),#7312,.F.);
#7677=ADVANCED_FACE('',(#1184),#727,.F.);
#7678=ADVANCED_FACE('',(#1185),#728,.F.);
#7679=ADVANCED_FACE('',(#1186),#729,.F.);
#7680=ADVANCED_FACE('',(#1187),#730,.F.);
#7681=ADVANCED_FACE('',(#1188),#731,.F.);
#7682=ADVANCED_FACE('',(#1189),#732,.F.);
#7683=ADVANCED_FACE('',(#1190),#733,.F.);
#7684=ADVANCED_FACE('',(#1191),#734,.F.);
#7685=ADVANCED_FACE('',(#1192),#735,.F.);
#7686=ADVANCED_FACE('',(#1193),#7313,.F.);
#7687=ADVANCED_FACE('',(#1194),#7314,.F.);
#7688=ADVANCED_FACE('',(#1195,#814),#7315,.T.);
#7689=ADVANCED_FACE('',(#1196),#736,.F.);
#7690=ADVANCED_FACE('',(#1197),#737,.F.);
#7691=ADVANCED_FACE('',(#1198),#738,.F.);
#7692=ADVANCED_FACE('',(#1199),#739,.F.);
#7693=ADVANCED_FACE('',(#1200),#740,.F.);
#7694=ADVANCED_FACE('',(#1201),#741,.F.);
#7695=ADVANCED_FACE('',(#1202),#742,.F.);
#7696=ADVANCED_FACE('',(#1203),#743,.F.);
#7697=ADVANCED_FACE('',(#1204),#7316,.F.);
#7698=ADVANCED_FACE('',(#1205),#7317,.F.);
#7699=ADVANCED_FACE('',(#1206),#7318,.F.);
#7700=ADVANCED_FACE('',(#1207),#744,.F.);
#7701=ADVANCED_FACE('',(#1208),#745,.F.);
#7702=ADVANCED_FACE('',(#1209),#746,.F.);
#7703=ADVANCED_FACE('',(#1210),#747,.F.);
#7704=ADVANCED_FACE('',(#1211),#748,.F.);
#7705=ADVANCED_FACE('',(#1212),#749,.F.);
#7706=ADVANCED_FACE('',(#1213),#750,.F.);
#7707=ADVANCED_FACE('',(#1214),#751,.F.);
#7708=ADVANCED_FACE('',(#1215),#752,.F.);
#7709=ADVANCED_FACE('',(#1216),#7319,.F.);
#7710=ADVANCED_FACE('',(#1217),#7320,.F.);
#7711=ADVANCED_FACE('',(#1218,#815),#7321,.T.);
#7712=ADVANCED_FACE('',(#1219),#753,.F.);
#7713=ADVANCED_FACE('',(#1220),#754,.F.);
#7714=ADVANCED_FACE('',(#1221),#755,.F.);
#7715=ADVANCED_FACE('',(#1222),#756,.F.);
#7716=ADVANCED_FACE('',(#1223),#757,.F.);
#7717=ADVANCED_FACE('',(#1224),#758,.F.);
#7718=ADVANCED_FACE('',(#1225),#759,.F.);
#7719=ADVANCED_FACE('',(#1226),#7322,.F.);
#7720=ADVANCED_FACE('',(#1227),#760,.F.);
#7721=ADVANCED_FACE('',(#1228),#761,.F.);
#7722=ADVANCED_FACE('',(#1229),#762,.F.);
#7723=ADVANCED_FACE('',(#1230),#763,.F.);
#7724=ADVANCED_FACE('',(#1231),#764,.F.);
#7725=ADVANCED_FACE('',(#1232),#765,.F.);
#7726=ADVANCED_FACE('',(#1233),#766,.F.);
#7727=ADVANCED_FACE('',(#1234),#767,.F.);
#7728=ADVANCED_FACE('',(#1235),#768,.F.);
#7729=ADVANCED_FACE('',(#1236),#7323,.F.);
#7730=ADVANCED_FACE('',(#1237),#769,.F.);
#7731=ADVANCED_FACE('',(#1238),#7324,.T.);
#7732=ADVANCED_FACE('',(#1239),#7325,.F.);
#7733=ADVANCED_FACE('',(#1240),#7326,.F.);
#7734=ADVANCED_FACE('',(#1241),#7327,.F.);
#7735=ADVANCED_FACE('',(#1242),#7328,.F.);
#7736=ADVANCED_FACE('',(#1243),#7329,.F.);
#7737=ADVANCED_FACE('',(#1244),#7330,.F.);
#7738=ADVANCED_FACE('',(#1245),#7331,.F.);
#7739=ADVANCED_FACE('',(#1246),#7332,.F.);
#7740=ADVANCED_FACE('',(#1247),#7333,.F.);
#7741=ADVANCED_FACE('',(#1248),#7334,.F.);
#7742=ADVANCED_FACE('',(#1249),#7335,.F.);
#7743=ADVANCED_FACE('',(#1250),#7336,.F.);
#7744=ADVANCED_FACE('',(#1251),#7337,.F.);
#7745=ADVANCED_FACE('',(#1252),#7338,.F.);
#7746=ADVANCED_FACE('',(#1253),#770,.F.);
#7747=ADVANCED_FACE('',(#1254),#771,.F.);
#7748=ADVANCED_FACE('',(#1255),#7339,.F.);
#7749=ADVANCED_FACE('',(#1256),#7340,.F.);
#7750=ADVANCED_FACE('',(#1257),#7341,.F.);
#7751=ADVANCED_FACE('',(#1258),#7342,.F.);
#7752=ADVANCED_FACE('',(#1259),#7343,.T.);
#7753=ADVANCED_FACE('',(#1260,#816,#817,#818,#819,#820,#821,#822,#823,#824,
#825,#826,#827,#828,#829,#830,#831,#832,#833,#834,#835,#836,#837,#838),
#7344,.T.);
#7754=ADVANCED_FACE('',(#1261),#7345,.T.);
#7755=ADVANCED_FACE('',(#1262),#7346,.T.);
#7756=ADVANCED_FACE('',(#1263),#7347,.T.);
#7757=ADVANCED_FACE('',(#1264),#7348,.T.);
#7758=ADVANCED_FACE('',(#1265),#7349,.T.);
#7759=ADVANCED_FACE('',(#1266),#7350,.T.);
#7760=ADVANCED_FACE('',(#1267),#7351,.T.);
#7761=ADVANCED_FACE('',(#1268),#7352,.F.);
#7762=ADVANCED_FACE('',(#1269),#7353,.F.);
#7763=ADVANCED_FACE('',(#1270),#7354,.F.);
#7764=ADVANCED_FACE('',(#1271),#7355,.F.);
#7765=ADVANCED_FACE('',(#1272),#7356,.F.);
#7766=ADVANCED_FACE('',(#1273),#7357,.F.);
#7767=ADVANCED_FACE('',(#1274),#7358,.F.);
#7768=ADVANCED_FACE('',(#1275),#7359,.F.);
#7769=ADVANCED_FACE('',(#1276),#7360,.F.);
#7770=ADVANCED_FACE('',(#1277),#7361,.F.);
#7771=ADVANCED_FACE('',(#1278),#7362,.F.);
#7772=ADVANCED_FACE('',(#1279,#839,#840,#841,#842,#843,#844),#7363,.F.);
#7773=ADVANCED_FACE('',(#1280),#7364,.T.);
#7774=ADVANCED_FACE('',(#1281),#788,.T.);
#7775=ADVANCED_FACE('',(#1282),#7365,.T.);
#7776=ADVANCED_FACE('',(#1283),#789,.T.);
#7777=ADVANCED_FACE('',(#1284),#790,.T.);
#7778=ADVANCED_FACE('',(#1285),#7366,.T.);
#7779=ADVANCED_FACE('',(#1286),#791,.T.);
#7780=ADVANCED_FACE('',(#1287),#792,.F.);
#7781=ADVANCED_FACE('',(#1288),#793,.F.);
#7782=ADVANCED_FACE('',(#1289),#794,.F.);
#7783=ADVANCED_FACE('',(#1290),#795,.F.);
#7784=ADVANCED_FACE('',(#1291),#7367,.T.);
#7785=ADVANCED_FACE('',(#1292),#7368,.T.);
#7786=ADVANCED_FACE('',(#1293),#7369,.T.);
#7787=CLOSED_SHELL('',(#7370,#7371,#7372,#7373,#7374,#7375,#7376,#7377,
#7378,#7379,#7380,#7381,#7382,#7383,#7384,#7385,#7386,#7387,#7388,#7389,
#7390,#7391,#7392,#7393,#7394,#7395));
#7788=CLOSED_SHELL('',(#7396,#7397,#7398,#7399,#7400,#7401,#7402,#7403,
#7404,#7405,#7406,#7407,#7408,#7409,#7410,#7411,#7412,#7413,#7414,#7415,
#7416,#7417,#7418,#7419,#7420,#7421,#7422,#7423,#7424,#7425,#7426,#7427,
#7428,#7429,#7430,#7431,#7432,#7433,#7434,#7435,#7436,#7437,#7438,#7439,
#7440,#7441,#7442,#7443,#7444,#7445,#7446,#7447,#7448,#7449,#7450,#7451,
#7452,#7453,#7454,#7455,#7456,#7457,#7458,#7459,#7460,#7461,#7462,#7463,
#7464,#7465,#7466,#7467,#7468,#7469,#7470,#7471,#7472,#7473,#7474,#7475,
#7476,#7477,#7478,#7479,#7480,#7481,#7482,#7483,#7484,#7485,#7486,#7487,
#7488,#7489,#7490,#7491,#7492,#7493,#7494,#7495,#7496,#7497,#7498,#7499,
#7500,#7501,#7502,#7503,#7504,#7505,#7506,#7507,#7508,#7509,#7510,#7511,
#7512,#7513,#7514,#7515,#7516,#7517,#7518,#7519,#7520,#7521,#7522,#7523,
#7524,#7525,#7526,#7527,#7528,#7529,#7530,#7531,#7532,#7533,#7534,#7535,
#7536,#7537,#7538,#7539,#7540,#7541,#7542,#7543,#7544,#7545,#7546,#7547,
#7548,#7549,#7550,#7551,#7552,#7553,#7554,#7555,#7556,#7557,#7558,#7559,
#7560,#7561,#7562,#7563,#7564,#7565,#7566,#7567,#7568,#7569,#7570,#7571,
#7572,#7573,#7574,#7575,#7576,#7577,#7578,#7579,#7580,#7581,#7582,#7583,
#7584,#7585,#7586,#7587,#7588,#7589,#7590,#7591,#7592,#7593,#7594,#7595,
#7596,#7597,#7598,#7599,#7600,#7601,#7602,#7603,#7604,#7605,#7606,#7607,
#7608,#7609,#7610,#7611,#7612,#7613,#7614,#7615,#7616,#7617,#7618,#7619,
#7620,#7621,#7622,#7623,#7624,#7625,#7626,#7627,#7628,#7629,#7630,#7631,
#7632,#7633,#7634,#7635,#7636,#7637,#7638,#7639,#7640,#7641,#7642,#7643,
#7644,#7645,#7646,#7647,#7648,#7649,#7650,#7651,#7652,#7653,#7654,#7655,
#7656,#7657,#7658,#7659,#7660,#7661,#7662,#7663,#7664,#7665,#7666,#7667,
#7668,#7669,#7670,#7671,#7672,#7673,#7674,#7675,#7676,#7677,#7678,#7679,
#7680,#7681,#7682,#7683,#7684,#7685,#7686,#7687,#7688,#7689,#7690,#7691,
#7692,#7693,#7694,#7695,#7696,#7697,#7698,#7699,#7700,#7701,#7702,#7703,
#7704,#7705,#7706,#7707,#7708,#7709,#7710,#7711,#7712,#7713,#7714,#7715,
#7716,#7717,#7718,#7719,#7720,#7721,#7722,#7723,#7724,#7725,#7726,#7727,
#7728,#7729,#7730,#7731,#7732,#7733,#7734,#7735,#7736,#7737,#7738,#7739,
#7740,#7741,#7742,#7743,#7744,#7745,#7746,#7747,#7748,#7749,#7750,#7751,
#7752,#7753,#7754,#7755,#7756,#7757,#7758,#7759,#7760,#7761,#7762,#7763,
#7764,#7765,#7766,#7767,#7768,#7769,#7770,#7771,#7772,#7773,#7774,#7775,
#7776,#7777,#7778,#7779,#7780,#7781,#7782,#7783,#7784,#7785,#7786));
#7789=DERIVED_UNIT_ELEMENT(#7793,1.);
#7790=DERIVED_UNIT_ELEMENT(#15657,-3.);
#7791=DERIVED_UNIT_ELEMENT(#7793,1.);
#7792=DERIVED_UNIT_ELEMENT(#15657,-3.);
#7793=(
MASS_UNIT()
NAMED_UNIT(*)
SI_UNIT(.KILO.,.GRAM.)
);
#7794=DERIVED_UNIT((#7789,#7790));
#7795=DERIVED_UNIT((#7791,#7792));
#7796=MEASURE_REPRESENTATION_ITEM('density measure',
POSITIVE_RATIO_MEASURE(7850.),#7794);
#7797=MEASURE_REPRESENTATION_ITEM('density measure',
POSITIVE_RATIO_MEASURE(7850.),#7795);
#7798=PROPERTY_DEFINITION_REPRESENTATION(#7808,#7802);
#7799=PROPERTY_DEFINITION_REPRESENTATION(#7809,#7803);
#7800=PROPERTY_DEFINITION_REPRESENTATION(#7810,#7804);
#7801=PROPERTY_DEFINITION_REPRESENTATION(#7811,#7805);
#7802=REPRESENTATION('material name',(#7806),#15653);
#7803=REPRESENTATION('density',(#7796),#15653);
#7804=REPRESENTATION('material name',(#7807),#15654);
#7805=REPRESENTATION('density',(#7797),#15654);
#7806=DESCRIPTIVE_REPRESENTATION_ITEM('Stahl','Stahl');
#7807=DESCRIPTIVE_REPRESENTATION_ITEM('Stahl','Stahl');
#7808=PROPERTY_DEFINITION('material property','material name',#15673);
#7809=PROPERTY_DEFINITION('material property','density of part',#15673);
#7810=PROPERTY_DEFINITION('material property','material name',#15674);
#7811=PROPERTY_DEFINITION('material property','density of part',#15674);
#7812=AXIS2_PLACEMENT_3D('',#9039,#8015,#8016);
#7813=AXIS2_PLACEMENT_3D('',#9040,#8017,#8018);
#7814=AXIS2_PLACEMENT_3D('',#9041,#8019,#8020);
#7815=AXIS2_PLACEMENT_3D('',#9050,#8025,#8026);
#7816=AXIS2_PLACEMENT_3D('',#9059,#8031,#8032);
#7817=AXIS2_PLACEMENT_3D('',#9062,#8035,#8036);
#7818=AXIS2_PLACEMENT_3D('',#9082,#8047,#8048);
#7819=AXIS2_PLACEMENT_3D('',#9084,#8049,#8050);
#7820=AXIS2_PLACEMENT_3D('',#9086,#8051,#8052);
#7821=AXIS2_PLACEMENT_3D('',#9088,#8053,#8054);
#7822=AXIS2_PLACEMENT_3D('',#9089,#8055,#8056);
#7823=AXIS2_PLACEMENT_3D('',#9095,#8060,#8061);
#7824=AXIS2_PLACEMENT_3D('',#9104,#8066,#8067);
#7825=AXIS2_PLACEMENT_3D('',#9107,#8070,#8071);
#7826=AXIS2_PLACEMENT_3D('',#9109,#8073,#8074);
#7827=AXIS2_PLACEMENT_3D('',#9111,#8075,#8076);
#7828=AXIS2_PLACEMENT_3D('',#9114,#8078,#8079);
#7829=AXIS2_PLACEMENT_3D('',#9115,#8080,#8081);
#7830=AXIS2_PLACEMENT_3D('',#9117,#8082,#8083);
#7831=AXIS2_PLACEMENT_3D('',#9120,#8085,#8086);
#7832=AXIS2_PLACEMENT_3D('',#9121,#8087,#8088);
#7833=AXIS2_PLACEMENT_3D('',#9123,#8089,#8090);
#7834=AXIS2_PLACEMENT_3D('',#9126,#8092,#8093);
#7835=AXIS2_PLACEMENT_3D('',#9127,#8094,#8095);
#7836=AXIS2_PLACEMENT_3D('',#9129,#8096,#8097);
#7837=AXIS2_PLACEMENT_3D('',#9132,#8099,#8100);
#7838=AXIS2_PLACEMENT_3D('',#9133,#8101,#8102);
#7839=AXIS2_PLACEMENT_3D('',#9139,#8106,#8107);
#7840=AXIS2_PLACEMENT_3D('',#9141,#8108,#8109);
#7841=AXIS2_PLACEMENT_3D('',#9142,#8110,#8111);
#7842=AXIS2_PLACEMENT_3D('',#9144,#8112,#8113);
#7843=AXIS2_PLACEMENT_3D('',#9145,#8114,#8115);
#7844=AXIS2_PLACEMENT_3D('',#9147,#8116,#8117);
#7845=AXIS2_PLACEMENT_3D('',#9148,#8118,#8119);
#7846=AXIS2_PLACEMENT_3D('',#9150,#8121,#8122);
#7847=AXIS2_PLACEMENT_3D('',#9151,#8123,#8124);
#7848=AXIS2_PLACEMENT_3D('',#9153,#8126,#8127);
#7849=AXIS2_PLACEMENT_3D('',#9155,#8129,#8130);
#7850=AXIS2_PLACEMENT_3D('',#9158,#8132,#8133);
#7851=AXIS2_PLACEMENT_3D('',#9159,#8134,#8135);
#7852=AXIS2_PLACEMENT_3D('',#9161,#8137,#8138);
#7853=AXIS2_PLACEMENT_3D('',#9164,#8141,#8142);
#7854=AXIS2_PLACEMENT_3D('',#9165,#8143,#8144);
#7855=AXIS2_PLACEMENT_3D('',#9166,#8145,#8146);
#7856=AXIS2_PLACEMENT_3D('',#9167,#8147,#8148);
#7857=AXIS2_PLACEMENT_3D('',#9168,#8149,#8150);
#7858=AXIS2_PLACEMENT_3D('',#9177,#8155,#8156);
#7859=AXIS2_PLACEMENT_3D('',#9183,#8160,#8161);
#7860=AXIS2_PLACEMENT_3D('',#9189,#8165,#8166);
#7861=AXIS2_PLACEMENT_3D('',#9192,#8169,#8170);
#7862=AXIS2_PLACEMENT_3D('',#9193,#8171,#8172);
#7863=AXIS2_PLACEMENT_3D('',#9294,#8181,#8182);
#7864=AXIS2_PLACEMENT_3D('',#9369,#8189,#8190);
#7865=AXIS2_PLACEMENT_3D('',#9375,#8194,#8195);
#7866=AXIS2_PLACEMENT_3D('',#9381,#8199,#8200);
#7867=AXIS2_PLACEMENT_3D('',#9387,#8204,#8205);
#7868=AXIS2_PLACEMENT_3D('',#9390,#8208,#8209);
#7869=AXIS2_PLACEMENT_3D('',#9782,#8227,#8228);
#7870=AXIS2_PLACEMENT_3D('',#9993,#8239,#8240);
#7871=AXIS2_PLACEMENT_3D('',#9996,#8243,#8244);
#7872=AXIS2_PLACEMENT_3D('',#10051,#8251,#8252);
#7873=AXIS2_PLACEMENT_3D('',#10218,#8263,#8264);
#7874=AXIS2_PLACEMENT_3D('',#10566,#8282,#8283);
#7875=AXIS2_PLACEMENT_3D('',#10892,#8299,#8300);
#7876=AXIS2_PLACEMENT_3D('',#11266,#8320,#8321);
#7877=AXIS2_PLACEMENT_3D('',#11292,#8325,#8326);
#7878=AXIS2_PLACEMENT_3D('',#11503,#8337,#8338);
#7879=AXIS2_PLACEMENT_3D('',#11506,#8341,#8342);
#7880=AXIS2_PLACEMENT_3D('',#11561,#8349,#8350);
#7881=AXIS2_PLACEMENT_3D('',#11728,#8361,#8362);
#7882=AXIS2_PLACEMENT_3D('',#12076,#8380,#8381);
#7883=AXIS2_PLACEMENT_3D('',#12077,#8382,#8383);
#7884=AXIS2_PLACEMENT_3D('',#12178,#8392,#8393);
#7885=AXIS2_PLACEMENT_3D('',#12253,#8400,#8401);
#7886=AXIS2_PLACEMENT_3D('',#12259,#8405,#8406);
#7887=AXIS2_PLACEMENT_3D('',#12265,#8410,#8411);
#7888=AXIS2_PLACEMENT_3D('',#12271,#8415,#8416);
#7889=AXIS2_PLACEMENT_3D('',#12274,#8419,#8420);
#7890=AXIS2_PLACEMENT_3D('',#12459,#8429,#8430);
#7891=AXIS2_PLACEMENT_3D('',#12698,#8445,#8446);
#7892=AXIS2_PLACEMENT_3D('',#12704,#8450,#8451);
#7893=AXIS2_PLACEMENT_3D('',#12710,#8455,#8456);
#7894=AXIS2_PLACEMENT_3D('',#12716,#8460,#8461);
#7895=AXIS2_PLACEMENT_3D('',#12719,#8464,#8465);
#7896=AXIS2_PLACEMENT_3D('',#12930,#8476,#8477);
#7897=AXIS2_PLACEMENT_3D('',#12933,#8480,#8481);
#7898=AXIS2_PLACEMENT_3D('',#12988,#8488,#8489);
#7899=AXIS2_PLACEMENT_3D('',#13155,#8500,#8501);
#7900=AXIS2_PLACEMENT_3D('',#13503,#8519,#8520);
#7901=AXIS2_PLACEMENT_3D('',#13895,#8538,#8539);
#7902=AXIS2_PLACEMENT_3D('',#13896,#8540,#8541);
#7903=AXIS2_PLACEMENT_3D('',#13905,#8546,#8547);
#7904=AXIS2_PLACEMENT_3D('',#13911,#8551,#8552);
#7905=AXIS2_PLACEMENT_3D('',#13917,#8556,#8557);
#7906=AXIS2_PLACEMENT_3D('',#13923,#8561,#8562);
#7907=AXIS2_PLACEMENT_3D('',#13929,#8566,#8567);
#7908=AXIS2_PLACEMENT_3D('',#13935,#8571,#8572);
#7909=AXIS2_PLACEMENT_3D('',#13941,#8576,#8577);
#7910=AXIS2_PLACEMENT_3D('',#13947,#8581,#8582);
#7911=AXIS2_PLACEMENT_3D('',#13953,#8586,#8587);
#7912=AXIS2_PLACEMENT_3D('',#13959,#8591,#8592);
#7913=AXIS2_PLACEMENT_3D('',#13965,#8596,#8597);
#7914=AXIS2_PLACEMENT_3D('',#13968,#8600,#8601);
#7915=AXIS2_PLACEMENT_3D('',#13969,#8602,#8603);
#7916=AXIS2_PLACEMENT_3D('',#13978,#8608,#8609);
#7917=AXIS2_PLACEMENT_3D('',#13984,#8613,#8614);
#7918=AXIS2_PLACEMENT_3D('',#13990,#8618,#8619);
#7919=AXIS2_PLACEMENT_3D('',#13996,#8623,#8624);
#7920=AXIS2_PLACEMENT_3D('',#14002,#8628,#8629);
#7921=AXIS2_PLACEMENT_3D('',#14008,#8633,#8634);
#7922=AXIS2_PLACEMENT_3D('',#14014,#8638,#8639);
#7923=AXIS2_PLACEMENT_3D('',#14020,#8643,#8644);
#7924=AXIS2_PLACEMENT_3D('',#14072,#8650,#8651);
#7925=AXIS2_PLACEMENT_3D('',#14078,#8655,#8656);
#7926=AXIS2_PLACEMENT_3D('',#14084,#8660,#8661);
#7927=AXIS2_PLACEMENT_3D('',#14090,#8665,#8666);
#7928=AXIS2_PLACEMENT_3D('',#14093,#8669,#8670);
#7929=AXIS2_PLACEMENT_3D('',#14278,#8679,#8680);
#7930=AXIS2_PLACEMENT_3D('',#14287,#8685,#8686);
#7931=AXIS2_PLACEMENT_3D('',#14293,#8690,#8691);
#7932=AXIS2_PLACEMENT_3D('',#14506,#8704,#8705);
#7933=AXIS2_PLACEMENT_3D('',#14512,#8709,#8710);
#7934=AXIS2_PLACEMENT_3D('',#14515,#8713,#8714);
#7935=AXIS2_PLACEMENT_3D('',#14700,#8723,#8724);
#7936=AXIS2_PLACEMENT_3D('',#14709,#8729,#8730);
#7937=AXIS2_PLACEMENT_3D('',#14715,#8734,#8735);
#7938=AXIS2_PLACEMENT_3D('',#14928,#8748,#8749);
#7939=AXIS2_PLACEMENT_3D('',#14934,#8753,#8754);
#7940=AXIS2_PLACEMENT_3D('',#14937,#8757,#8758);
#7941=AXIS2_PLACEMENT_3D('',#15102,#8767,#8768);
#7942=AXIS2_PLACEMENT_3D('',#15315,#8781,#8782);
#7943=AXIS2_PLACEMENT_3D('',#15341,#8786,#8787);
#7944=AXIS2_PLACEMENT_3D('',#15342,#8788,#8789);
#7945=AXIS2_PLACEMENT_3D('',#15351,#8794,#8795);
#7946=AXIS2_PLACEMENT_3D('',#15357,#8799,#8800);
#7947=AXIS2_PLACEMENT_3D('',#15363,#8804,#8805);
#7948=AXIS2_PLACEMENT_3D('',#15366,#8808,#8809);
#7949=AXIS2_PLACEMENT_3D('',#15367,#8810,#8811);
#7950=AXIS2_PLACEMENT_3D('',#15376,#8816,#8817);
#7951=AXIS2_PLACEMENT_3D('',#15382,#8821,#8822);
#7952=AXIS2_PLACEMENT_3D('',#15388,#8826,#8827);
#7953=AXIS2_PLACEMENT_3D('',#15394,#8831,#8832);
#7954=AXIS2_PLACEMENT_3D('',#15400,#8836,#8837);
#7955=AXIS2_PLACEMENT_3D('',#15406,#8841,#8842);
#7956=AXIS2_PLACEMENT_3D('',#15412,#8846,#8847);
#7957=AXIS2_PLACEMENT_3D('',#15418,#8851,#8852);
#7958=AXIS2_PLACEMENT_3D('',#15470,#8858,#8859);
#7959=AXIS2_PLACEMENT_3D('',#15476,#8863,#8864);
#7960=AXIS2_PLACEMENT_3D('',#15482,#8868,#8869);
#7961=AXIS2_PLACEMENT_3D('',#15488,#8873,#8874);
#7962=AXIS2_PLACEMENT_3D('',#15491,#8877,#8878);
#7963=AXIS2_PLACEMENT_3D('',#15492,#8879,#8880);
#7964=AXIS2_PLACEMENT_3D('',#15499,#8883,#8884);
#7965=AXIS2_PLACEMENT_3D('',#15503,#8886,#8887);
#7966=AXIS2_PLACEMENT_3D('',#15507,#8889,#8890);
#7967=AXIS2_PLACEMENT_3D('',#15511,#8892,#8893);
#7968=AXIS2_PLACEMENT_3D('',#15534,#8905,#8906);
#7969=AXIS2_PLACEMENT_3D('',#15536,#8907,#8908);
#7970=AXIS2_PLACEMENT_3D('',#15538,#8909,#8910);
#7971=AXIS2_PLACEMENT_3D('',#15540,#8911,#8912);
#7972=AXIS2_PLACEMENT_3D('',#15541,#8913,#8914);
#7973=AXIS2_PLACEMENT_3D('',#15542,#8915,#8916);
#7974=AXIS2_PLACEMENT_3D('',#15543,#8917,#8918);
#7975=AXIS2_PLACEMENT_3D('',#15544,#8919,#8920);
#7976=AXIS2_PLACEMENT_3D('',#15545,#8921,#8922);
#7977=AXIS2_PLACEMENT_3D('',#15546,#8923,#8924);
#7978=AXIS2_PLACEMENT_3D('',#15547,#8925,#8926);
#7979=AXIS2_PLACEMENT_3D('',#15548,#8927,#8928);
#7980=AXIS2_PLACEMENT_3D('',#15554,#8932,#8933);
#7981=AXIS2_PLACEMENT_3D('',#15558,#8936,#8937);
#7982=AXIS2_PLACEMENT_3D('',#15562,#8940,#8941);
#7983=AXIS2_PLACEMENT_3D('',#15564,#8943,#8944);
#7984=AXIS2_PLACEMENT_3D('',#15570,#8948,#8949);
#7985=AXIS2_PLACEMENT_3D('',#15574,#8952,#8953);
#7986=AXIS2_PLACEMENT_3D('',#15578,#8956,#8957);
#7987=AXIS2_PLACEMENT_3D('',#15580,#8959,#8960);
#7988=AXIS2_PLACEMENT_3D('',#15586,#8964,#8965);
#7989=AXIS2_PLACEMENT_3D('',#15590,#8968,#8969);
#7990=AXIS2_PLACEMENT_3D('',#15594,#8972,#8973);
#7991=AXIS2_PLACEMENT_3D('',#15598,#8975,#8976);
#7992=AXIS2_PLACEMENT_3D('',#15602,#8978,#8979);
#7993=AXIS2_PLACEMENT_3D('',#15606,#8981,#8982);
#7994=AXIS2_PLACEMENT_3D('',#15610,#8984,#8985);
#7995=AXIS2_PLACEMENT_3D('',#15613,#8987,#8988);
#7996=AXIS2_PLACEMENT_3D('',#15615,#8989,#8990);
#7997=AXIS2_PLACEMENT_3D('',#15617,#8991,#8992);
#7998=AXIS2_PLACEMENT_3D('',#15619,#8993,#8994);
#7999=AXIS2_PLACEMENT_3D('',#15620,#8995,#8996);
#8000=AXIS2_PLACEMENT_3D('',#15622,#8998,#8999);
#8001=AXIS2_PLACEMENT_3D('',#15625,#9002,#9003);
#8002=AXIS2_PLACEMENT_3D('',#15626,#9004,#9005);
#8003=AXIS2_PLACEMENT_3D('',#15628,#9007,#9008);
#8004=AXIS2_PLACEMENT_3D('',#15631,#9011,#9012);
#8005=AXIS2_PLACEMENT_3D('',#15633,#9014,#9015);
#8006=AXIS2_PLACEMENT_3D('',#15635,#9017,#9018);
#8007=AXIS2_PLACEMENT_3D('',#15637,#9020,#9021);
#8008=AXIS2_PLACEMENT_3D('',#15639,#9023,#9024);
#8009=AXIS2_PLACEMENT_3D('',#15641,#9026,#9027);
#8010=AXIS2_PLACEMENT_3D('',#15643,#9029,#9030);
#8011=AXIS2_PLACEMENT_3D('',#15644,#9031,#9032);
#8012=AXIS2_PLACEMENT_3D('',#15645,#9033,#9034);
#8013=AXIS2_PLACEMENT_3D('',#15646,#9035,#9036);
#8014=AXIS2_PLACEMENT_3D('',#15647,#9037,#9038);
#8015=DIRECTION('axis',(0.,0.,1.));
#8016=DIRECTION('refdir',(1.,0.,0.));
#8017=DIRECTION('axis',(0.,0.,1.));
#8018=DIRECTION('refdir',(1.,0.,0.));
#8019=DIRECTION('center_axis',(-1.,0.,0.));
#8020=DIRECTION('ref_axis',(0.,1.,0.));
#8021=DIRECTION('',(0.,1.,0.));
#8022=DIRECTION('',(0.,0.,1.));
#8023=DIRECTION('',(0.,1.,0.));
#8024=DIRECTION('',(0.,0.,-1.));
#8025=DIRECTION('center_axis',(1.,0.,0.));
#8026=DIRECTION('ref_axis',(0.,-1.,0.));
#8027=DIRECTION('',(0.,-1.,0.));
#8028=DIRECTION('',(0.,0.,1.));
#8029=DIRECTION('',(0.,-1.,0.));
#8030=DIRECTION('',(0.,0.,-1.));
#8031=DIRECTION('center_axis',(0.,0.,-1.));
#8032=DIRECTION('ref_axis',(-1.,0.,0.));
#8033=DIRECTION('',(1.,0.,0.));
#8034=DIRECTION('',(-1.,0.,0.));
#8035=DIRECTION('center_axis',(0.,0.,1.));
#8036=DIRECTION('ref_axis',(1.,0.,0.));
#8037=DIRECTION('',(-1.,0.,0.));
#8038=DIRECTION('',(-5.34403381287681E-17,-1.,0.));
#8039=DIRECTION('',(1.,0.,0.));
#8040=DIRECTION('',(0.,1.,0.));
#8041=DIRECTION('',(-1.,0.,0.));
#8042=DIRECTION('',(1.,0.,0.));
#8043=DIRECTION('',(0.,-1.,0.));
#8044=DIRECTION('',(-1.,0.,0.));
#8045=DIRECTION('',(0.,1.,0.));
#8046=DIRECTION('',(1.,0.,0.));
#8047=DIRECTION('center_axis',(0.,0.,-1.));
#8048=DIRECTION('ref_axis',(1.,0.,0.));
#8049=DIRECTION('center_axis',(0.,0.,-1.));
#8050=DIRECTION('ref_axis',(1.,0.,0.));
#8051=DIRECTION('center_axis',(0.,0.,-1.));
#8052=DIRECTION('ref_axis',(1.,0.,0.));
#8053=DIRECTION('center_axis',(0.,0.,-1.));
#8054=DIRECTION('ref_axis',(1.,0.,0.));
#8055=DIRECTION('center_axis',(0.,1.,0.));
#8056=DIRECTION('ref_axis',(-1.,0.,0.));
#8057=DIRECTION('',(0.,0.,1.));
#8058=DIRECTION('',(-1.,0.,0.));
#8059=DIRECTION('',(0.,0.,1.));
#8060=DIRECTION('center_axis',(0.,0.,1.));
#8061=DIRECTION('ref_axis',(1.,0.,0.));
#8062=DIRECTION('',(0.,1.,0.));
#8063=DIRECTION('',(-1.,0.,0.));
#8064=DIRECTION('',(0.,-1.,0.));
#8065=DIRECTION('',(1.,0.,0.));
#8066=DIRECTION('center_axis',(0.,1.,0.));
#8067=DIRECTION('ref_axis',(-1.,0.,0.));
#8068=DIRECTION('',(0.,0.,1.));
#8069=DIRECTION('',(0.,0.,1.));
#8070=DIRECTION('center_axis',(1.,0.,0.));
#8071=DIRECTION('ref_axis',(0.,1.,0.));
#8072=DIRECTION('',(0.,0.,1.));
#8073=DIRECTION('center_axis',(0.,0.,1.));
#8074=DIRECTION('ref_axis',(1.,0.,0.));
#8075=DIRECTION('center_axis',(0.,0.,-1.));
#8076=DIRECTION('ref_axis',(1.,0.,0.));
#8077=DIRECTION('',(0.,0.,-1.));
#8078=DIRECTION('center_axis',(0.,0.,-1.));
#8079=DIRECTION('ref_axis',(1.,0.,0.));
#8080=DIRECTION('center_axis',(0.,0.,1.));
#8081=DIRECTION('ref_axis',(1.,0.,0.));
#8082=DIRECTION('center_axis',(0.,0.,-1.));
#8083=DIRECTION('ref_axis',(1.,0.,0.));
#8084=DIRECTION('',(0.,0.,-1.));
#8085=DIRECTION('center_axis',(0.,0.,-1.));
#8086=DIRECTION('ref_axis',(1.,0.,0.));
#8087=DIRECTION('center_axis',(0.,0.,1.));
#8088=DIRECTION('ref_axis',(1.,0.,0.));
#8089=DIRECTION('center_axis',(0.,0.,-1.));
#8090=DIRECTION('ref_axis',(1.,0.,0.));
#8091=DIRECTION('',(0.,0.,-1.));
#8092=DIRECTION('center_axis',(0.,0.,-1.));
#8093=DIRECTION('ref_axis',(1.,0.,0.));
#8094=DIRECTION('center_axis',(0.,0.,1.));
#8095=DIRECTION('ref_axis',(1.,0.,0.));
#8096=DIRECTION('center_axis',(0.,0.,-1.));
#8097=DIRECTION('ref_axis',(1.,0.,0.));
#8098=DIRECTION('',(0.,0.,-1.));
#8099=DIRECTION('center_axis',(0.,0.,-1.));
#8100=DIRECTION('ref_axis',(1.,0.,0.));
#8101=DIRECTION('center_axis',(0.,0.,1.));
#8102=DIRECTION('ref_axis',(1.,0.,0.));
#8103=DIRECTION('',(0.,1.,0.));
#8104=DIRECTION('',(1.,0.,0.));
#8105=DIRECTION('',(-5.34403381287681E-17,-1.,0.));
#8106=DIRECTION('center_axis',(0.,0.,1.));
#8107=DIRECTION('ref_axis',(1.,0.,0.));
#8108=DIRECTION('center_axis',(0.,0.,-1.));
#8109=DIRECTION('ref_axis',(1.,0.,0.));
#8110=DIRECTION('center_axis',(0.,0.,1.));
#8111=DIRECTION('ref_axis',(1.,0.,0.));
#8112=DIRECTION('center_axis',(0.,0.,-1.));
#8113=DIRECTION('ref_axis',(1.,0.,0.));
#8114=DIRECTION('center_axis',(0.,0.,1.));
#8115=DIRECTION('ref_axis',(1.,0.,0.));
#8116=DIRECTION('center_axis',(0.,0.,-1.));
#8117=DIRECTION('ref_axis',(1.,0.,0.));
#8118=DIRECTION('center_axis',(-1.,0.,0.));
#8119=DIRECTION('ref_axis',(0.,-1.,0.));
#8120=DIRECTION('',(0.,0.,1.));
#8121=DIRECTION('center_axis',(0.,-1.,0.));
#8122=DIRECTION('ref_axis',(1.,0.,0.));
#8123=DIRECTION('center_axis',(0.,0.,1.));
#8124=DIRECTION('ref_axis',(1.,0.,0.));
#8125=DIRECTION('',(0.,0.,-1.));
#8126=DIRECTION('center_axis',(0.,0.,1.));
#8127=DIRECTION('ref_axis',(1.,0.,0.));
#8128=DIRECTION('',(0.,0.,-1.));
#8129=DIRECTION('center_axis',(0.,0.,1.));
#8130=DIRECTION('ref_axis',(1.,0.,0.));
#8131=DIRECTION('',(0.,0.,-1.));
#8132=DIRECTION('center_axis',(0.,0.,-1.));
#8133=DIRECTION('ref_axis',(1.,0.,0.));
#8134=DIRECTION('center_axis',(0.,0.,1.));
#8135=DIRECTION('ref_axis',(1.,0.,0.));
#8136=DIRECTION('',(0.,0.,-1.));
#8137=DIRECTION('center_axis',(0.,-1.,0.));
#8138=DIRECTION('ref_axis',(1.,0.,0.));
#8139=DIRECTION('',(0.,0.,1.));
#8140=DIRECTION('',(0.,0.,1.));
#8141=DIRECTION('center_axis',(-1.,5.34403381287681E-17,0.));
#8142=DIRECTION('ref_axis',(-5.34403381287681E-17,-1.,0.));
#8143=DIRECTION('center_axis',(1.,0.,0.));
#8144=DIRECTION('ref_axis',(0.,1.,0.));
#8145=DIRECTION('center_axis',(0.,0.,1.));
#8146=DIRECTION('ref_axis',(1.,0.,0.));
#8147=DIRECTION('axis',(0.,0.,1.));
#8148=DIRECTION('refdir',(1.,0.,0.));
#8149=DIRECTION('center_axis',(1.,0.,0.));
#8150=DIRECTION('ref_axis',(0.,-1.,0.));
#8151=DIRECTION('',(0.,-1.,0.));
#8152=DIRECTION('',(0.,0.,-1.));
#8153=DIRECTION('',(0.,-1.,0.));
#8154=DIRECTION('',(0.,0.,-1.));
#8155=DIRECTION('center_axis',(0.,1.,0.));
#8156=DIRECTION('ref_axis',(1.,0.,0.));
#8157=DIRECTION('',(1.,0.,0.));
#8158=DIRECTION('',(0.,0.,-1.));
#8159=DIRECTION('',(1.,0.,0.));
#8160=DIRECTION('center_axis',(-1.,0.,0.));
#8161=DIRECTION('ref_axis',(0.,1.,0.));
#8162=DIRECTION('',(0.,1.,0.));
#8163=DIRECTION('',(0.,0.,-1.));
#8164=DIRECTION('',(0.,1.,0.));
#8165=DIRECTION('center_axis',(0.,-1.,0.));
#8166=DIRECTION('ref_axis',(-1.,0.,0.));
#8167=DIRECTION('',(-1.,0.,0.));
#8168=DIRECTION('',(-1.,0.,0.));
#8169=DIRECTION('center_axis',(0.,0.,-1.));
#8170=DIRECTION('ref_axis',(-1.,0.,0.));
#8171=DIRECTION('center_axis',(1.,0.,0.));
#8172=DIRECTION('ref_axis',(0.,-1.,0.));
#8173=DIRECTION('',(0.,-1.,0.));
#8174=DIRECTION('',(0.,0.,-1.));
#8175=DIRECTION('',(0.,-1.,0.));
#8176=DIRECTION('',(0.,0.,-1.));
#8177=DIRECTION('',(0.,0.,-1.));
#8178=DIRECTION('',(0.,0.,-1.));
#8179=DIRECTION('',(0.,0.,-1.));
#8180=DIRECTION('',(0.,0.,-1.));
#8181=DIRECTION('center_axis',(0.937477257815626,-0.348046535794416,0.));
#8182=DIRECTION('ref_axis',(-0.348046535794416,-0.937477257815626,0.));
#8183=DIRECTION('',(-0.348046535794416,-0.937477257815626,0.));
#8184=DIRECTION('',(0.,0.,-1.));
#8185=DIRECTION('',(-0.348046535794416,-0.937477257815626,0.));
#8186=DIRECTION('',(0.,0.,-1.));
#8187=DIRECTION('',(0.,0.,-1.));
#8188=DIRECTION('',(0.,0.,-1.));
#8189=DIRECTION('center_axis',(1.,0.,0.));
#8190=DIRECTION('ref_axis',(0.,-1.,0.));
#8191=DIRECTION('',(0.,-1.,0.));
#8192=DIRECTION('',(0.,0.,-1.));
#8193=DIRECTION('',(0.,-1.,0.));
#8194=DIRECTION('center_axis',(0.,1.,0.));
#8195=DIRECTION('ref_axis',(1.,0.,0.));
#8196=DIRECTION('',(1.,0.,0.));
#8197=DIRECTION('',(0.,0.,-1.));
#8198=DIRECTION('',(1.,0.,0.));
#8199=DIRECTION('center_axis',(-1.,0.,0.));
#8200=DIRECTION('ref_axis',(0.,1.,0.));
#8201=DIRECTION('',(0.,1.,0.));
#8202=DIRECTION('',(0.,0.,-1.));
#8203=DIRECTION('',(0.,1.,0.));
#8204=DIRECTION('center_axis',(0.,-1.,0.));
#8205=DIRECTION('ref_axis',(-1.,0.,0.));
#8206=DIRECTION('',(-1.,0.,0.));
#8207=DIRECTION('',(-1.,0.,0.));
#8208=DIRECTION('center_axis',(0.,0.,1.));
#8209=DIRECTION('ref_axis',(-1.,0.,0.));
#8210=DIRECTION('',(0.,0.,-1.));
#8211=DIRECTION('',(0.,0.,-1.));
#8212=DIRECTION('',(0.,0.,-1.));
#8213=DIRECTION('',(0.,0.,-1.));
#8214=DIRECTION('',(0.,0.,-1.));
#8215=DIRECTION('',(0.,0.,-1.));
#8216=DIRECTION('',(0.,0.,-1.));
#8217=DIRECTION('',(0.,0.,-1.));
#8218=DIRECTION('',(0.,0.,-1.));
#8219=DIRECTION('',(0.,0.,-1.));
#8220=DIRECTION('',(0.,0.,-1.));
#8221=DIRECTION('',(0.,0.,-1.));
#8222=DIRECTION('',(0.,0.,-1.));
#8223=DIRECTION('',(0.,0.,-1.));
#8224=DIRECTION('',(0.,0.,-1.));
#8225=DIRECTION('',(0.,0.,-1.));
#8226=DIRECTION('',(0.,0.,-1.));
#8227=DIRECTION('center_axis',(0.,0.,1.));
#8228=DIRECTION('ref_axis',(-1.,0.,0.));
#8229=DIRECTION('',(0.,0.,-1.));
#8230=DIRECTION('',(0.,0.,-1.));
#8231=DIRECTION('',(0.,0.,-1.));
#8232=DIRECTION('',(0.,0.,-1.));
#8233=DIRECTION('',(0.,0.,-1.));
#8234=DIRECTION('',(0.,0.,-1.));
#8235=DIRECTION('',(0.,0.,-1.));
#8236=DIRECTION('',(0.,0.,-1.));
#8237=DIRECTION('',(0.,0.,-1.));
#8238=DIRECTION('',(0.,0.,-1.));
#8239=DIRECTION('center_axis',(-1.,0.,0.));
#8240=DIRECTION('ref_axis',(0.,1.,0.));
#8241=DIRECTION('',(0.,1.,0.));
#8242=DIRECTION('',(0.,1.,0.));
#8243=DIRECTION('center_axis',(0.,-1.,0.));
#8244=DIRECTION('ref_axis',(-1.,0.,0.));
#8245=DIRECTION('',(-1.,0.,0.));
#8246=DIRECTION('',(0.,0.,-1.));
#8247=DIRECTION('',(-1.,0.,0.));
#8248=DIRECTION('',(0.,0.,-1.));
#8249=DIRECTION('',(0.,0.,-1.));
#8250=DIRECTION('',(0.,0.,-1.));
#8251=DIRECTION('center_axis',(1.,0.,0.));
#8252=DIRECTION('ref_axis',(0.,-1.,0.));
#8253=DIRECTION('',(0.,-1.,0.));
#8254=DIRECTION('',(0.,0.,-1.));
#8255=DIRECTION('',(0.,-1.,0.));
#8256=DIRECTION('',(0.,0.,-1.));
#8257=DIRECTION('',(0.,0.,-1.));
#8258=DIRECTION('',(0.,0.,-1.));
#8259=DIRECTION('',(0.,0.,-1.));
#8260=DIRECTION('',(0.,0.,-1.));
#8261=DIRECTION('',(0.,0.,-1.));
#8262=DIRECTION('',(0.,0.,-1.));
#8263=DIRECTION('center_axis',(-0.135113570602151,-0.990830118153025,0.));
#8264=DIRECTION('ref_axis',(-0.990830118153025,0.135113570602151,0.));
#8265=DIRECTION('',(-0.990830118153025,0.135113570602151,0.));
#8266=DIRECTION('',(0.,0.,-1.));
#8267=DIRECTION('',(-0.990830118153025,0.135113570602151,0.));
#8268=DIRECTION('',(0.,0.,-1.));
#8269=DIRECTION('',(0.,0.,-1.));
#8270=DIRECTION('',(0.,0.,-1.));
#8271=DIRECTION('',(0.,0.,-1.));
#8272=DIRECTION('',(0.,0.,-1.));
#8273=DIRECTION('',(0.,0.,-1.));
#8274=DIRECTION('',(0.,0.,-1.));
#8275=DIRECTION('',(0.,0.,-1.));
#8276=DIRECTION('',(0.,0.,-1.));
#8277=DIRECTION('',(0.,0.,-1.));
#8278=DIRECTION('',(0.,0.,-1.));
#8279=DIRECTION('',(0.,0.,-1.));
#8280=DIRECTION('',(0.,0.,-1.));
#8281=DIRECTION('',(0.,0.,-1.));
#8282=DIRECTION('center_axis',(0.,0.,1.));
#8283=DIRECTION('ref_axis',(-1.,0.,0.));
#8284=DIRECTION('',(0.,0.,-1.));
#8285=DIRECTION('',(0.,0.,-1.));
#8286=DIRECTION('',(0.,0.,-1.));
#8287=DIRECTION('',(0.,0.,-1.));
#8288=DIRECTION('',(0.,0.,-1.));
#8289=DIRECTION('',(0.,0.,-1.));
#8290=DIRECTION('',(0.,0.,-1.));
#8291=DIRECTION('',(0.,0.,-1.));
#8292=DIRECTION('',(0.,0.,-1.));
#8293=DIRECTION('',(0.,0.,-1.));
#8294=DIRECTION('',(0.,0.,-1.));
#8295=DIRECTION('',(0.,0.,-1.));
#8296=DIRECTION('',(0.,0.,-1.));
#8297=DIRECTION('',(0.,0.,-1.));
#8298=DIRECTION('',(0.,0.,-1.));
#8299=DIRECTION('center_axis',(0.135113168146427,-0.990830173033419,0.));
#8300=DIRECTION('ref_axis',(-0.990830173033419,-0.135113168146427,0.));
#8301=DIRECTION('',(-0.990830173033419,-0.135113168146427,0.));
#8302=DIRECTION('',(0.,0.,-1.));
#8303=DIRECTION('',(-0.990830173033419,-0.135113168146427,0.));
#8304=DIRECTION('',(0.,0.,-1.));
#8305=DIRECTION('',(0.,0.,-1.));
#8306=DIRECTION('',(0.,0.,-1.));
#8307=DIRECTION('',(0.,0.,-1.));
#8308=DIRECTION('',(0.,0.,-1.));
#8309=DIRECTION('',(0.,0.,-1.));
#8310=DIRECTION('',(0.,0.,-1.));
#8311=DIRECTION('',(0.,0.,-1.));
#8312=DIRECTION('',(0.,0.,-1.));
#8313=DIRECTION('',(0.,0.,-1.));
#8314=DIRECTION('',(0.,0.,-1.));
#8315=DIRECTION('',(0.,0.,-1.));
#8316=DIRECTION('',(0.,0.,-1.));
#8317=DIRECTION('',(0.,0.,-1.));
#8318=DIRECTION('',(0.,0.,-1.));
#8319=DIRECTION('',(0.,0.,-1.));
#8320=DIRECTION('center_axis',(-0.155392494985763,0.98785280912801,0.));
#8321=DIRECTION('ref_axis',(0.98785280912801,0.155392494985763,0.));
#8322=DIRECTION('',(0.98785280912801,0.155392494985763,0.));
#8323=DIRECTION('',(0.,0.,-1.));
#8324=DIRECTION('',(0.98785280912801,0.155392494985763,0.));
#8325=DIRECTION('center_axis',(0.,0.,1.));
#8326=DIRECTION('ref_axis',(-1.,0.,0.));
#8327=DIRECTION('',(0.,0.,-1.));
#8328=DIRECTION('',(0.,0.,-1.));
#8329=DIRECTION('',(0.,0.,-1.));
#8330=DIRECTION('',(0.,0.,-1.));
#8331=DIRECTION('',(0.,0.,-1.));
#8332=DIRECTION('',(0.,0.,-1.));
#8333=DIRECTION('',(0.,0.,-1.));
#8334=DIRECTION('',(0.,0.,-1.));
#8335=DIRECTION('',(0.,0.,-1.));
#8336=DIRECTION('',(0.,0.,-1.));
#8337=DIRECTION('center_axis',(-1.,0.,0.));
#8338=DIRECTION('ref_axis',(0.,1.,0.));
#8339=DIRECTION('',(0.,1.,0.));
#8340=DIRECTION('',(0.,1.,0.));
#8341=DIRECTION('center_axis',(0.,-1.,0.));
#8342=DIRECTION('ref_axis',(-1.,0.,0.));
#8343=DIRECTION('',(-1.,0.,0.));
#8344=DIRECTION('',(0.,0.,-1.));
#8345=DIRECTION('',(-1.,0.,0.));
#8346=DIRECTION('',(0.,0.,-1.));
#8347=DIRECTION('',(0.,0.,-1.));
#8348=DIRECTION('',(0.,0.,-1.));
#8349=DIRECTION('center_axis',(1.,0.,0.));
#8350=DIRECTION('ref_axis',(0.,-1.,0.));
#8351=DIRECTION('',(0.,-1.,0.));
#8352=DIRECTION('',(0.,0.,-1.));
#8353=DIRECTION('',(0.,-1.,0.));
#8354=DIRECTION('',(0.,0.,-1.));
#8355=DIRECTION('',(0.,0.,-1.));
#8356=DIRECTION('',(0.,0.,-1.));
#8357=DIRECTION('',(0.,0.,-1.));
#8358=DIRECTION('',(0.,0.,-1.));
#8359=DIRECTION('',(0.,0.,-1.));
#8360=DIRECTION('',(0.,0.,-1.));
#8361=DIRECTION('center_axis',(-0.135114009647347,-0.990830058282961,0.));
#8362=DIRECTION('ref_axis',(-0.990830058282961,0.135114009647347,0.));
#8363=DIRECTION('',(-0.990830058282961,0.135114009647347,0.));
#8364=DIRECTION('',(0.,0.,-1.));
#8365=DIRECTION('',(-0.990830058282961,0.135114009647347,0.));
#8366=DIRECTION('',(0.,0.,-1.));
#8367=DIRECTION('',(0.,0.,-1.));
#8368=DIRECTION('',(0.,0.,-1.));
#8369=DIRECTION('',(0.,0.,-1.));
#8370=DIRECTION('',(0.,0.,-1.));
#8371=DIRECTION('',(0.,0.,-1.));
#8372=DIRECTION('',(0.,0.,-1.));
#8373=DIRECTION('',(0.,0.,-1.));
#8374=DIRECTION('',(0.,0.,-1.));
#8375=DIRECTION('',(0.,0.,-1.));
#8376=DIRECTION('',(0.,0.,-1.));
#8377=DIRECTION('',(0.,0.,-1.));
#8378=DIRECTION('',(0.,0.,-1.));
#8379=DIRECTION('',(0.,0.,-1.));
#8380=DIRECTION('center_axis',(0.,0.,1.));
#8381=DIRECTION('ref_axis',(-1.,0.,0.));
#8382=DIRECTION('center_axis',(1.,0.,0.));
#8383=DIRECTION('ref_axis',(0.,-1.,0.));
#8384=DIRECTION('',(0.,-1.,0.));
#8385=DIRECTION('',(0.,0.,-1.));
#8386=DIRECTION('',(0.,-1.,0.));
#8387=DIRECTION('',(0.,0.,-1.));
#8388=DIRECTION('',(0.,0.,-1.));
#8389=DIRECTION('',(0.,0.,-1.));
#8390=DIRECTION('',(0.,0.,-1.));
#8391=DIRECTION('',(0.,0.,-1.));
#8392=DIRECTION('center_axis',(0.937478858311283,-0.348042224765005,0.));
#8393=DIRECTION('ref_axis',(-0.348042224765005,-0.937478858311282,0.));
#8394=DIRECTION('',(-0.348042224765005,-0.937478858311282,0.));
#8395=DIRECTION('',(0.,0.,-1.));
#8396=DIRECTION('',(-0.348042224765005,-0.937478858311282,0.));
#8397=DIRECTION('',(0.,0.,-1.));
#8398=DIRECTION('',(0.,0.,-1.));
#8399=DIRECTION('',(0.,0.,-1.));
#8400=DIRECTION('center_axis',(1.,0.,0.));
#8401=DIRECTION('ref_axis',(0.,-1.,0.));
#8402=DIRECTION('',(0.,-1.,0.));
#8403=DIRECTION('',(0.,0.,-1.));
#8404=DIRECTION('',(0.,-1.,0.));
#8405=DIRECTION('center_axis',(0.,1.,0.));
#8406=DIRECTION('ref_axis',(1.,0.,0.));
#8407=DIRECTION('',(1.,0.,0.));
#8408=DIRECTION('',(0.,0.,-1.));
#8409=DIRECTION('',(1.,0.,0.));
#8410=DIRECTION('center_axis',(-1.,0.,0.));
#8411=DIRECTION('ref_axis',(0.,1.,0.));
#8412=DIRECTION('',(0.,1.,0.));
#8413=DIRECTION('',(0.,0.,-1.));
#8414=DIRECTION('',(0.,1.,0.));
#8415=DIRECTION('center_axis',(0.,-1.,0.));
#8416=DIRECTION('ref_axis',(-1.,0.,0.));
#8417=DIRECTION('',(-1.,0.,0.));
#8418=DIRECTION('',(-1.,0.,0.));
#8419=DIRECTION('center_axis',(0.,0.,1.));
#8420=DIRECTION('ref_axis',(-1.,0.,0.));
#8421=DIRECTION('',(0.,0.,-1.));
#8422=DIRECTION('',(0.,0.,-1.));
#8423=DIRECTION('',(0.,0.,-1.));
#8424=DIRECTION('',(0.,0.,-1.));
#8425=DIRECTION('',(0.,0.,-1.));
#8426=DIRECTION('',(0.,0.,-1.));
#8427=DIRECTION('',(0.,0.,-1.));
#8428=DIRECTION('',(0.,0.,-1.));
#8429=DIRECTION('center_axis',(1.,0.,0.));
#8430=DIRECTION('ref_axis',(0.,-1.,0.));
#8431=DIRECTION('',(0.,-1.,0.));
#8432=DIRECTION('',(0.,0.,-1.));
#8433=DIRECTION('',(0.,-1.,0.));
#8434=DIRECTION('',(0.,0.,-1.));
#8435=DIRECTION('',(0.,0.,-1.));
#8436=DIRECTION('',(0.,0.,-1.));
#8437=DIRECTION('',(0.,0.,-1.));
#8438=DIRECTION('',(0.,0.,-1.));
#8439=DIRECTION('',(0.,0.,-1.));
#8440=DIRECTION('',(0.,0.,-1.));
#8441=DIRECTION('',(0.,0.,-1.));
#8442=DIRECTION('',(0.,0.,-1.));
#8443=DIRECTION('',(0.,0.,-1.));
#8444=DIRECTION('',(0.,0.,-1.));
#8445=DIRECTION('center_axis',(1.,0.,0.));
#8446=DIRECTION('ref_axis',(0.,-1.,0.));
#8447=DIRECTION('',(0.,-1.,0.));
#8448=DIRECTION('',(0.,0.,-1.));
#8449=DIRECTION('',(0.,-1.,0.));
#8450=DIRECTION('center_axis',(0.,1.,0.));
#8451=DIRECTION('ref_axis',(1.,0.,0.));
#8452=DIRECTION('',(1.,0.,0.));
#8453=DIRECTION('',(0.,0.,-1.));
#8454=DIRECTION('',(1.,0.,0.));
#8455=DIRECTION('center_axis',(-1.,0.,0.));
#8456=DIRECTION('ref_axis',(0.,1.,0.));
#8457=DIRECTION('',(0.,1.,0.));
#8458=DIRECTION('',(0.,0.,-1.));
#8459=DIRECTION('',(0.,1.,0.));
#8460=DIRECTION('center_axis',(0.,-1.,0.));
#8461=DIRECTION('ref_axis',(-1.,0.,0.));
#8462=DIRECTION('',(-1.,0.,0.));
#8463=DIRECTION('',(-1.,0.,0.));
#8464=DIRECTION('center_axis',(0.,0.,1.));
#8465=DIRECTION('ref_axis',(-1.,0.,0.));
#8466=DIRECTION('',(0.,0.,-1.));
#8467=DIRECTION('',(0.,0.,-1.));
#8468=DIRECTION('',(0.,0.,-1.));
#8469=DIRECTION('',(0.,0.,-1.));
#8470=DIRECTION('',(0.,0.,-1.));
#8471=DIRECTION('',(0.,0.,-1.));
#8472=DIRECTION('',(0.,0.,-1.));
#8473=DIRECTION('',(0.,0.,-1.));
#8474=DIRECTION('',(0.,0.,-1.));
#8475=DIRECTION('',(0.,0.,-1.));
#8476=DIRECTION('center_axis',(-1.,0.,0.));
#8477=DIRECTION('ref_axis',(0.,1.,0.));
#8478=DIRECTION('',(0.,1.,0.));
#8479=DIRECTION('',(0.,1.,0.));
#8480=DIRECTION('center_axis',(0.,-1.,0.));
#8481=DIRECTION('ref_axis',(-1.,0.,0.));
#8482=DIRECTION('',(-1.,0.,0.));
#8483=DIRECTION('',(0.,0.,-1.));
#8484=DIRECTION('',(-1.,0.,0.));
#8485=DIRECTION('',(0.,0.,-1.));
#8486=DIRECTION('',(0.,0.,-1.));
#8487=DIRECTION('',(0.,0.,-1.));
#8488=DIRECTION('center_axis',(1.,0.,0.));
#8489=DIRECTION('ref_axis',(0.,-1.,0.));
#8490=DIRECTION('',(0.,-1.,0.));
#8491=DIRECTION('',(0.,0.,-1.));
#8492=DIRECTION('',(0.,-1.,0.));
#8493=DIRECTION('',(0.,0.,-1.));
#8494=DIRECTION('',(0.,0.,-1.));
#8495=DIRECTION('',(0.,0.,-1.));
#8496=DIRECTION('',(0.,0.,-1.));
#8497=DIRECTION('',(0.,0.,-1.));
#8498=DIRECTION('',(0.,0.,-1.));
#8499=DIRECTION('',(0.,0.,-1.));
#8500=DIRECTION('center_axis',(-0.135114009647347,-0.990830058282961,0.));
#8501=DIRECTION('ref_axis',(-0.990830058282961,0.135114009647347,0.));
#8502=DIRECTION('',(-0.990830058282961,0.135114009647347,0.));
#8503=DIRECTION('',(0.,0.,-1.));
#8504=DIRECTION('',(-0.990830058282961,0.135114009647347,0.));
#8505=DIRECTION('',(0.,0.,-1.));
#8506=DIRECTION('',(0.,0.,-1.));
#8507=DIRECTION('',(0.,0.,-1.));
#8508=DIRECTION('',(0.,0.,-1.));
#8509=DIRECTION('',(0.,0.,-1.));
#8510=DIRECTION('',(0.,0.,-1.));
#8511=DIRECTION('',(0.,0.,-1.));
#8512=DIRECTION('',(0.,0.,-1.));
#8513=DIRECTION('',(0.,0.,-1.));
#8514=DIRECTION('',(0.,0.,-1.));
#8515=DIRECTION('',(0.,0.,-1.));
#8516=DIRECTION('',(0.,0.,-1.));
#8517=DIRECTION('',(0.,0.,-1.));
#8518=DIRECTION('',(0.,0.,-1.));
#8519=DIRECTION('center_axis',(0.,0.,1.));
#8520=DIRECTION('ref_axis',(-1.,0.,0.));
#8521=DIRECTION('',(0.,0.,-1.));
#8522=DIRECTION('',(0.,0.,-1.));
#8523=DIRECTION('',(0.,0.,-1.));
#8524=DIRECTION('',(0.,0.,-1.));
#8525=DIRECTION('',(0.,0.,-1.));
#8526=DIRECTION('',(0.,0.,-1.));
#8527=DIRECTION('',(0.,0.,-1.));
#8528=DIRECTION('',(0.,0.,-1.));
#8529=DIRECTION('',(0.,0.,-1.));
#8530=DIRECTION('',(0.,0.,-1.));
#8531=DIRECTION('',(0.,0.,-1.));
#8532=DIRECTION('',(0.,0.,-1.));
#8533=DIRECTION('',(0.,0.,-1.));
#8534=DIRECTION('',(0.,0.,-1.));
#8535=DIRECTION('',(0.,0.,-1.));
#8536=DIRECTION('',(0.,0.,-1.));
#8537=DIRECTION('',(0.,0.,-1.));
#8538=DIRECTION('center_axis',(0.,0.,1.));
#8539=DIRECTION('ref_axis',(-1.,0.,0.));
#8540=DIRECTION('center_axis',(1.,0.,0.));
#8541=DIRECTION('ref_axis',(0.,-1.,0.));
#8542=DIRECTION('',(0.,-1.,0.));
#8543=DIRECTION('',(0.,0.,-1.));
#8544=DIRECTION('',(0.,-1.,0.));
#8545=DIRECTION('',(0.,0.,-1.));
#8546=DIRECTION('center_axis',(0.692768882618535,-0.721159673911032,0.));
#8547=DIRECTION('ref_axis',(-0.721159673911032,-0.692768882618535,0.));
#8548=DIRECTION('',(-0.721159673911032,-0.692768882618535,0.));
#8549=DIRECTION('',(0.,0.,-1.));
#8550=DIRECTION('',(-0.721159673911032,-0.692768882618535,0.));
#8551=DIRECTION('center_axis',(-0.839818989019206,-0.542866526581589,0.));
#8552=DIRECTION('ref_axis',(-0.542866526581589,0.839818989019206,0.));
#8553=DIRECTION('',(-0.542866526581589,0.839818989019206,0.));
#8554=DIRECTION('',(0.,0.,-1.));
#8555=DIRECTION('',(-0.542866526581589,0.839818989019206,0.));
#8556=DIRECTION('center_axis',(0.,-1.,0.));
#8557=DIRECTION('ref_axis',(-1.,0.,0.));
#8558=DIRECTION('',(-1.,0.,0.));
#8559=DIRECTION('',(0.,0.,-1.));
#8560=DIRECTION('',(-1.,0.,0.));
#8561=DIRECTION('center_axis',(0.831092175083736,0.556134692780971,0.));
#8562=DIRECTION('ref_axis',(0.556134692780971,-0.831092175083736,0.));
#8563=DIRECTION('',(0.556134692780971,-0.831092175083736,0.));
#8564=DIRECTION('',(0.,0.,-1.));
#8565=DIRECTION('',(0.556134692780971,-0.831092175083736,0.));
#8566=DIRECTION('center_axis',(0.696422136822378,-0.717632362246682,0.));
#8567=DIRECTION('ref_axis',(-0.717632362246682,-0.696422136822378,0.));
#8568=DIRECTION('',(-0.717632362246682,-0.696422136822378,0.));
#8569=DIRECTION('',(0.,0.,-1.));
#8570=DIRECTION('',(-0.717632362246682,-0.696422136822378,0.));
#8571=DIRECTION('center_axis',(0.,1.,0.));
#8572=DIRECTION('ref_axis',(1.,0.,0.));
#8573=DIRECTION('',(1.,0.,0.));
#8574=DIRECTION('',(0.,0.,-1.));
#8575=DIRECTION('',(1.,0.,0.));
#8576=DIRECTION('center_axis',(-0.712034694930193,0.702144282334954,0.));
#8577=DIRECTION('ref_axis',(0.702144282334954,0.712034694930193,0.));
#8578=DIRECTION('',(0.702144282334954,0.712034694930193,0.));
#8579=DIRECTION('',(0.,0.,-1.));
#8580=DIRECTION('',(0.702144282334954,0.712034694930193,0.));
#8581=DIRECTION('center_axis',(1.,0.,0.));
#8582=DIRECTION('ref_axis',(0.,-1.,0.));
#8583=DIRECTION('',(0.,-1.,0.));
#8584=DIRECTION('',(0.,0.,-1.));
#8585=DIRECTION('',(0.,-1.,0.));
#8586=DIRECTION('center_axis',(0.,1.,0.));
#8587=DIRECTION('ref_axis',(1.,0.,0.));
#8588=DIRECTION('',(1.,0.,0.));
#8589=DIRECTION('',(0.,0.,-1.));
#8590=DIRECTION('',(1.,0.,0.));
#8591=DIRECTION('center_axis',(-1.,0.,0.));
#8592=DIRECTION('ref_axis',(0.,1.,0.));
#8593=DIRECTION('',(0.,1.,0.));
#8594=DIRECTION('',(0.,0.,-1.));
#8595=DIRECTION('',(0.,1.,0.));
#8596=DIRECTION('center_axis',(0.,-1.,0.));
#8597=DIRECTION('ref_axis',(-1.,0.,0.));
#8598=DIRECTION('',(-1.,0.,0.));
#8599=DIRECTION('',(-1.,0.,0.));
#8600=DIRECTION('center_axis',(0.,0.,-1.));
#8601=DIRECTION('ref_axis',(-1.,0.,0.));
#8602=DIRECTION('center_axis',(1.,0.,0.));
#8603=DIRECTION('ref_axis',(0.,-1.,0.));
#8604=DIRECTION('',(0.,-1.,0.));
#8605=DIRECTION('',(0.,0.,-1.));
#8606=DIRECTION('',(0.,-1.,0.));
#8607=DIRECTION('',(0.,0.,-1.));
#8608=DIRECTION('center_axis',(-0.946846708262444,-0.321685111642697,0.));
#8609=DIRECTION('ref_axis',(-0.321685111642697,0.946846708262444,0.));
#8610=DIRECTION('',(-0.321685111642697,0.946846708262444,0.));
#8611=DIRECTION('',(0.,0.,-1.));
#8612=DIRECTION('',(-0.321685111642697,0.946846708262444,0.));
#8613=DIRECTION('center_axis',(0.,-1.,0.));
#8614=DIRECTION('ref_axis',(-1.,0.,0.));
#8615=DIRECTION('',(-1.,0.,0.));
#8616=DIRECTION('',(0.,0.,-1.));
#8617=DIRECTION('',(-1.,0.,0.));
#8618=DIRECTION('center_axis',(0.944683777092055,-0.327982562492412,0.));
#8619=DIRECTION('ref_axis',(-0.327982562492412,-0.944683777092055,0.));
#8620=DIRECTION('',(-0.327982562492412,-0.944683777092055,0.));
#8621=DIRECTION('',(0.,0.,-1.));
#8622=DIRECTION('',(-0.327982562492412,-0.944683777092055,0.));
#8623=DIRECTION('center_axis',(-1.,0.,0.));
#8624=DIRECTION('ref_axis',(0.,1.,0.));
#8625=DIRECTION('',(0.,1.,0.));
#8626=DIRECTION('',(0.,0.,-1.));
#8627=DIRECTION('',(0.,1.,0.));
#8628=DIRECTION('center_axis',(0.,-1.,0.));
#8629=DIRECTION('ref_axis',(-1.,0.,0.));
#8630=DIRECTION('',(-1.,0.,0.));
#8631=DIRECTION('',(0.,0.,-1.));
#8632=DIRECTION('',(-1.,0.,0.));
#8633=DIRECTION('center_axis',(1.,0.,0.));
#8634=DIRECTION('ref_axis',(0.,-1.,0.));
#8635=DIRECTION('',(0.,-1.,0.));
#8636=DIRECTION('',(0.,0.,-1.));
#8637=DIRECTION('',(0.,-1.,0.));
#8638=DIRECTION('center_axis',(0.,1.,0.));
#8639=DIRECTION('ref_axis',(1.,0.,0.));
#8640=DIRECTION('',(1.,0.,0.));
#8641=DIRECTION('',(0.,0.,-1.));
#8642=DIRECTION('',(1.,0.,0.));
#8643=DIRECTION('center_axis',(-0.945579653967419,0.325390715913739,0.));
#8644=DIRECTION('ref_axis',(0.325390715913739,0.945579653967419,0.));
#8645=DIRECTION('',(0.325390715913739,0.945579653967419,0.));
#8646=DIRECTION('',(0.,0.,-1.));
#8647=DIRECTION('',(0.325390715913739,0.945579653967419,0.));
#8648=DIRECTION('',(0.,0.,-1.));
#8649=DIRECTION('',(0.,0.,-1.));
#8650=DIRECTION('center_axis',(0.948409042900383,0.317049345283631,0.));
#8651=DIRECTION('ref_axis',(0.317049345283631,-0.948409042900383,0.));
#8652=DIRECTION('',(0.317049345283631,-0.948409042900383,0.));
#8653=DIRECTION('',(0.,0.,-1.));
#8654=DIRECTION('',(0.317049345283631,-0.948409042900383,0.));
#8655=DIRECTION('center_axis',(0.,1.,0.));
#8656=DIRECTION('ref_axis',(1.,0.,0.));
#8657=DIRECTION('',(1.,0.,0.));
#8658=DIRECTION('',(0.,0.,-1.));
#8659=DIRECTION('',(1.,0.,0.));
#8660=DIRECTION('center_axis',(-1.,0.,0.));
#8661=DIRECTION('ref_axis',(0.,1.,0.));
#8662=DIRECTION('',(0.,1.,0.));
#8663=DIRECTION('',(0.,0.,-1.));
#8664=DIRECTION('',(0.,1.,0.));
#8665=DIRECTION('center_axis',(0.,-1.,0.));
#8666=DIRECTION('ref_axis',(-1.,0.,0.));
#8667=DIRECTION('',(-1.,0.,0.));
#8668=DIRECTION('',(-1.,0.,0.));
#8669=DIRECTION('center_axis',(0.,0.,1.));
#8670=DIRECTION('ref_axis',(-1.,0.,0.));
#8671=DIRECTION('',(0.,0.,-1.));
#8672=DIRECTION('',(0.,0.,-1.));
#8673=DIRECTION('',(0.,0.,-1.));
#8674=DIRECTION('',(0.,0.,-1.));
#8675=DIRECTION('',(0.,0.,-1.));
#8676=DIRECTION('',(0.,0.,-1.));
#8677=DIRECTION('',(0.,0.,-1.));
#8678=DIRECTION('',(0.,0.,-1.));
#8679=DIRECTION('center_axis',(1.,0.,0.));
#8680=DIRECTION('ref_axis',(0.,-1.,0.));
#8681=DIRECTION('',(0.,-1.,0.));
#8682=DIRECTION('',(0.,0.,-1.));
#8683=DIRECTION('',(0.,-1.,0.));
#8684=DIRECTION('',(0.,0.,-1.));
#8685=DIRECTION('center_axis',(0.,1.,0.));
#8686=DIRECTION('ref_axis',(1.,0.,0.));
#8687=DIRECTION('',(1.,0.,0.));
#8688=DIRECTION('',(0.,0.,-1.));
#8689=DIRECTION('',(1.,0.,0.));
#8690=DIRECTION('center_axis',(-1.,0.,0.));
#8691=DIRECTION('ref_axis',(0.,1.,0.));
#8692=DIRECTION('',(0.,1.,0.));
#8693=DIRECTION('',(0.,0.,-1.));
#8694=DIRECTION('',(0.,1.,0.));
#8695=DIRECTION('',(0.,0.,-1.));
#8696=DIRECTION('',(0.,0.,-1.));
#8697=DIRECTION('',(0.,0.,-1.));
#8698=DIRECTION('',(0.,0.,-1.));
#8699=DIRECTION('',(0.,0.,-1.));
#8700=DIRECTION('',(0.,0.,-1.));
#8701=DIRECTION('',(0.,0.,-1.));
#8702=DIRECTION('',(0.,0.,-1.));
#8703=DIRECTION('',(0.,0.,-1.));
#8704=DIRECTION('center_axis',(-1.,0.,0.));
#8705=DIRECTION('ref_axis',(0.,1.,0.));
#8706=DIRECTION('',(0.,1.,0.));
#8707=DIRECTION('',(0.,0.,-1.));
#8708=DIRECTION('',(0.,1.,0.));
#8709=DIRECTION('center_axis',(0.,-1.,0.));
#8710=DIRECTION('ref_axis',(-1.,0.,0.));
#8711=DIRECTION('',(-1.,0.,0.));
#8712=DIRECTION('',(-1.,0.,0.));
#8713=DIRECTION('center_axis',(0.,0.,1.));
#8714=DIRECTION('ref_axis',(-1.,0.,0.));
#8715=DIRECTION('',(0.,0.,-1.));
#8716=DIRECTION('',(0.,0.,-1.));
#8717=DIRECTION('',(0.,0.,-1.));
#8718=DIRECTION('',(0.,0.,-1.));
#8719=DIRECTION('',(0.,0.,-1.));
#8720=DIRECTION('',(0.,0.,-1.));
#8721=DIRECTION('',(0.,0.,-1.));
#8722=DIRECTION('',(0.,0.,-1.));
#8723=DIRECTION('center_axis',(1.,0.,0.));
#8724=DIRECTION('ref_axis',(0.,-1.,0.));
#8725=DIRECTION('',(0.,-1.,0.));
#8726=DIRECTION('',(0.,0.,-1.));
#8727=DIRECTION('',(0.,-1.,0.));
#8728=DIRECTION('',(0.,0.,-1.));
#8729=DIRECTION('center_axis',(0.,1.,0.));
#8730=DIRECTION('ref_axis',(1.,0.,0.));
#8731=DIRECTION('',(1.,0.,0.));
#8732=DIRECTION('',(0.,0.,-1.));
#8733=DIRECTION('',(1.,0.,0.));
#8734=DIRECTION('center_axis',(-1.,0.,0.));
#8735=DIRECTION('ref_axis',(0.,1.,0.));
#8736=DIRECTION('',(0.,1.,0.));
#8737=DIRECTION('',(0.,0.,-1.));
#8738=DIRECTION('',(0.,1.,0.));
#8739=DIRECTION('',(0.,0.,-1.));
#8740=DIRECTION('',(0.,0.,-1.));
#8741=DIRECTION('',(0.,0.,-1.));
#8742=DIRECTION('',(0.,0.,-1.));
#8743=DIRECTION('',(0.,0.,-1.));
#8744=DIRECTION('',(0.,0.,-1.));
#8745=DIRECTION('',(0.,0.,-1.));
#8746=DIRECTION('',(0.,0.,-1.));
#8747=DIRECTION('',(0.,0.,-1.));
#8748=DIRECTION('center_axis',(-1.,0.,0.));
#8749=DIRECTION('ref_axis',(0.,1.,0.));
#8750=DIRECTION('',(0.,1.,0.));
#8751=DIRECTION('',(0.,0.,-1.));
#8752=DIRECTION('',(0.,1.,0.));
#8753=DIRECTION('center_axis',(0.,-1.,0.));
#8754=DIRECTION('ref_axis',(-1.,0.,0.));
#8755=DIRECTION('',(-1.,0.,0.));
#8756=DIRECTION('',(-1.,0.,0.));
#8757=DIRECTION('center_axis',(0.,0.,1.));
#8758=DIRECTION('ref_axis',(-1.,0.,0.));
#8759=DIRECTION('',(0.,0.,-1.));
#8760=DIRECTION('',(0.,0.,-1.));
#8761=DIRECTION('',(0.,0.,-1.));
#8762=DIRECTION('',(0.,0.,-1.));
#8763=DIRECTION('',(0.,0.,-1.));
#8764=DIRECTION('',(0.,0.,-1.));
#8765=DIRECTION('',(0.,0.,-1.));
#8766=DIRECTION('',(0.,0.,-1.));
#8767=DIRECTION('center_axis',(0.152481142230819,-0.988306380260689,0.));
#8768=DIRECTION('ref_axis',(-0.988306380260689,-0.152481142230819,0.));
#8769=DIRECTION('',(-0.988306380260689,-0.152481142230819,0.));
#8770=DIRECTION('',(0.,0.,-1.));
#8771=DIRECTION('',(-0.988306380260689,-0.152481142230819,0.));
#8772=DIRECTION('',(0.,0.,-1.));
#8773=DIRECTION('',(0.,0.,-1.));
#8774=DIRECTION('',(0.,0.,-1.));
#8775=DIRECTION('',(0.,0.,-1.));
#8776=DIRECTION('',(0.,0.,-1.));
#8777=DIRECTION('',(0.,0.,-1.));
#8778=DIRECTION('',(0.,0.,-1.));
#8779=DIRECTION('',(0.,0.,-1.));
#8780=DIRECTION('',(0.,0.,-1.));
#8781=DIRECTION('center_axis',(0.128859962753275,0.991662800552297,0.));
#8782=DIRECTION('ref_axis',(0.991662800552297,-0.128859962753275,0.));
#8783=DIRECTION('',(0.991662800552297,-0.128859962753275,0.));
#8784=DIRECTION('',(0.,0.,-1.));
#8785=DIRECTION('',(0.991662800552297,-0.128859962753275,0.));
#8786=DIRECTION('center_axis',(0.,0.,1.));
#8787=DIRECTION('ref_axis',(-1.,0.,0.));
#8788=DIRECTION('center_axis',(1.,0.,0.));
#8789=DIRECTION('ref_axis',(0.,-1.,0.));
#8790=DIRECTION('',(0.,-1.,0.));
#8791=DIRECTION('',(0.,0.,-1.));
#8792=DIRECTION('',(0.,-1.,0.));
#8793=DIRECTION('',(0.,0.,-1.));
#8794=DIRECTION('center_axis',(0.,1.,0.));
#8795=DIRECTION('ref_axis',(1.,0.,0.));
#8796=DIRECTION('',(1.,0.,0.));
#8797=DIRECTION('',(0.,0.,-1.));
#8798=DIRECTION('',(1.,0.,0.));
#8799=DIRECTION('center_axis',(-1.,0.,0.));
#8800=DIRECTION('ref_axis',(0.,1.,0.));
#8801=DIRECTION('',(0.,1.,0.));
#8802=DIRECTION('',(0.,0.,-1.));
#8803=DIRECTION('',(0.,1.,0.));
#8804=DIRECTION('center_axis',(0.,-1.,0.));
#8805=DIRECTION('ref_axis',(-1.,0.,0.));
#8806=DIRECTION('',(-1.,0.,0.));
#8807=DIRECTION('',(-1.,0.,0.));
#8808=DIRECTION('center_axis',(0.,0.,-1.));
#8809=DIRECTION('ref_axis',(-1.,0.,0.));
#8810=DIRECTION('center_axis',(1.,0.,0.));
#8811=DIRECTION('ref_axis',(0.,-1.,0.));
#8812=DIRECTION('',(0.,-1.,0.));
#8813=DIRECTION('',(0.,0.,-1.));
#8814=DIRECTION('',(0.,-1.,0.));
#8815=DIRECTION('',(0.,0.,-1.));
#8816=DIRECTION('center_axis',(-0.946846741916582,-0.321685012585221,0.));
#8817=DIRECTION('ref_axis',(-0.321685012585221,0.946846741916582,0.));
#8818=DIRECTION('',(-0.321685012585221,0.946846741916582,0.));
#8819=DIRECTION('',(0.,0.,-1.));
#8820=DIRECTION('',(-0.321685012585221,0.946846741916582,0.));
#8821=DIRECTION('center_axis',(0.,-1.,0.));
#8822=DIRECTION('ref_axis',(-1.,0.,0.));
#8823=DIRECTION('',(-1.,0.,0.));
#8824=DIRECTION('',(0.,0.,-1.));
#8825=DIRECTION('',(-1.,0.,0.));
#8826=DIRECTION('center_axis',(0.944683638128122,-0.327982962748091,0.));
#8827=DIRECTION('ref_axis',(-0.327982962748091,-0.944683638128122,0.));
#8828=DIRECTION('',(-0.327982962748091,-0.944683638128122,0.));
#8829=DIRECTION('',(0.,0.,-1.));
#8830=DIRECTION('',(-0.327982962748091,-0.944683638128122,0.));
#8831=DIRECTION('center_axis',(-1.,0.,0.));
#8832=DIRECTION('ref_axis',(0.,1.,0.));
#8833=DIRECTION('',(0.,1.,0.));
#8834=DIRECTION('',(0.,0.,-1.));
#8835=DIRECTION('',(0.,1.,0.));
#8836=DIRECTION('center_axis',(0.,-1.,0.));
#8837=DIRECTION('ref_axis',(-1.,0.,0.));
#8838=DIRECTION('',(-1.,0.,0.));
#8839=DIRECTION('',(0.,0.,-1.));
#8840=DIRECTION('',(-1.,0.,0.));
#8841=DIRECTION('center_axis',(1.,0.,0.));
#8842=DIRECTION('ref_axis',(0.,-1.,0.));
#8843=DIRECTION('',(0.,-1.,0.));
#8844=DIRECTION('',(0.,0.,-1.));
#8845=DIRECTION('',(0.,-1.,0.));
#8846=DIRECTION('center_axis',(0.,1.,0.));
#8847=DIRECTION('ref_axis',(1.,0.,0.));
#8848=DIRECTION('',(1.,0.,0.));
#8849=DIRECTION('',(0.,0.,-1.));
#8850=DIRECTION('',(1.,0.,0.));
#8851=DIRECTION('center_axis',(-0.945579695507175,0.32539059519992,0.));
#8852=DIRECTION('ref_axis',(0.32539059519992,0.945579695507175,0.));
#8853=DIRECTION('',(0.32539059519992,0.945579695507175,0.));
#8854=DIRECTION('',(0.,0.,-1.));
#8855=DIRECTION('',(0.32539059519992,0.945579695507175,0.));
#8856=DIRECTION('',(0.,0.,-1.));
#8857=DIRECTION('',(0.,0.,-1.));
#8858=DIRECTION('center_axis',(0.948408852846127,0.317049913803952,0.));
#8859=DIRECTION('ref_axis',(0.317049913803952,-0.948408852846127,0.));
#8860=DIRECTION('',(0.317049913803952,-0.948408852846127,0.));
#8861=DIRECTION('',(0.,0.,-1.));
#8862=DIRECTION('',(0.317049913803952,-0.948408852846127,0.));
#8863=DIRECTION('center_axis',(0.,1.,0.));
#8864=DIRECTION('ref_axis',(1.,0.,0.));
#8865=DIRECTION('',(1.,0.,0.));
#8866=DIRECTION('',(0.,0.,-1.));
#8867=DIRECTION('',(1.,0.,0.));
#8868=DIRECTION('center_axis',(-1.,0.,0.));
#8869=DIRECTION('ref_axis',(0.,1.,0.));
#8870=DIRECTION('',(0.,1.,0.));
#8871=DIRECTION('',(0.,0.,-1.));
#8872=DIRECTION('',(0.,1.,0.));
#8873=DIRECTION('center_axis',(0.,-1.,0.));
#8874=DIRECTION('ref_axis',(-1.,0.,0.));
#8875=DIRECTION('',(-1.,0.,0.));
#8876=DIRECTION('',(-1.,0.,0.));
#8877=DIRECTION('center_axis',(0.,0.,1.));
#8878=DIRECTION('ref_axis',(-1.,0.,0.));
#8879=DIRECTION('center_axis',(0.,0.,1.));
#8880=DIRECTION('ref_axis',(1.,0.,0.));
#8881=DIRECTION('',(0.,1.,0.));
#8882=DIRECTION('',(-1.,0.,0.));
#8883=DIRECTION('center_axis',(0.,0.,-1.));
#8884=DIRECTION('ref_axis',(-0.707106781186546,0.707106781186549,0.));
#8885=DIRECTION('',(0.,-1.,0.));
#8886=DIRECTION('center_axis',(0.,0.,-1.));
#8887=DIRECTION('ref_axis',(-0.707106781186547,-0.707106781186548,0.));
#8888=DIRECTION('',(1.,0.,0.));
#8889=DIRECTION('center_axis',(0.,0.,-1.));
#8890=DIRECTION('ref_axis',(0.707106781186548,-0.707106781186548,0.));
#8891=DIRECTION('',(0.,1.,0.));
#8892=DIRECTION('center_axis',(0.,0.,-1.));
#8893=DIRECTION('ref_axis',(0.70710678118655,0.707106781186545,0.));
#8894=DIRECTION('',(-1.,0.,0.));
#8895=DIRECTION('',(0.,-1.,0.));
#8896=DIRECTION('',(-1.,0.,0.));
#8897=DIRECTION('',(1.,0.,0.));
#8898=DIRECTION('',(0.,-1.,0.));
#8899=DIRECTION('',(-1.,0.,0.));
#8900=DIRECTION('',(0.,1.,0.));
#8901=DIRECTION('',(0.,-1.,0.));
#8902=DIRECTION('',(-1.,0.,0.));
#8903=DIRECTION('',(0.,1.,0.));
#8904=DIRECTION('',(1.,0.,0.));
#8905=DIRECTION('center_axis',(0.,0.,-1.));
#8906=DIRECTION('ref_axis',(1.,0.,0.));
#8907=DIRECTION('center_axis',(0.,0.,-1.));
#8908=DIRECTION('ref_axis',(1.,0.,0.));
#8909=DIRECTION('center_axis',(0.,0.,-1.));
#8910=DIRECTION('ref_axis',(1.,0.,0.));
#8911=DIRECTION('center_axis',(0.,0.,-1.));
#8912=DIRECTION('ref_axis',(1.,0.,0.));
#8913=DIRECTION('center_axis',(0.,0.,1.));
#8914=DIRECTION('ref_axis',(1.,0.,0.));
#8915=DIRECTION('center_axis',(0.,0.,1.));
#8916=DIRECTION('ref_axis',(1.,0.,0.));
#8917=DIRECTION('center_axis',(0.,0.,1.));
#8918=DIRECTION('ref_axis',(1.,0.,0.));
#8919=DIRECTION('center_axis',(0.,0.,1.));
#8920=DIRECTION('ref_axis',(1.,0.,0.));
#8921=DIRECTION('center_axis',(0.,0.,1.));
#8922=DIRECTION('ref_axis',(1.,0.,0.));
#8923=DIRECTION('center_axis',(0.,0.,1.));
#8924=DIRECTION('ref_axis',(1.,0.,0.));
#8925=DIRECTION('center_axis',(0.,0.,1.));
#8926=DIRECTION('ref_axis',(1.,0.,0.));
#8927=DIRECTION('center_axis',(0.,1.,0.));
#8928=DIRECTION('ref_axis',(1.,0.,0.));
#8929=DIRECTION('',(0.,0.,-1.));
#8930=DIRECTION('',(-1.,0.,0.));
#8931=DIRECTION('',(0.,0.,-1.));
#8932=DIRECTION('center_axis',(-1.,0.,0.));
#8933=DIRECTION('ref_axis',(0.,1.,0.));
#8934=DIRECTION('',(0.,0.,-1.));
#8935=DIRECTION('',(0.,-1.,0.));
#8936=DIRECTION('center_axis',(0.,-1.,0.));
#8937=DIRECTION('ref_axis',(-1.,0.,0.));
#8938=DIRECTION('',(0.,0.,-1.));
#8939=DIRECTION('',(1.,0.,0.));
#8940=DIRECTION('center_axis',(1.,0.,0.));
#8941=DIRECTION('ref_axis',(0.,-1.,0.));
#8942=DIRECTION('',(0.,1.,0.));
#8943=DIRECTION('center_axis',(1.,0.,0.));
#8944=DIRECTION('ref_axis',(0.,-1.,0.));
#8945=DIRECTION('',(0.,0.,-1.));
#8946=DIRECTION('',(0.,1.,0.));
#8947=DIRECTION('',(0.,0.,-1.));
#8948=DIRECTION('center_axis',(0.,1.,0.));
#8949=DIRECTION('ref_axis',(1.,0.,0.));
#8950=DIRECTION('',(0.,0.,-1.));
#8951=DIRECTION('',(-1.,0.,0.));
#8952=DIRECTION('center_axis',(-1.,0.,0.));
#8953=DIRECTION('ref_axis',(0.,1.,0.));
#8954=DIRECTION('',(0.,0.,-1.));
#8955=DIRECTION('',(0.,-1.,0.));
#8956=DIRECTION('center_axis',(0.,-1.,0.));
#8957=DIRECTION('ref_axis',(-1.,0.,0.));
#8958=DIRECTION('',(1.,0.,0.));
#8959=DIRECTION('center_axis',(0.,-1.,0.));
#8960=DIRECTION('ref_axis',(-1.,0.,0.));
#8961=DIRECTION('',(1.,0.,0.));
#8962=DIRECTION('',(0.,0.,-1.));
#8963=DIRECTION('',(0.,0.,-1.));
#8964=DIRECTION('center_axis',(1.,0.,0.));
#8965=DIRECTION('ref_axis',(0.,-1.,0.));
#8966=DIRECTION('',(0.,1.,0.));
#8967=DIRECTION('',(0.,0.,1.));
#8968=DIRECTION('center_axis',(-1.,0.,0.));
#8969=DIRECTION('ref_axis',(0.,1.,0.));
#8970=DIRECTION('',(0.,-1.,0.));
#8971=DIRECTION('',(0.,0.,-1.));
#8972=DIRECTION('center_axis',(0.,0.,1.));
#8973=DIRECTION('ref_axis',(1.,0.,0.));
#8974=DIRECTION('',(-1.,0.,0.));
#8975=DIRECTION('center_axis',(0.,0.,1.));
#8976=DIRECTION('ref_axis',(0.70710678118655,0.707106781186545,0.));
#8977=DIRECTION('',(0.,1.,0.));
#8978=DIRECTION('center_axis',(0.,0.,1.));
#8979=DIRECTION('ref_axis',(0.707106781186548,-0.707106781186548,0.));
#8980=DIRECTION('',(1.,0.,0.));
#8981=DIRECTION('center_axis',(0.,0.,1.));
#8982=DIRECTION('ref_axis',(-0.707106781186547,-0.707106781186548,0.));
#8983=DIRECTION('',(0.,-1.,0.));
#8984=DIRECTION('center_axis',(0.,0.,1.));
#8985=DIRECTION('ref_axis',(-0.707106781186546,0.707106781186549,0.));
#8986=DIRECTION('',(-1.,0.,0.));
#8987=DIRECTION('center_axis',(0.,0.,-1.));
#8988=DIRECTION('ref_axis',(1.,0.,0.));
#8989=DIRECTION('center_axis',(0.,0.,-1.));
#8990=DIRECTION('ref_axis',(1.,0.,0.));
#8991=DIRECTION('center_axis',(0.,0.,-1.));
#8992=DIRECTION('ref_axis',(1.,0.,0.));
#8993=DIRECTION('center_axis',(0.,0.,-1.));
#8994=DIRECTION('ref_axis',(1.,0.,0.));
#8995=DIRECTION('center_axis',(0.,1.,0.));
#8996=DIRECTION('ref_axis',(-1.,0.,0.));
#8997=DIRECTION('',(0.,0.,1.));
#8998=DIRECTION('center_axis',(0.,0.,1.));
#8999=DIRECTION('ref_axis',(-0.707106781186546,0.707106781186549,0.));
#9000=DIRECTION('',(0.,0.,-1.));
#9001=DIRECTION('',(0.,0.,1.));
#9002=DIRECTION('center_axis',(0.,1.,0.));
#9003=DIRECTION('ref_axis',(-1.,0.,0.));
#9004=DIRECTION('center_axis',(0.,0.,1.));
#9005=DIRECTION('ref_axis',(0.70710678118655,0.707106781186545,0.));
#9006=DIRECTION('',(0.,0.,-1.));
#9007=DIRECTION('center_axis',(0.,0.,1.));
#9008=DIRECTION('ref_axis',(-0.707106781186547,-0.707106781186548,0.));
#9009=DIRECTION('',(0.,0.,-1.));
#9010=DIRECTION('',(0.,0.,1.));
#9011=DIRECTION('center_axis',(0.,-1.,0.));
#9012=DIRECTION('ref_axis',(1.,0.,0.));
#9013=DIRECTION('',(0.,0.,-1.));
#9014=DIRECTION('center_axis',(0.,0.,1.));
#9015=DIRECTION('ref_axis',(0.707106781186548,-0.707106781186548,0.));
#9016=DIRECTION('',(0.,0.,1.));
#9017=DIRECTION('center_axis',(0.,0.,1.));
#9018=DIRECTION('ref_axis',(1.,0.,0.));
#9019=DIRECTION('',(0.,0.,-1.));
#9020=DIRECTION('center_axis',(0.,0.,1.));
#9021=DIRECTION('ref_axis',(1.,0.,0.));
#9022=DIRECTION('',(0.,0.,-1.));
#9023=DIRECTION('center_axis',(0.,0.,1.));
#9024=DIRECTION('ref_axis',(1.,0.,0.));
#9025=DIRECTION('',(0.,0.,-1.));
#9026=DIRECTION('center_axis',(0.,0.,1.));
#9027=DIRECTION('ref_axis',(1.,0.,0.));
#9028=DIRECTION('',(0.,0.,-1.));
#9029=DIRECTION('center_axis',(1.,0.,0.));
#9030=DIRECTION('ref_axis',(0.,1.,0.));
#9031=DIRECTION('center_axis',(-1.,0.,0.));
#9032=DIRECTION('ref_axis',(0.,-1.,0.));
#9033=DIRECTION('center_axis',(0.,0.,1.));
#9034=DIRECTION('ref_axis',(1.,0.,0.));
#9035=DIRECTION('',(0.,0.,1.));
#9036=DIRECTION('',(1.,0.,0.));
#9037=DIRECTION('',(6.46495375438498E-114,0.,1.));
#9038=DIRECTION('',(1.,-4.11689389761493E-48,-6.46495375438498E-114));
#9039=CARTESIAN_POINT('',(0.,0.,0.));
#9040=CARTESIAN_POINT('',(0.,0.,0.));
#9041=CARTESIAN_POINT('Origin',(53.76,63.1,13.));
#9042=CARTESIAN_POINT('',(53.76,63.1,13.));
#9043=CARTESIAN_POINT('',(53.76,73.1,13.));
#9044=CARTESIAN_POINT('',(53.76,47.325,13.));
#9045=CARTESIAN_POINT('',(53.76,63.1,5.5));
#9046=CARTESIAN_POINT('',(53.76,63.1,8.05));
#9047=CARTESIAN_POINT('',(53.76,73.1,5.5));
#9048=CARTESIAN_POINT('',(53.76,63.1,5.5));
#9049=CARTESIAN_POINT('',(53.76,73.1,8.05));
#9050=CARTESIAN_POINT('Origin',(72.26,73.1,13.));
#9051=CARTESIAN_POINT('',(72.26,73.1,13.));
#9052=CARTESIAN_POINT('',(72.26,63.1,13.));
#9053=CARTESIAN_POINT('',(72.26,52.325,13.));
#9054=CARTESIAN_POINT('',(72.26,73.1,5.5));
#9055=CARTESIAN_POINT('',(72.26,73.1,8.05));
#9056=CARTESIAN_POINT('',(72.26,63.1,5.5));
#9057=CARTESIAN_POINT('',(72.26,73.1,5.5));
#9058=CARTESIAN_POINT('',(72.26,63.1,8.05));
#9059=CARTESIAN_POINT('Origin',(63.01,68.1,5.5));
#9060=CARTESIAN_POINT('',(75.255,73.1,5.5));
#9061=CARTESIAN_POINT('',(31.505,63.1,5.5));
#9062=CARTESIAN_POINT('Origin',(38.75,31.55,13.));
#9063=CARTESIAN_POINT('',(-9.99999999999998,73.1,13.));
#9064=CARTESIAN_POINT('',(87.5,73.1,13.));
#9065=CARTESIAN_POINT('',(-9.99999999999999,-10.,13.));
#9066=CARTESIAN_POINT('',(-9.99999999999998,73.1,13.));
#9067=CARTESIAN_POINT('',(87.5,-10.,13.));
#9068=CARTESIAN_POINT('',(-9.99999999999999,-10.,13.));
#9069=CARTESIAN_POINT('',(87.5,73.1,13.));
#9070=CARTESIAN_POINT('',(87.5,-10.,13.));
#9071=CARTESIAN_POINT('',(87.5,73.1,13.));
#9072=CARTESIAN_POINT('',(77.5,63.1,13.));
#9073=CARTESIAN_POINT('',(77.5,63.1,13.));
#9074=CARTESIAN_POINT('',(77.5,0.,13.));
#9075=CARTESIAN_POINT('',(77.5,0.,13.));
#9076=CARTESIAN_POINT('',(0.,0.,13.));
#9077=CARTESIAN_POINT('',(0.,0.,13.));
#9078=CARTESIAN_POINT('',(0.,63.1,13.));
#9079=CARTESIAN_POINT('',(0.,63.1,13.));
#9080=CARTESIAN_POINT('',(77.5,63.1,13.));
#9081=CARTESIAN_POINT('',(80.8000000745058,-5.00000007450581,13.));
#9082=CARTESIAN_POINT('Origin',(82.5000000745058,-5.00000007450581,13.));
#9083=CARTESIAN_POINT('',(80.8643284378934,68.0737042873809,13.));
#9084=CARTESIAN_POINT('Origin',(82.5643284378934,68.0737042873809,13.));
#9085=CARTESIAN_POINT('',(-6.70000007450581,68.1000000745058,13.));
#9086=CARTESIAN_POINT('Origin',(-5.00000007450581,68.1000000745058,13.));
#9087=CARTESIAN_POINT('',(-6.70000007450581,-5.00000007450581,13.));
#9088=CARTESIAN_POINT('Origin',(-5.00000007450581,-5.00000007450581,13.));
#9089=CARTESIAN_POINT('Origin',(87.5,73.1,3.1));
#9090=CARTESIAN_POINT('',(87.5,73.1,0.));
#9091=CARTESIAN_POINT('',(87.5,73.1,3.1));
#9092=CARTESIAN_POINT('',(-9.99999999999998,73.1,0.));
#9093=CARTESIAN_POINT('',(87.5,73.1,0.));
#9094=CARTESIAN_POINT('',(-9.99999999999998,73.1,3.1));
#9095=CARTESIAN_POINT('Origin',(38.75,31.55,3.));
#9096=CARTESIAN_POINT('',(0.,0.,3.));
#9097=CARTESIAN_POINT('',(0.,63.1,3.));
#9098=CARTESIAN_POINT('',(0.,15.775,3.));
#9099=CARTESIAN_POINT('',(77.5,0.,3.));
#9100=CARTESIAN_POINT('',(58.125,0.,3.));
#9101=CARTESIAN_POINT('',(77.5,63.1,3.));
#9102=CARTESIAN_POINT('',(77.5,47.325,3.));
#9103=CARTESIAN_POINT('',(19.375,63.1,3.));
#9104=CARTESIAN_POINT('Origin',(77.5,0.,3.1));
#9105=CARTESIAN_POINT('',(0.,0.,0.));
#9106=CARTESIAN_POINT('',(77.5,0.,3.1));
#9107=CARTESIAN_POINT('Origin',(0.,0.,3.1));
#9108=CARTESIAN_POINT('',(0.,63.1,3.1));
#9109=CARTESIAN_POINT('Origin',(82.5000000745058,-5.00000007450581,0.));
#9110=CARTESIAN_POINT('',(79.5000000745058,-5.00000007450581,3.1));
#9111=CARTESIAN_POINT('Origin',(82.5000000745058,-5.00000007450581,3.1));
#9112=CARTESIAN_POINT('',(79.5000000745058,-5.00000007450581,0.));
#9113=CARTESIAN_POINT('',(79.5000000745058,-5.00000007450581,0.));
#9114=CARTESIAN_POINT('Origin',(82.5000000745058,-5.00000007450581,0.));
#9115=CARTESIAN_POINT('Origin',(-5.00000007450581,-5.00000007450581,0.));
#9116=CARTESIAN_POINT('',(-8.00000007450581,-5.00000007450581,3.1));
#9117=CARTESIAN_POINT('Origin',(-5.00000007450581,-5.00000007450581,3.1));
#9118=CARTESIAN_POINT('',(-8.00000007450581,-5.00000007450581,0.));
#9119=CARTESIAN_POINT('',(-8.00000007450581,-5.00000007450581,0.));
#9120=CARTESIAN_POINT('Origin',(-5.00000007450581,-5.00000007450581,0.));
#9121=CARTESIAN_POINT('Origin',(82.5643284378934,68.0737042873809,0.));
#9122=CARTESIAN_POINT('',(79.5643284378934,68.0737042873809,3.1));
#9123=CARTESIAN_POINT('Origin',(82.5643284378934,68.0737042873809,3.1));
#9124=CARTESIAN_POINT('',(79.5643284378934,68.0737042873809,0.));
#9125=CARTESIAN_POINT('',(79.5643284378934,68.0737042873809,0.));
#9126=CARTESIAN_POINT('Origin',(82.5643284378934,68.0737042873809,0.));
#9127=CARTESIAN_POINT('Origin',(-5.00000007450581,68.1000000745058,0.));
#9128=CARTESIAN_POINT('',(-8.0000000745058,68.1000000745058,3.1));
#9129=CARTESIAN_POINT('Origin',(-5.00000007450581,68.1000000745058,3.1));
#9130=CARTESIAN_POINT('',(-8.0000000745058,68.1000000745058,0.));
#9131=CARTESIAN_POINT('',(-8.0000000745058,68.1000000745058,0.));
#9132=CARTESIAN_POINT('Origin',(-5.00000007450581,68.1000000745058,0.));
#9133=CARTESIAN_POINT('Origin',(38.75,31.55,0.));
#9134=CARTESIAN_POINT('',(87.5,-10.,0.));
#9135=CARTESIAN_POINT('',(87.5,-10.,0.));
#9136=CARTESIAN_POINT('',(-9.99999999999999,-10.,0.));
#9137=CARTESIAN_POINT('',(-9.99999999999999,-10.,0.));
#9138=CARTESIAN_POINT('',(-9.99999999999998,73.1,0.));
#9139=CARTESIAN_POINT('Origin',(38.75,31.55,3.1));
#9140=CARTESIAN_POINT('',(-6.70000007450581,68.1000000745058,3.1));
#9141=CARTESIAN_POINT('Origin',(-5.00000007450581,68.1000000745058,3.1));
#9142=CARTESIAN_POINT('Origin',(38.75,31.55,3.1));
#9143=CARTESIAN_POINT('',(80.8643284378934,68.0737042873809,3.1));
#9144=CARTESIAN_POINT('Origin',(82.5643284378934,68.0737042873809,3.1));
#9145=CARTESIAN_POINT('Origin',(38.75,31.55,3.1));
#9146=CARTESIAN_POINT('',(-6.70000007450581,-5.00000007450581,3.1));
#9147=CARTESIAN_POINT('Origin',(-5.00000007450581,-5.00000007450581,3.1));
#9148=CARTESIAN_POINT('Origin',(77.5,63.1,3.1));
#9149=CARTESIAN_POINT('',(77.5,63.1,3.1));
#9150=CARTESIAN_POINT('Origin',(0.,63.1,3.1));
#9151=CARTESIAN_POINT('Origin',(-5.00000007450581,68.1000000745058,3.1));
#9152=CARTESIAN_POINT('',(-6.70000007450581,68.1000000745058,3.1));
#9153=CARTESIAN_POINT('Origin',(82.5643284378934,68.0737042873809,3.1));
#9154=CARTESIAN_POINT('',(80.8643284378934,68.0737042873809,3.1));
#9155=CARTESIAN_POINT('Origin',(82.5000000745058,-5.00000007450581,3.1));
#9156=CARTESIAN_POINT('',(80.8000000745058,-5.00000007450581,3.1));
#9157=CARTESIAN_POINT('',(80.8000000745058,-5.00000007450581,3.1));
#9158=CARTESIAN_POINT('Origin',(82.5000000745058,-5.00000007450581,3.1));
#9159=CARTESIAN_POINT('Origin',(-5.00000007450581,-5.00000007450581,3.1));
#9160=CARTESIAN_POINT('',(-6.70000007450581,-5.00000007450581,3.1));
#9161=CARTESIAN_POINT('Origin',(-9.99999999999999,-10.,3.1));
#9162=CARTESIAN_POINT('',(87.5,-10.,0.));
#9163=CARTESIAN_POINT('',(-9.99999999999999,-10.,3.1));
#9164=CARTESIAN_POINT('Origin',(-9.99999999999998,73.1,3.1));
#9165=CARTESIAN_POINT('Origin',(87.5,-10.,3.1));
#9166=CARTESIAN_POINT('Origin',(38.75,31.55,3.1));
#9167=CARTESIAN_POINT('',(0.,0.,0.));
#9168=CARTESIAN_POINT('Origin',(13.826739564538,41.0000006109476,5.));
#9169=CARTESIAN_POINT('',(13.826739564538,41.0000006109476,5.));
#9170=CARTESIAN_POINT('',(13.826739564538,40.5763990432024,5.));
#9171=CARTESIAN_POINT('',(13.826739564538,21.7593166226363,5.));
#9172=CARTESIAN_POINT('',(13.826739564538,41.0000006109476,3.));
#9173=CARTESIAN_POINT('',(13.826739564538,41.0000006109476,5.));
#9174=CARTESIAN_POINT('',(13.826739564538,40.5763990432024,3.));
#9175=CARTESIAN_POINT('',(13.826739564538,41.0000006109476,3.));
#9176=CARTESIAN_POINT('',(13.826739564538,40.5763990432024,5.));
#9177=CARTESIAN_POINT('Origin',(13.4583903104067,41.0000006109476,5.));
#9178=CARTESIAN_POINT('',(13.4583903104067,41.0000006109476,5.));
#9179=CARTESIAN_POINT('',(29.3459063218644,41.0000006109476,5.));
#9180=CARTESIAN_POINT('',(13.4583903104067,41.0000006109476,3.));
#9181=CARTESIAN_POINT('',(13.4583903104067,41.0000006109476,5.));
#9182=CARTESIAN_POINT('',(13.4583903104067,41.0000006109476,3.));
#9183=CARTESIAN_POINT('Origin',(13.4583903104067,40.5763990432024,5.));
#9184=CARTESIAN_POINT('',(13.4583903104067,40.5763990432024,5.));
#9185=CARTESIAN_POINT('',(13.4583903104067,21.5475158387637,5.));
#9186=CARTESIAN_POINT('',(13.4583903104067,40.5763990432024,3.));
#9187=CARTESIAN_POINT('',(13.4583903104067,40.5763990432024,5.));
#9188=CARTESIAN_POINT('',(13.4583903104067,40.5763990432024,3.));
#9189=CARTESIAN_POINT('Origin',(13.826739564538,40.5763990432024,5.));
#9190=CARTESIAN_POINT('',(29.5300809489301,40.5763990432024,5.));
#9191=CARTESIAN_POINT('',(13.826739564538,40.5763990432024,3.));
#9192=CARTESIAN_POINT('Origin',(28.6763299629092,39.0835612267256,3.));
#9193=CARTESIAN_POINT('Origin',(14.7517056018114,39.1377902776003,5.));
#9194=CARTESIAN_POINT('',(14.7517056018114,39.1377902776003,5.));
#9195=CARTESIAN_POINT('',(14.7517056018114,38.0000004917383,5.));
#9196=CARTESIAN_POINT('',(14.7517056018114,20.8282114559627,5.));
#9197=CARTESIAN_POINT('',(14.7517056018114,39.1377902776003,3.));
#9198=CARTESIAN_POINT('',(14.7517056018114,39.1377902776003,5.));
#9199=CARTESIAN_POINT('',(14.7517056018114,38.0000004917383,3.));
#9200=CARTESIAN_POINT('',(14.7517056018114,39.1377902776003,3.));
#9201=CARTESIAN_POINT('',(14.7517056018114,38.0000004917383,5.));
#9202=CARTESIAN_POINT('Ctrl Pts',(14.8130971938372,39.567531272769,5.));
#9203=CARTESIAN_POINT('Ctrl Pts',(14.8130971938372,39.567531272769,3.));
#9204=CARTESIAN_POINT('Ctrl Pts',(14.7951964777853,39.4993483483563,5.));
#9205=CARTESIAN_POINT('Ctrl Pts',(14.7951964777853,39.4993483483563,3.));
#9206=CARTESIAN_POINT('Ctrl Pts',(14.75821855432,39.3585013032848,5.));
#9207=CARTESIAN_POINT('Ctrl Pts',(14.75821855432,39.3585013032848,3.));
#9208=CARTESIAN_POINT('Ctrl Pts',(14.7539221508397,39.212904722066,5.));
#9209=CARTESIAN_POINT('Ctrl Pts',(14.7539221508397,39.212904722066,3.));
#9210=CARTESIAN_POINT('Ctrl Pts',(14.7517056018114,39.1377902776003,5.));
#9211=CARTESIAN_POINT('Ctrl Pts',(14.7517056018114,39.1377902776003,3.));
#9212=CARTESIAN_POINT('',(14.8130971938372,39.567531272769,5.));
#9213=CARTESIAN_POINT('Ctrl Pts',(14.8130971938372,39.567531272769,5.));
#9214=CARTESIAN_POINT('Ctrl Pts',(14.7951964777853,39.4993483483563,5.));
#9215=CARTESIAN_POINT('Ctrl Pts',(14.75821855432,39.3585013032848,5.));
#9216=CARTESIAN_POINT('Ctrl Pts',(14.7539221508397,39.212904722066,5.));
#9217=CARTESIAN_POINT('Ctrl Pts',(14.7517056018114,39.1377902776003,5.));
#9218=CARTESIAN_POINT('',(14.8130971938372,39.567531272769,3.));
#9219=CARTESIAN_POINT('',(14.8130971938372,39.567531272769,5.));
#9220=CARTESIAN_POINT('Ctrl Pts',(14.8130971938372,39.567531272769,3.));
#9221=CARTESIAN_POINT('Ctrl Pts',(14.7951964777853,39.4993483483563,3.));
#9222=CARTESIAN_POINT('Ctrl Pts',(14.75821855432,39.3585013032848,3.));
#9223=CARTESIAN_POINT('Ctrl Pts',(14.7539221508397,39.212904722066,3.));
#9224=CARTESIAN_POINT('Ctrl Pts',(14.7517056018114,39.1377902776003,3.));
#9225=CARTESIAN_POINT('Ctrl Pts',(14.9502051621675,39.7691001743078,5.));
#9226=CARTESIAN_POINT('Ctrl Pts',(14.9502051621675,39.7691001743078,3.));
#9227=CARTESIAN_POINT('Ctrl Pts',(14.9202532885718,39.7419109027149,5.));
#9228=CARTESIAN_POINT('Ctrl Pts',(14.9202532885718,39.7419109027149,3.));
#9229=CARTESIAN_POINT('Ctrl Pts',(14.8584380713818,39.6857971933877,5.));
#9230=CARTESIAN_POINT('Ctrl Pts',(14.8584380713818,39.6857971933877,3.));
#9231=CARTESIAN_POINT('Ctrl Pts',(14.8285192066005,39.6077576344105,5.));
#9232=CARTESIAN_POINT('Ctrl Pts',(14.8285192066005,39.6077576344105,3.));
#9233=CARTESIAN_POINT('Ctrl Pts',(14.8130971938372,39.567531272769,5.));
#9234=CARTESIAN_POINT('Ctrl Pts',(14.8130971938372,39.567531272769,3.));
#9235=CARTESIAN_POINT('',(14.9502051621675,39.7691001743078,5.));
#9236=CARTESIAN_POINT('Ctrl Pts',(14.9502051621675,39.7691001743078,5.));
#9237=CARTESIAN_POINT('Ctrl Pts',(14.9202532885718,39.7419109027149,5.));
#9238=CARTESIAN_POINT('Ctrl Pts',(14.8584380713818,39.6857971933877,5.));
#9239=CARTESIAN_POINT('Ctrl Pts',(14.8285192066005,39.6077576344105,5.));
#9240=CARTESIAN_POINT('Ctrl Pts',(14.8130971938372,39.567531272769,5.));
#9241=CARTESIAN_POINT('',(14.9502051621675,39.7691001743078,3.));
#9242=CARTESIAN_POINT('',(14.9502051621675,39.7691001743078,5.));
#9243=CARTESIAN_POINT('Ctrl Pts',(14.9502051621675,39.7691001743078,3.));
#9244=CARTESIAN_POINT('Ctrl Pts',(14.9202532885718,39.7419109027149,3.));
#9245=CARTESIAN_POINT('Ctrl Pts',(14.8584380713818,39.6857971933877,3.));
#9246=CARTESIAN_POINT('Ctrl Pts',(14.8285192066005,39.6077576344105,3.));
#9247=CARTESIAN_POINT('Ctrl Pts',(14.8130971938372,39.567531272769,3.));
#9248=CARTESIAN_POINT('Ctrl Pts',(15.1671219617128,39.8417467623949,5.));
#9249=CARTESIAN_POINT('Ctrl Pts',(15.1671219617128,39.8417467623949,3.));
#9250=CARTESIAN_POINT('Ctrl Pts',(15.1279068794177,39.838725357761,5.));
#9251=CARTESIAN_POINT('Ctrl Pts',(15.1279068794177,39.838725357761,3.));
#9252=CARTESIAN_POINT('Ctrl Pts',(15.0495126581818,39.8326853178211,5.));
#9253=CARTESIAN_POINT('Ctrl Pts',(15.0495126581818,39.8326853178211,3.));
#9254=CARTESIAN_POINT('Ctrl Pts',(14.9832975410734,39.7902887426071,5.));
#9255=CARTESIAN_POINT('Ctrl Pts',(14.9832975410734,39.7902887426071,3.));
#9256=CARTESIAN_POINT('Ctrl Pts',(14.9502051621675,39.7691001743078,5.));
#9257=CARTESIAN_POINT('Ctrl Pts',(14.9502051621675,39.7691001743078,3.));
#9258=CARTESIAN_POINT('',(15.1671219617128,39.8417467623949,5.));
#9259=CARTESIAN_POINT('Ctrl Pts',(15.1671219617128,39.8417467623949,5.));
#9260=CARTESIAN_POINT('Ctrl Pts',(15.1279068794177,39.838725357761,5.));
#9261=CARTESIAN_POINT('Ctrl Pts',(15.0495126581818,39.8326853178211,5.));
#9262=CARTESIAN_POINT('Ctrl Pts',(14.9832975410734,39.7902887426071,5.));
#9263=CARTESIAN_POINT('Ctrl Pts',(14.9502051621675,39.7691001743078,5.));
#9264=CARTESIAN_POINT('',(15.1671219617128,39.8417467623949,3.));
#9265=CARTESIAN_POINT('',(15.1671219617128,39.8417467623949,5.));
#9266=CARTESIAN_POINT('Ctrl Pts',(15.1671219617128,39.8417467623949,3.));
#9267=CARTESIAN_POINT('Ctrl Pts',(15.1279068794177,39.838725357761,3.));
#9268=CARTESIAN_POINT('Ctrl Pts',(15.0495126581818,39.8326853178211,3.));
#9269=CARTESIAN_POINT('Ctrl Pts',(14.9832975410734,39.7902887426071,3.));
#9270=CARTESIAN_POINT('Ctrl Pts',(14.9502051621675,39.7691001743078,3.));
#9271=CARTESIAN_POINT('Ctrl Pts',(15.4372442513704,39.7619377821684,5.));
#9272=CARTESIAN_POINT('Ctrl Pts',(15.4372442513704,39.7619377821684,3.));
#9273=CARTESIAN_POINT('Ctrl Pts',(15.3931838928333,39.7852046649364,5.));
#9274=CARTESIAN_POINT('Ctrl Pts',(15.3931838928333,39.7852046649364,3.));
#9275=CARTESIAN_POINT('Ctrl Pts',(15.3084046620286,39.8299738971849,5.));
#9276=CARTESIAN_POINT('Ctrl Pts',(15.3084046620286,39.8299738971849,3.));
#9277=CARTESIAN_POINT('Ctrl Pts',(15.2129622739322,39.8379269612746,5.));
#9278=CARTESIAN_POINT('Ctrl Pts',(15.2129622739322,39.8379269612746,3.));
#9279=CARTESIAN_POINT('Ctrl Pts',(15.1671219617128,39.8417467623949,5.));
#9280=CARTESIAN_POINT('Ctrl Pts',(15.1671219617128,39.8417467623949,3.));
#9281=CARTESIAN_POINT('',(15.4372442513704,39.7619377821684,5.));
#9282=CARTESIAN_POINT('Ctrl Pts',(15.4372442513704,39.7619377821684,5.));
#9283=CARTESIAN_POINT('Ctrl Pts',(15.3931838928333,39.7852046649364,5.));
#9284=CARTESIAN_POINT('Ctrl Pts',(15.3084046620286,39.8299738971849,5.));
#9285=CARTESIAN_POINT('Ctrl Pts',(15.2129622739322,39.8379269612746,5.));
#9286=CARTESIAN_POINT('Ctrl Pts',(15.1671219617128,39.8417467623949,5.));
#9287=CARTESIAN_POINT('',(15.4372442513704,39.7619377821684,3.));
#9288=CARTESIAN_POINT('',(15.4372442513704,39.7619377821684,5.));
#9289=CARTESIAN_POINT('Ctrl Pts',(15.4372442513704,39.7619377821684,3.));
#9290=CARTESIAN_POINT('Ctrl Pts',(15.3931838928333,39.7852046649364,3.));
#9291=CARTESIAN_POINT('Ctrl Pts',(15.3084046620286,39.8299738971849,3.));
#9292=CARTESIAN_POINT('Ctrl Pts',(15.2129622739322,39.8379269612746,3.));
#9293=CARTESIAN_POINT('Ctrl Pts',(15.1671219617128,39.8417467623949,3.));
#9294=CARTESIAN_POINT('Origin',(15.5641204863787,40.1036839932203,5.));
#9295=CARTESIAN_POINT('',(15.5641204863787,40.1036839932203,5.));
#9296=CARTESIAN_POINT('',(11.2294039411472,28.4279516922042,5.));
#9297=CARTESIAN_POINT('',(15.5641204863787,40.1036839932203,3.));
#9298=CARTESIAN_POINT('',(15.5641204863787,40.1036839932203,5.));
#9299=CARTESIAN_POINT('',(15.5641204863787,40.1036839932203,3.));
#9300=CARTESIAN_POINT('Ctrl Pts',(15.185539200902,40.2223742753267,5.));
#9301=CARTESIAN_POINT('Ctrl Pts',(15.185539200902,40.2223742753267,3.));
#9302=CARTESIAN_POINT('Ctrl Pts',(15.2493494201674,40.2164914078722,5.));
#9303=CARTESIAN_POINT('Ctrl Pts',(15.2493494201674,40.2164914078722,3.));
#9304=CARTESIAN_POINT('Ctrl Pts',(15.3838451760161,40.2040918155505,5.));
#9305=CARTESIAN_POINT('Ctrl Pts',(15.3838451760161,40.2040918155505,3.));
#9306=CARTESIAN_POINT('Ctrl Pts',(15.5020151311844,40.1382747724987,5.));
#9307=CARTESIAN_POINT('Ctrl Pts',(15.5020151311844,40.1382747724987,3.));
#9308=CARTESIAN_POINT('Ctrl Pts',(15.5641204863787,40.1036839932203,5.));
#9309=CARTESIAN_POINT('Ctrl Pts',(15.5641204863787,40.1036839932203,3.));
#9310=CARTESIAN_POINT('',(15.185539200902,40.2223742753267,5.));
#9311=CARTESIAN_POINT('Ctrl Pts',(15.185539200902,40.2223742753267,5.));
#9312=CARTESIAN_POINT('Ctrl Pts',(15.2493494201674,40.2164914078722,5.));
#9313=CARTESIAN_POINT('Ctrl Pts',(15.3838451760161,40.2040918155505,5.));
#9314=CARTESIAN_POINT('Ctrl Pts',(15.5020151311844,40.1382747724987,5.));
#9315=CARTESIAN_POINT('Ctrl Pts',(15.5641204863787,40.1036839932203,5.));
#9316=CARTESIAN_POINT('',(15.185539200902,40.2223742753267,3.));
#9317=CARTESIAN_POINT('',(15.185539200902,40.2223742753267,5.));
#9318=CARTESIAN_POINT('Ctrl Pts',(15.185539200902,40.2223742753267,3.));
#9319=CARTESIAN_POINT('Ctrl Pts',(15.2493494201674,40.2164914078722,3.));
#9320=CARTESIAN_POINT('Ctrl Pts',(15.3838451760161,40.2040918155505,3.));
#9321=CARTESIAN_POINT('Ctrl Pts',(15.5020151311844,40.1382747724987,3.));
#9322=CARTESIAN_POINT('Ctrl Pts',(15.5641204863787,40.1036839932203,3.));
#9323=CARTESIAN_POINT('Ctrl Pts',(14.9491817504168,40.1487044245005,5.));
#9324=CARTESIAN_POINT('Ctrl Pts',(14.9491817504168,40.1487044245005,3.));
#9325=CARTESIAN_POINT('Ctrl Pts',(14.985828852542,40.170191379475,5.));
#9326=CARTESIAN_POINT('Ctrl Pts',(14.985828852542,40.170191379475,3.));
#9327=CARTESIAN_POINT('Ctrl Pts',(15.0589199710892,40.2130462160703,5.));
#9328=CARTESIAN_POINT('Ctrl Pts',(15.0589199710892,40.2130462160703,3.));
#9329=CARTESIAN_POINT('Ctrl Pts',(15.1434110445626,40.2192706871966,5.));
#9330=CARTESIAN_POINT('Ctrl Pts',(15.1434110445626,40.2192706871966,3.));
#9331=CARTESIAN_POINT('Ctrl Pts',(15.185539200902,40.2223742753267,5.));
#9332=CARTESIAN_POINT('Ctrl Pts',(15.185539200902,40.2223742753267,3.));
#9333=CARTESIAN_POINT('',(14.9491817504168,40.1487044245005,5.));
#9334=CARTESIAN_POINT('Ctrl Pts',(14.9491817504168,40.1487044245005,5.));
#9335=CARTESIAN_POINT('Ctrl Pts',(14.985828852542,40.170191379475,5.));
#9336=CARTESIAN_POINT('Ctrl Pts',(15.0589199710892,40.2130462160703,5.));
#9337=CARTESIAN_POINT('Ctrl Pts',(15.1434110445626,40.2192706871966,5.));
#9338=CARTESIAN_POINT('Ctrl Pts',(15.185539200902,40.2223742753267,5.));
#9339=CARTESIAN_POINT('',(14.9491817504168,40.1487044245005,3.));
#9340=CARTESIAN_POINT('',(14.9491817504168,40.1487044245005,5.));
#9341=CARTESIAN_POINT('Ctrl Pts',(14.9491817504168,40.1487044245005,3.));
#9342=CARTESIAN_POINT('Ctrl Pts',(14.985828852542,40.170191379475,3.));
#9343=CARTESIAN_POINT('Ctrl Pts',(15.0589199710892,40.2130462160703,3.));
#9344=CARTESIAN_POINT('Ctrl Pts',(15.1434110445626,40.2192706871966,3.));
#9345=CARTESIAN_POINT('Ctrl Pts',(15.185539200902,40.2223742753267,3.));
#9346=CARTESIAN_POINT('Ctrl Pts',(14.7148705273867,39.8437931388617,5.));
#9347=CARTESIAN_POINT('Ctrl Pts',(14.7148705273867,39.8437931388617,3.));
#9348=CARTESIAN_POINT('Ctrl Pts',(14.7517988997396,39.9107344114944,5.));
#9349=CARTESIAN_POINT('Ctrl Pts',(14.7517988997396,39.9107344114944,3.));
#9350=CARTESIAN_POINT('Ctrl Pts',(14.8146095028791,40.0245932533843,5.));
#9351=CARTESIAN_POINT('Ctrl Pts',(14.8146095028791,40.0245932533843,3.));
#9352=CARTESIAN_POINT('Ctrl Pts',(14.909911047091,40.1124864592847,5.));
#9353=CARTESIAN_POINT('Ctrl Pts',(14.909911047091,40.1124864592847,3.));
#9354=CARTESIAN_POINT('Ctrl Pts',(14.9491817504168,40.1487044245005,5.));
#9355=CARTESIAN_POINT('Ctrl Pts',(14.9491817504168,40.1487044245005,3.));
#9356=CARTESIAN_POINT('',(14.7148705273867,39.8437931388617,5.));
#9357=CARTESIAN_POINT('Ctrl Pts',(14.7148705273867,39.8437931388617,5.));
#9358=CARTESIAN_POINT('Ctrl Pts',(14.7517988997396,39.9107344114944,5.));
#9359=CARTESIAN_POINT('Ctrl Pts',(14.8146095028791,40.0245932533843,5.));
#9360=CARTESIAN_POINT('Ctrl Pts',(14.909911047091,40.1124864592847,5.));
#9361=CARTESIAN_POINT('Ctrl Pts',(14.9491817504168,40.1487044245005,5.));
#9362=CARTESIAN_POINT('',(14.7148705273867,39.8437931388617,3.));
#9363=CARTESIAN_POINT('',(14.7148705273867,39.8437931388617,5.));
#9364=CARTESIAN_POINT('Ctrl Pts',(14.7148705273867,39.8437931388617,3.));
#9365=CARTESIAN_POINT('Ctrl Pts',(14.7517988997396,39.9107344114944,3.));
#9366=CARTESIAN_POINT('Ctrl Pts',(14.8146095028791,40.0245932533843,3.));
#9367=CARTESIAN_POINT('Ctrl Pts',(14.909911047091,40.1124864592847,3.));
#9368=CARTESIAN_POINT('Ctrl Pts',(14.9491817504168,40.1487044245005,3.));
#9369=CARTESIAN_POINT('Origin',(14.7148705273867,40.1732610911131,5.));
#9370=CARTESIAN_POINT('',(14.7148705273867,40.1732610911131,5.));
#9371=CARTESIAN_POINT('',(14.7148705273867,21.3459468627191,5.));
#9372=CARTESIAN_POINT('',(14.7148705273867,40.1732610911131,3.));
#9373=CARTESIAN_POINT('',(14.7148705273867,40.1732610911131,5.));
#9374=CARTESIAN_POINT('',(14.7148705273867,40.1732610911131,3.));
#9375=CARTESIAN_POINT('Origin',(14.3833563476801,40.1732610911131,5.));
#9376=CARTESIAN_POINT('',(14.3833563476801,40.1732610911131,5.));
#9377=CARTESIAN_POINT('',(29.8083893405012,40.1732610911131,5.));
#9378=CARTESIAN_POINT('',(14.3833563476801,40.1732610911131,3.));
#9379=CARTESIAN_POINT('',(14.3833563476801,40.1732610911131,5.));
#9380=CARTESIAN_POINT('',(14.3833563476801,40.1732610911131,3.));
#9381=CARTESIAN_POINT('Origin',(14.3833563476801,38.0000004917383,5.));
#9382=CARTESIAN_POINT('',(14.3833563476801,38.0000004917383,5.));
#9383=CARTESIAN_POINT('',(14.3833563476801,20.2593165630317,5.));
#9384=CARTESIAN_POINT('',(14.3833563476801,38.0000004917383,3.));
#9385=CARTESIAN_POINT('',(14.3833563476801,38.0000004917383,5.));
#9386=CARTESIAN_POINT('',(14.3833563476801,38.0000004917383,3.));
#9387=CARTESIAN_POINT('Origin',(14.7517056018114,38.0000004917383,5.));
#9388=CARTESIAN_POINT('',(29.9925639675668,38.0000004917383,5.));
#9389=CARTESIAN_POINT('',(14.7517056018114,38.0000004917383,3.));
#9390=CARTESIAN_POINT('Origin',(28.6763299629092,39.0835612267256,3.));
#9391=CARTESIAN_POINT('Ctrl Pts',(18.7605733424425,39.9174629896879,5.));
#9392=CARTESIAN_POINT('Ctrl Pts',(18.7605733424425,39.9174629896879,3.));
#9393=CARTESIAN_POINT('Ctrl Pts',(18.6724329714591,39.9088790817123,5.));
#9394=CARTESIAN_POINT('Ctrl Pts',(18.6724329714591,39.9088790817123,3.));
#9395=CARTESIAN_POINT('Ctrl Pts',(18.4962951982944,39.8917251893584,5.));
#9396=CARTESIAN_POINT('Ctrl Pts',(18.4962951982944,39.8917251893584,3.));
#9397=CARTESIAN_POINT('Ctrl Pts',(18.3668521941825,39.7710612303085,5.));
#9398=CARTESIAN_POINT('Ctrl Pts',(18.3668521941825,39.7710612303085,3.));
#9399=CARTESIAN_POINT('Ctrl Pts',(18.3021832257509,39.710778221488,5.));
#9400=CARTESIAN_POINT('Ctrl Pts',(18.3021832257509,39.710778221488,3.));
#9401=CARTESIAN_POINT('',(18.7605733424425,39.9174629896879,5.));
#9402=CARTESIAN_POINT('',(18.3021832257509,39.710778221488,5.));
#9403=CARTESIAN_POINT('Ctrl Pts',(18.7605733424425,39.9174629896879,5.));
#9404=CARTESIAN_POINT('Ctrl Pts',(18.6724329714591,39.9088790817123,5.));
#9405=CARTESIAN_POINT('Ctrl Pts',(18.4962951982944,39.8917251893584,5.));
#9406=CARTESIAN_POINT('Ctrl Pts',(18.3668521941825,39.7710612303085,5.));
#9407=CARTESIAN_POINT('Ctrl Pts',(18.3021832257509,39.710778221488,5.));
#9408=CARTESIAN_POINT('',(18.7605733424425,39.9174629896879,3.));
#9409=CARTESIAN_POINT('',(18.7605733424425,39.9174629896879,5.));
#9410=CARTESIAN_POINT('',(18.3021832257509,39.710778221488,3.));
#9411=CARTESIAN_POINT('Ctrl Pts',(18.7605733424425,39.9174629896879,3.));
#9412=CARTESIAN_POINT('Ctrl Pts',(18.6724329714591,39.9088790817123,3.));
#9413=CARTESIAN_POINT('Ctrl Pts',(18.4962951982944,39.8917251893584,3.));
#9414=CARTESIAN_POINT('Ctrl Pts',(18.3668521941825,39.7710612303085,3.));
#9415=CARTESIAN_POINT('Ctrl Pts',(18.3021832257509,39.710778221488,3.));
#9416=CARTESIAN_POINT('',(18.3021832257509,39.710778221488,5.));
#9417=CARTESIAN_POINT('Ctrl Pts',(19.2158944159746,39.7097549587488,5.));
#9418=CARTESIAN_POINT('Ctrl Pts',(19.2158944159746,39.7097549587488,3.));
#9419=CARTESIAN_POINT('Ctrl Pts',(19.1513618803262,39.7703360586458,5.));
#9420=CARTESIAN_POINT('Ctrl Pts',(19.1513618803262,39.7703360586458,3.));
#9421=CARTESIAN_POINT('Ctrl Pts',(19.0229337114122,39.8909003546615,5.));
#9422=CARTESIAN_POINT('Ctrl Pts',(19.0229337114122,39.8909003546615,3.));
#9423=CARTESIAN_POINT('Ctrl Pts',(18.8477371865904,39.9086380997524,5.));
#9424=CARTESIAN_POINT('Ctrl Pts',(18.8477371865904,39.9086380997524,3.));
#9425=CARTESIAN_POINT('Ctrl Pts',(18.7605733424425,39.9174629896879,5.));
#9426=CARTESIAN_POINT('Ctrl Pts',(18.7605733424425,39.9174629896879,3.));
#9427=CARTESIAN_POINT('',(19.2158944159746,39.7097549587488,5.));
#9428=CARTESIAN_POINT('Ctrl Pts',(19.2158944159746,39.7097549587488,5.));
#9429=CARTESIAN_POINT('Ctrl Pts',(19.1513618803262,39.7703360586458,5.));
#9430=CARTESIAN_POINT('Ctrl Pts',(19.0229337114122,39.8909003546615,5.));
#9431=CARTESIAN_POINT('Ctrl Pts',(18.8477371865904,39.9086380997524,5.));
#9432=CARTESIAN_POINT('Ctrl Pts',(18.7605733424425,39.9174629896879,5.));
#9433=CARTESIAN_POINT('',(19.2158944159746,39.7097549587488,3.));
#9434=CARTESIAN_POINT('',(19.2158944159746,39.7097549587488,5.));
#9435=CARTESIAN_POINT('Ctrl Pts',(19.2158944159746,39.7097549587488,3.));
#9436=CARTESIAN_POINT('Ctrl Pts',(19.1513618803262,39.7703360586458,3.));
#9437=CARTESIAN_POINT('Ctrl Pts',(19.0229337114122,39.8909003546615,3.));
#9438=CARTESIAN_POINT('Ctrl Pts',(18.8477371865904,39.9086380997524,3.));
#9439=CARTESIAN_POINT('Ctrl Pts',(18.7605733424425,39.9174629896879,3.));
#9440=CARTESIAN_POINT('Ctrl Pts',(19.3990457803011,39.0989089757204,5.));
#9441=CARTESIAN_POINT('Ctrl Pts',(19.3990457803011,39.0989089757204,3.));
#9442=CARTESIAN_POINT('Ctrl Pts',(19.3950635736828,39.2206164931123,5.));
#9443=CARTESIAN_POINT('Ctrl Pts',(19.3950635736828,39.2206164931123,3.));
#9444=CARTESIAN_POINT('Ctrl Pts',(19.3878371724219,39.4414757908478,5.));
#9445=CARTESIAN_POINT('Ctrl Pts',(19.3878371724219,39.4414757908478,3.));
#9446=CARTESIAN_POINT('Ctrl Pts',(19.269168916724,39.6266317203717,5.));
#9447=CARTESIAN_POINT('Ctrl Pts',(19.269168916724,39.6266317203717,3.));
#9448=CARTESIAN_POINT('Ctrl Pts',(19.2158944159746,39.7097549587488,5.));
#9449=CARTESIAN_POINT('Ctrl Pts',(19.2158944159746,39.7097549587488,3.));
#9450=CARTESIAN_POINT('',(19.3990457803011,39.0989089757204,5.));
#9451=CARTESIAN_POINT('Ctrl Pts',(19.3990457803011,39.0989089757204,5.));
#9452=CARTESIAN_POINT('Ctrl Pts',(19.3950635736828,39.2206164931123,5.));
#9453=CARTESIAN_POINT('Ctrl Pts',(19.3878371724219,39.4414757908478,5.));
#9454=CARTESIAN_POINT('Ctrl Pts',(19.269168916724,39.6266317203717,5.));
#9455=CARTESIAN_POINT('Ctrl Pts',(19.2158944159746,39.7097549587488,5.));
#9456=CARTESIAN_POINT('',(19.3990457803011,39.0989089757204,3.));
#9457=CARTESIAN_POINT('',(19.3990457803011,39.0989089757204,5.));
#9458=CARTESIAN_POINT('Ctrl Pts',(19.3990457803011,39.0989089757204,3.));
#9459=CARTESIAN_POINT('Ctrl Pts',(19.3950635736828,39.2206164931123,3.));
#9460=CARTESIAN_POINT('Ctrl Pts',(19.3878371724219,39.4414757908478,3.));
#9461=CARTESIAN_POINT('Ctrl Pts',(19.269168916724,39.6266317203717,3.));
#9462=CARTESIAN_POINT('Ctrl Pts',(19.2158944159746,39.7097549587488,3.));
#9463=CARTESIAN_POINT('Ctrl Pts',(19.216917231679,38.4624833613634,5.));
#9464=CARTESIAN_POINT('Ctrl Pts',(19.216917231679,38.4624833613634,3.));
#9465=CARTESIAN_POINT('Ctrl Pts',(19.2698509431983,38.548018758491,5.));
#9466=CARTESIAN_POINT('Ctrl Pts',(19.2698509431983,38.548018758491,3.));
#9467=CARTESIAN_POINT('Ctrl Pts',(19.3897993794152,38.7418430121122,5.));
#9468=CARTESIAN_POINT('Ctrl Pts',(19.3897993794152,38.7418430121122,3.));
#9469=CARTESIAN_POINT('Ctrl Pts',(19.3957315177117,38.9709229214997,5.));
#9470=CARTESIAN_POINT('Ctrl Pts',(19.3957315177117,38.9709229214997,3.));
#9471=CARTESIAN_POINT('Ctrl Pts',(19.3990457803011,39.0989089757204,5.));
#9472=CARTESIAN_POINT('Ctrl Pts',(19.3990457803011,39.0989089757204,3.));
#9473=CARTESIAN_POINT('',(19.216917231679,38.4624833613634,5.));
#9474=CARTESIAN_POINT('Ctrl Pts',(19.216917231679,38.4624833613634,5.));
#9475=CARTESIAN_POINT('Ctrl Pts',(19.2698509431983,38.548018758491,5.));
#9476=CARTESIAN_POINT('Ctrl Pts',(19.3897993794152,38.7418430121122,5.));
#9477=CARTESIAN_POINT('Ctrl Pts',(19.3957315177117,38.9709229214997,5.));
#9478=CARTESIAN_POINT('Ctrl Pts',(19.3990457803011,39.0989089757204,5.));
#9479=CARTESIAN_POINT('',(19.216917231679,38.4624833613634,3.));
#9480=CARTESIAN_POINT('',(19.216917231679,38.4624833613634,5.));
#9481=CARTESIAN_POINT('Ctrl Pts',(19.216917231679,38.4624833613634,3.));
#9482=CARTESIAN_POINT('Ctrl Pts',(19.2698509431983,38.548018758491,3.));
#9483=CARTESIAN_POINT('Ctrl Pts',(19.3897993794152,38.7418430121122,3.));
#9484=CARTESIAN_POINT('Ctrl Pts',(19.3957315177117,38.9709229214997,3.));
#9485=CARTESIAN_POINT('Ctrl Pts',(19.3990457803011,39.0989089757204,3.));
#9486=CARTESIAN_POINT('Ctrl Pts',(18.7605733424425,38.2537520676851,5.));
#9487=CARTESIAN_POINT('Ctrl Pts',(18.7605733424425,38.2537520676851,3.));
#9488=CARTESIAN_POINT('Ctrl Pts',(18.848229492183,38.262550339174,5.));
#9489=CARTESIAN_POINT('Ctrl Pts',(18.848229492183,38.262550339174,3.));
#9490=CARTESIAN_POINT('Ctrl Pts',(19.0240547985899,38.2801983739665,5.));
#9491=CARTESIAN_POINT('Ctrl Pts',(19.0240547985899,38.2801983739665,3.));
#9492=CARTESIAN_POINT('Ctrl Pts',(19.1525048274181,38.4016036238695,5.));
#9493=CARTESIAN_POINT('Ctrl Pts',(19.1525048274181,38.4016036238695,3.));
#9494=CARTESIAN_POINT('Ctrl Pts',(19.216917231679,38.4624833613634,5.));
#9495=CARTESIAN_POINT('Ctrl Pts',(19.216917231679,38.4624833613634,3.));
#9496=CARTESIAN_POINT('',(18.7605733424425,38.2537520676851,5.));
#9497=CARTESIAN_POINT('Ctrl Pts',(18.7605733424425,38.2537520676851,5.));
#9498=CARTESIAN_POINT('Ctrl Pts',(18.848229492183,38.262550339174,5.));
#9499=CARTESIAN_POINT('Ctrl Pts',(19.0240547985899,38.2801983739665,5.));
#9500=CARTESIAN_POINT('Ctrl Pts',(19.1525048274181,38.4016036238695,5.));
#9501=CARTESIAN_POINT('Ctrl Pts',(19.216917231679,38.4624833613634,5.));
#9502=CARTESIAN_POINT('',(18.7605733424425,38.2537520676851,3.));
#9503=CARTESIAN_POINT('',(18.7605733424425,38.2537520676851,5.));
#9504=CARTESIAN_POINT('Ctrl Pts',(18.7605733424425,38.2537520676851,3.));
#9505=CARTESIAN_POINT('Ctrl Pts',(18.848229492183,38.262550339174,3.));
#9506=CARTESIAN_POINT('Ctrl Pts',(19.0240547985899,38.2801983739665,3.));
#9507=CARTESIAN_POINT('Ctrl Pts',(19.1525048274181,38.4016036238695,3.));
#9508=CARTESIAN_POINT('Ctrl Pts',(19.216917231679,38.4624833613634,3.));
#9509=CARTESIAN_POINT('Ctrl Pts',(18.3021832257509,38.4614602476358,5.));
#9510=CARTESIAN_POINT('Ctrl Pts',(18.3021832257509,38.4614602476358,3.));
#9511=CARTESIAN_POINT('Ctrl Pts',(18.3668154964331,38.4008786579008,5.));
#9512=CARTESIAN_POINT('Ctrl Pts',(18.3668154964331,38.4008786579008,3.));
#9513=CARTESIAN_POINT('Ctrl Pts',(18.4960817780158,38.2797138472766,5.));
#9514=CARTESIAN_POINT('Ctrl Pts',(18.4960817780158,38.2797138472766,3.));
#9515=CARTESIAN_POINT('Ctrl Pts',(18.6724086963797,38.262406071883,5.));
#9516=CARTESIAN_POINT('Ctrl Pts',(18.6724086963797,38.262406071883,3.));
#9517=CARTESIAN_POINT('Ctrl Pts',(18.7605733424425,38.2537520676851,5.));
#9518=CARTESIAN_POINT('Ctrl Pts',(18.7605733424425,38.2537520676851,3.));
#9519=CARTESIAN_POINT('',(18.3021832257509,38.4614602476358,5.));
#9520=CARTESIAN_POINT('Ctrl Pts',(18.3021832257509,38.4614602476358,5.));
#9521=CARTESIAN_POINT('Ctrl Pts',(18.3668154964331,38.4008786579008,5.));
#9522=CARTESIAN_POINT('Ctrl Pts',(18.4960817780158,38.2797138472766,5.));
#9523=CARTESIAN_POINT('Ctrl Pts',(18.6724086963797,38.262406071883,5.));
#9524=CARTESIAN_POINT('Ctrl Pts',(18.7605733424425,38.2537520676851,5.));
#9525=CARTESIAN_POINT('',(18.3021832257509,38.4614602476358,3.));
#9526=CARTESIAN_POINT('',(18.3021832257509,38.4614602476358,5.));
#9527=CARTESIAN_POINT('Ctrl Pts',(18.3021832257509,38.4614602476358,3.));
#9528=CARTESIAN_POINT('Ctrl Pts',(18.3668154964331,38.4008786579008,3.));
#9529=CARTESIAN_POINT('Ctrl Pts',(18.4960817780158,38.2797138472766,3.));
#9530=CARTESIAN_POINT('Ctrl Pts',(18.6724086963797,38.262406071883,3.));
#9531=CARTESIAN_POINT('Ctrl Pts',(18.7605733424425,38.2537520676851,3.));
#9532=CARTESIAN_POINT('Ctrl Pts',(18.1200552731752,39.0866307169199,5.));
#9533=CARTESIAN_POINT('Ctrl Pts',(18.1200552731752,39.0866307169199,3.));
#9534=CARTESIAN_POINT('Ctrl Pts',(18.1236064085165,38.9613113118859,5.));
#9535=CARTESIAN_POINT('Ctrl Pts',(18.1236064085165,38.9613113118859,3.));
#9536=CARTESIAN_POINT('Ctrl Pts',(18.1299940691925,38.7358910565158,5.));
#9537=CARTESIAN_POINT('Ctrl Pts',(18.1299940691925,38.7358910565158,3.));
#9538=CARTESIAN_POINT('Ctrl Pts',(18.2492334148538,38.5458503435337,5.));
#9539=CARTESIAN_POINT('Ctrl Pts',(18.2492334148538,38.5458503435337,3.));
#9540=CARTESIAN_POINT('Ctrl Pts',(18.3021832257509,38.4614602476358,5.));
#9541=CARTESIAN_POINT('Ctrl Pts',(18.3021832257509,38.4614602476358,3.));
#9542=CARTESIAN_POINT('',(18.1200552731752,39.0866307169199,5.));
#9543=CARTESIAN_POINT('Ctrl Pts',(18.1200552731752,39.0866307169199,5.));
#9544=CARTESIAN_POINT('Ctrl Pts',(18.1236064085165,38.9613113118859,5.));
#9545=CARTESIAN_POINT('Ctrl Pts',(18.1299940691925,38.7358910565158,5.));
#9546=CARTESIAN_POINT('Ctrl Pts',(18.2492334148538,38.5458503435337,5.));
#9547=CARTESIAN_POINT('Ctrl Pts',(18.3021832257509,38.4614602476358,5.));
#9548=CARTESIAN_POINT('',(18.1200552731752,39.0866307169199,3.));
#9549=CARTESIAN_POINT('',(18.1200552731752,39.0866307169199,5.));
#9550=CARTESIAN_POINT('Ctrl Pts',(18.1200552731752,39.0866307169199,3.));
#9551=CARTESIAN_POINT('Ctrl Pts',(18.1236064085165,38.9613113118859,3.));
#9552=CARTESIAN_POINT('Ctrl Pts',(18.1299940691925,38.7358910565158,3.));
#9553=CARTESIAN_POINT('Ctrl Pts',(18.2492334148538,38.5458503435337,3.));
#9554=CARTESIAN_POINT('Ctrl Pts',(18.3021832257509,38.4614602476358,3.));
#9555=CARTESIAN_POINT('Ctrl Pts',(18.3021832257509,39.710778221488,5.));
#9556=CARTESIAN_POINT('Ctrl Pts',(18.3021832257509,39.710778221488,3.));
#9557=CARTESIAN_POINT('Ctrl Pts',(18.2492357497472,39.6266485545317,5.));
#9558=CARTESIAN_POINT('Ctrl Pts',(18.2492357497472,39.6266485545317,3.));
#9559=CARTESIAN_POINT('Ctrl Pts',(18.1298938216474,39.4370229590782,5.));
#9560=CARTESIAN_POINT('Ctrl Pts',(18.1298938216474,39.4370229590782,3.));
#9561=CARTESIAN_POINT('Ctrl Pts',(18.1235722203373,39.2118840513086,5.));
#9562=CARTESIAN_POINT('Ctrl Pts',(18.1235722203373,39.2118840513086,3.));
#9563=CARTESIAN_POINT('Ctrl Pts',(18.1200552731752,39.0866307169199,5.));
#9564=CARTESIAN_POINT('Ctrl Pts',(18.1200552731752,39.0866307169199,3.));
#9565=CARTESIAN_POINT('Ctrl Pts',(18.3021832257509,39.710778221488,5.));
#9566=CARTESIAN_POINT('Ctrl Pts',(18.2492357497472,39.6266485545317,5.));
#9567=CARTESIAN_POINT('Ctrl Pts',(18.1298938216474,39.4370229590782,5.));
#9568=CARTESIAN_POINT('Ctrl Pts',(18.1235722203373,39.2118840513086,5.));
#9569=CARTESIAN_POINT('Ctrl Pts',(18.1200552731752,39.0866307169199,5.));
#9570=CARTESIAN_POINT('Ctrl Pts',(18.3021832257509,39.710778221488,3.));
#9571=CARTESIAN_POINT('Ctrl Pts',(18.2492357497472,39.6266485545317,3.));
#9572=CARTESIAN_POINT('Ctrl Pts',(18.1298938216474,39.4370229590782,3.));
#9573=CARTESIAN_POINT('Ctrl Pts',(18.1235722203373,39.2118840513086,3.));
#9574=CARTESIAN_POINT('Ctrl Pts',(18.1200552731752,39.0866307169199,3.));
#9575=CARTESIAN_POINT('Ctrl Pts',(18.7605733424425,37.9508871585131,5.));
#9576=CARTESIAN_POINT('Ctrl Pts',(18.7605733424425,37.9508871585131,3.));
#9577=CARTESIAN_POINT('Ctrl Pts',(18.6174187833088,37.9613883086821,5.));
#9578=CARTESIAN_POINT('Ctrl Pts',(18.6174187833088,37.9613883086821,3.));
#9579=CARTESIAN_POINT('Ctrl Pts',(18.3402557963754,37.9817196915224,5.));
#9580=CARTESIAN_POINT('Ctrl Pts',(18.3402557963754,37.9817196915224,3.));
#9581=CARTESIAN_POINT('Ctrl Pts',(18.1262998257159,38.1581946252137,5.));
#9582=CARTESIAN_POINT('Ctrl Pts',(18.1262998257159,38.1581946252137,3.));
#9583=CARTESIAN_POINT('Ctrl Pts',(18.0228520184755,38.243520334363,5.));
#9584=CARTESIAN_POINT('Ctrl Pts',(18.0228520184755,38.243520334363,3.));
#9585=CARTESIAN_POINT('',(18.7605733424425,37.9508871585131,5.));
#9586=CARTESIAN_POINT('',(18.0228520184755,38.243520334363,5.));
#9587=CARTESIAN_POINT('Ctrl Pts',(18.7605733424425,37.9508871585131,5.));
#9588=CARTESIAN_POINT('Ctrl Pts',(18.6174187833088,37.9613883086821,5.));
#9589=CARTESIAN_POINT('Ctrl Pts',(18.3402557963754,37.9817196915224,5.));
#9590=CARTESIAN_POINT('Ctrl Pts',(18.1262998257159,38.1581946252137,5.));
#9591=CARTESIAN_POINT('Ctrl Pts',(18.0228520184755,38.243520334363,5.));
#9592=CARTESIAN_POINT('',(18.7605733424425,37.9508871585131,3.));
#9593=CARTESIAN_POINT('',(18.7605733424425,37.9508871585131,5.));
#9594=CARTESIAN_POINT('',(18.0228520184755,38.243520334363,3.));
#9595=CARTESIAN_POINT('Ctrl Pts',(18.7605733424425,37.9508871585131,3.));
#9596=CARTESIAN_POINT('Ctrl Pts',(18.6174187833088,37.9613883086821,3.));
#9597=CARTESIAN_POINT('Ctrl Pts',(18.3402557963754,37.9817196915224,3.));
#9598=CARTESIAN_POINT('Ctrl Pts',(18.1262998257159,38.1581946252137,3.));
#9599=CARTESIAN_POINT('Ctrl Pts',(18.0228520184755,38.243520334363,3.));
#9600=CARTESIAN_POINT('',(18.0228520184755,38.243520334363,5.));
#9601=CARTESIAN_POINT('Ctrl Pts',(19.2854715138674,38.08390237391,5.));
#9602=CARTESIAN_POINT('Ctrl Pts',(19.2854715138674,38.08390237391,3.));
#9603=CARTESIAN_POINT('Ctrl Pts',(19.2030660195903,38.0451071338087,5.));
#9604=CARTESIAN_POINT('Ctrl Pts',(19.2030660195903,38.0451071338087,3.));
#9605=CARTESIAN_POINT('Ctrl Pts',(19.0367484245775,37.9668073664426,5.));
#9606=CARTESIAN_POINT('Ctrl Pts',(19.0367484245775,37.9668073664426,3.));
#9607=CARTESIAN_POINT('Ctrl Pts',(18.8531859767803,37.9562258457841,5.));
#9608=CARTESIAN_POINT('Ctrl Pts',(18.8531859767803,37.9562258457841,3.));
#9609=CARTESIAN_POINT('Ctrl Pts',(18.7605733424425,37.9508871585131,5.));
#9610=CARTESIAN_POINT('Ctrl Pts',(18.7605733424425,37.9508871585131,3.));
#9611=CARTESIAN_POINT('',(19.2854715138674,38.08390237391,5.));
#9612=CARTESIAN_POINT('Ctrl Pts',(19.2854715138674,38.08390237391,5.));
#9613=CARTESIAN_POINT('Ctrl Pts',(19.2030660195903,38.0451071338087,5.));
#9614=CARTESIAN_POINT('Ctrl Pts',(19.0367484245775,37.9668073664426,5.));
#9615=CARTESIAN_POINT('Ctrl Pts',(18.8531859767803,37.9562258457841,5.));
#9616=CARTESIAN_POINT('Ctrl Pts',(18.7605733424425,37.9508871585131,5.));
#9617=CARTESIAN_POINT('',(19.2854715138674,38.08390237391,3.));
#9618=CARTESIAN_POINT('',(19.2854715138674,38.08390237391,5.));
#9619=CARTESIAN_POINT('Ctrl Pts',(19.2854715138674,38.08390237391,3.));
#9620=CARTESIAN_POINT('Ctrl Pts',(19.2030660195903,38.0451071338087,3.));
#9621=CARTESIAN_POINT('Ctrl Pts',(19.0367484245775,37.9668073664426,3.));
#9622=CARTESIAN_POINT('Ctrl Pts',(18.8531859767803,37.9562258457841,3.));
#9623=CARTESIAN_POINT('Ctrl Pts',(18.7605733424425,37.9508871585131,3.));
#9624=CARTESIAN_POINT('Ctrl Pts',(19.6517742425203,38.4573674947023,5.));
#9625=CARTESIAN_POINT('Ctrl Pts',(19.6517742425203,38.4573674947023,3.));
#9626=CARTESIAN_POINT('Ctrl Pts',(19.6049165662448,38.3816209914012,5.));
#9627=CARTESIAN_POINT('Ctrl Pts',(19.6049165662448,38.3816209914012,3.));
#9628=CARTESIAN_POINT('Ctrl Pts',(19.5108896803661,38.2296243840634,5.));
#9629=CARTESIAN_POINT('Ctrl Pts',(19.5108896803661,38.2296243840634,3.));
#9630=CARTESIAN_POINT('Ctrl Pts',(19.3607766893233,38.1325835503778,5.));
#9631=CARTESIAN_POINT('Ctrl Pts',(19.3607766893233,38.1325835503778,3.));
#9632=CARTESIAN_POINT('Ctrl Pts',(19.2854715138674,38.08390237391,5.));
#9633=CARTESIAN_POINT('Ctrl Pts',(19.2854715138674,38.08390237391,3.));
#9634=CARTESIAN_POINT('',(19.6517742425203,38.4573674947023,5.));
#9635=CARTESIAN_POINT('Ctrl Pts',(19.6517742425203,38.4573674947023,5.));
#9636=CARTESIAN_POINT('Ctrl Pts',(19.6049165662448,38.3816209914012,5.));
#9637=CARTESIAN_POINT('Ctrl Pts',(19.5108896803661,38.2296243840634,5.));
#9638=CARTESIAN_POINT('Ctrl Pts',(19.3607766893233,38.1325835503778,5.));
#9639=CARTESIAN_POINT('Ctrl Pts',(19.2854715138674,38.08390237391,5.));
#9640=CARTESIAN_POINT('',(19.6517742425203,38.4573674947023,3.));
#9641=CARTESIAN_POINT('',(19.6517742425203,38.4573674947023,5.));
#9642=CARTESIAN_POINT('Ctrl Pts',(19.6517742425203,38.4573674947023,3.));
#9643=CARTESIAN_POINT('Ctrl Pts',(19.6049165662448,38.3816209914012,3.));
#9644=CARTESIAN_POINT('Ctrl Pts',(19.5108896803661,38.2296243840634,3.));
#9645=CARTESIAN_POINT('Ctrl Pts',(19.3607766893233,38.1325835503778,3.));
#9646=CARTESIAN_POINT('Ctrl Pts',(19.2854715138674,38.08390237391,3.));
#9647=CARTESIAN_POINT('Ctrl Pts',(19.7776270657778,39.1173265129328,5.));
#9648=CARTESIAN_POINT('Ctrl Pts',(19.7776270657778,39.1173265129328,3.));
#9649=CARTESIAN_POINT('Ctrl Pts',(19.7751713215246,38.9907695700828,5.));
#9650=CARTESIAN_POINT('Ctrl Pts',(19.7751713215246,38.9907695700828,3.));
#9651=CARTESIAN_POINT('Ctrl Pts',(19.7707537392571,38.7631091751391,5.));
#9652=CARTESIAN_POINT('Ctrl Pts',(19.7707537392571,38.7631091751391,3.));
#9653=CARTESIAN_POINT('Ctrl Pts',(19.6883635389313,38.5513910305006,5.));
#9654=CARTESIAN_POINT('Ctrl Pts',(19.6883635389313,38.5513910305006,3.));
#9655=CARTESIAN_POINT('Ctrl Pts',(19.6517742425203,38.4573674947023,5.));
#9656=CARTESIAN_POINT('Ctrl Pts',(19.6517742425203,38.4573674947023,3.));
#9657=CARTESIAN_POINT('',(19.7776270657778,39.1173265129328,5.));
#9658=CARTESIAN_POINT('Ctrl Pts',(19.7776270657778,39.1173265129328,5.));
#9659=CARTESIAN_POINT('Ctrl Pts',(19.7751713215246,38.9907695700828,5.));
#9660=CARTESIAN_POINT('Ctrl Pts',(19.7707537392571,38.7631091751391,5.));
#9661=CARTESIAN_POINT('Ctrl Pts',(19.6883635389313,38.5513910305006,5.));
#9662=CARTESIAN_POINT('Ctrl Pts',(19.6517742425203,38.4573674947023,5.));
#9663=CARTESIAN_POINT('',(19.7776270657778,39.1173265129328,3.));
#9664=CARTESIAN_POINT('',(19.7776270657778,39.1173265129328,5.));
#9665=CARTESIAN_POINT('Ctrl Pts',(19.7776270657778,39.1173265129328,3.));
#9666=CARTESIAN_POINT('Ctrl Pts',(19.7751713215246,38.9907695700828,3.));
#9667=CARTESIAN_POINT('Ctrl Pts',(19.7707537392571,38.7631091751391,3.));
#9668=CARTESIAN_POINT('Ctrl Pts',(19.6883635389313,38.5513910305006,3.));
#9669=CARTESIAN_POINT('Ctrl Pts',(19.6517742425203,38.4573674947023,3.));
#9670=CARTESIAN_POINT('Ctrl Pts',(19.4931793957949,39.9287181347609,5.));
#9671=CARTESIAN_POINT('Ctrl Pts',(19.4931793957949,39.9287181347609,3.));
#9672=CARTESIAN_POINT('Ctrl Pts',(19.5760474845302,39.8164550191663,5.));
#9673=CARTESIAN_POINT('Ctrl Pts',(19.5760474845302,39.8164550191663,3.));
#9674=CARTESIAN_POINT('Ctrl Pts',(19.7534251525496,39.5761578196936,5.));
#9675=CARTESIAN_POINT('Ctrl Pts',(19.7534251525496,39.5761578196936,3.));
#9676=CARTESIAN_POINT('Ctrl Pts',(19.769214340798,39.2768189282425,5.));
#9677=CARTESIAN_POINT('Ctrl Pts',(19.769214340798,39.2768189282425,3.));
#9678=CARTESIAN_POINT('Ctrl Pts',(19.7776270657778,39.1173265129328,5.));
#9679=CARTESIAN_POINT('Ctrl Pts',(19.7776270657778,39.1173265129328,3.));
#9680=CARTESIAN_POINT('',(19.4931793957949,39.9287181347609,5.));
#9681=CARTESIAN_POINT('Ctrl Pts',(19.4931793957949,39.9287181347609,5.));
#9682=CARTESIAN_POINT('Ctrl Pts',(19.5760474845302,39.8164550191663,5.));
#9683=CARTESIAN_POINT('Ctrl Pts',(19.7534251525496,39.5761578196936,5.));
#9684=CARTESIAN_POINT('Ctrl Pts',(19.769214340798,39.2768189282425,5.));
#9685=CARTESIAN_POINT('Ctrl Pts',(19.7776270657778,39.1173265129328,5.));
#9686=CARTESIAN_POINT('',(19.4931793957949,39.9287181347609,3.));
#9687=CARTESIAN_POINT('',(19.4931793957949,39.9287181347609,5.));
#9688=CARTESIAN_POINT('Ctrl Pts',(19.4931793957949,39.9287181347609,3.));
#9689=CARTESIAN_POINT('Ctrl Pts',(19.5760474845302,39.8164550191663,3.));
#9690=CARTESIAN_POINT('Ctrl Pts',(19.7534251525496,39.5761578196936,3.));
#9691=CARTESIAN_POINT('Ctrl Pts',(19.769214340798,39.2768189282425,3.));
#9692=CARTESIAN_POINT('Ctrl Pts',(19.7776270657778,39.1173265129328,3.));
#9693=CARTESIAN_POINT('Ctrl Pts',(18.7605733424425,40.2223744243383,5.));
#9694=CARTESIAN_POINT('Ctrl Pts',(18.7605733424425,40.2223744243383,3.));
#9695=CARTESIAN_POINT('Ctrl Pts',(18.9018360384345,40.2114566309642,5.));
#9696=CARTESIAN_POINT('Ctrl Pts',(18.9018360384345,40.2114566309642,3.));
#9697=CARTESIAN_POINT('Ctrl Pts',(19.1772304091145,40.1901721806401,5.));
#9698=CARTESIAN_POINT('Ctrl Pts',(19.1772304091145,40.1901721806401,3.));
#9699=CARTESIAN_POINT('Ctrl Pts',(19.3896969258061,40.0143519288123,5.));
#9700=CARTESIAN_POINT('Ctrl Pts',(19.3896969258061,40.0143519288123,3.));
#9701=CARTESIAN_POINT('Ctrl Pts',(19.4931793957949,39.9287181347609,5.));
#9702=CARTESIAN_POINT('Ctrl Pts',(19.4931793957949,39.9287181347609,3.));
#9703=CARTESIAN_POINT('',(18.7605733424425,40.2223744243383,5.));
#9704=CARTESIAN_POINT('Ctrl Pts',(18.7605733424425,40.2223744243383,5.));
#9705=CARTESIAN_POINT('Ctrl Pts',(18.9018360384345,40.2114566309642,5.));
#9706=CARTESIAN_POINT('Ctrl Pts',(19.1772304091145,40.1901721806401,5.));
#9707=CARTESIAN_POINT('Ctrl Pts',(19.3896969258061,40.0143519288123,5.));
#9708=CARTESIAN_POINT('Ctrl Pts',(19.4931793957949,39.9287181347609,5.));
#9709=CARTESIAN_POINT('',(18.7605733424425,40.2223744243383,3.));
#9710=CARTESIAN_POINT('',(18.7605733424425,40.2223744243383,5.));
#9711=CARTESIAN_POINT('Ctrl Pts',(18.7605733424425,40.2223744243383,3.));
#9712=CARTESIAN_POINT('Ctrl Pts',(18.9018360384345,40.2114566309642,3.));
#9713=CARTESIAN_POINT('Ctrl Pts',(19.1772304091145,40.1901721806401,3.));
#9714=CARTESIAN_POINT('Ctrl Pts',(19.3896969258061,40.0143519288123,3.));
#9715=CARTESIAN_POINT('Ctrl Pts',(19.4931793957949,39.9287181347609,3.));
#9716=CARTESIAN_POINT('Ctrl Pts',(18.0770809203386,39.9809009581804,5.));
#9717=CARTESIAN_POINT('Ctrl Pts',(18.0770809203386,39.9809009581804,3.));
#9718=CARTESIAN_POINT('Ctrl Pts',(18.177164170324,40.0513198237448,5.));
#9719=CARTESIAN_POINT('Ctrl Pts',(18.177164170324,40.0513198237448,3.));
#9720=CARTESIAN_POINT('Ctrl Pts',(18.3821606582766,40.1955559484552,5.));
#9721=CARTESIAN_POINT('Ctrl Pts',(18.3821606582766,40.1955559484552,3.));
#9722=CARTESIAN_POINT('Ctrl Pts',(18.6324699088833,40.2132956090998,5.));
#9723=CARTESIAN_POINT('Ctrl Pts',(18.6324699088833,40.2132956090998,3.));
#9724=CARTESIAN_POINT('Ctrl Pts',(18.7605733424425,40.2223744243383,5.));
#9725=CARTESIAN_POINT('Ctrl Pts',(18.7605733424425,40.2223744243383,3.));
#9726=CARTESIAN_POINT('',(18.0770809203386,39.9809009581804,5.));
#9727=CARTESIAN_POINT('Ctrl Pts',(18.0770809203386,39.9809009581804,5.));
#9728=CARTESIAN_POINT('Ctrl Pts',(18.177164170324,40.0513198237448,5.));
#9729=CARTESIAN_POINT('Ctrl Pts',(18.3821606582766,40.1955559484552,5.));
#9730=CARTESIAN_POINT('Ctrl Pts',(18.6324699088833,40.2132956090998,5.));
#9731=CARTESIAN_POINT('Ctrl Pts',(18.7605733424425,40.2223744243383,5.));
#9732=CARTESIAN_POINT('',(18.0770809203386,39.9809009581804,3.));
#9733=CARTESIAN_POINT('',(18.0770809203386,39.9809009581804,5.));
#9734=CARTESIAN_POINT('Ctrl Pts',(18.0770809203386,39.9809009581804,3.));
#9735=CARTESIAN_POINT('Ctrl Pts',(18.177164170324,40.0513198237448,3.));
#9736=CARTESIAN_POINT('Ctrl Pts',(18.3821606582766,40.1955559484552,3.));
#9737=CARTESIAN_POINT('Ctrl Pts',(18.6324699088833,40.2132956090998,3.));
#9738=CARTESIAN_POINT('Ctrl Pts',(18.7605733424425,40.2223744243383,3.));
#9739=CARTESIAN_POINT('Ctrl Pts',(17.7414739876986,39.0866307169199,5.));
#9740=CARTESIAN_POINT('Ctrl Pts',(17.7414739876986,39.0866307169199,3.));
#9741=CARTESIAN_POINT('Ctrl Pts',(17.7498681794299,39.2695525688127,5.));
#9742=CARTESIAN_POINT('Ctrl Pts',(17.7498681794299,39.2695525688127,3.));
#9743=CARTESIAN_POINT('Ctrl Pts',(17.7653075377657,39.6059990200258,5.));
#9744=CARTESIAN_POINT('Ctrl Pts',(17.7653075377657,39.6059990200258,3.));
#9745=CARTESIAN_POINT('Ctrl Pts',(17.9793917128107,39.8634314265072,5.));
#9746=CARTESIAN_POINT('Ctrl Pts',(17.9793917128107,39.8634314265072,3.));
#9747=CARTESIAN_POINT('Ctrl Pts',(18.0770809203386,39.9809009581804,5.));
#9748=CARTESIAN_POINT('Ctrl Pts',(18.0770809203386,39.9809009581804,3.));
#9749=CARTESIAN_POINT('',(17.7414739876986,39.0866307169199,5.));
#9750=CARTESIAN_POINT('Ctrl Pts',(17.7414739876986,39.0866307169199,5.));
#9751=CARTESIAN_POINT('Ctrl Pts',(17.7498681794299,39.2695525688127,5.));
#9752=CARTESIAN_POINT('Ctrl Pts',(17.7653075377657,39.6059990200258,5.));
#9753=CARTESIAN_POINT('Ctrl Pts',(17.9793917128107,39.8634314265072,5.));
#9754=CARTESIAN_POINT('Ctrl Pts',(18.0770809203386,39.9809009581804,5.));
#9755=CARTESIAN_POINT('',(17.7414739876986,39.0866307169199,3.));
#9756=CARTESIAN_POINT('',(17.7414739876986,39.0866307169199,5.));
#9757=CARTESIAN_POINT('Ctrl Pts',(17.7414739876986,39.0866307169199,3.));
#9758=CARTESIAN_POINT('Ctrl Pts',(17.7498681794299,39.2695525688127,3.));
#9759=CARTESIAN_POINT('Ctrl Pts',(17.7653075377657,39.6059990200258,3.));
#9760=CARTESIAN_POINT('Ctrl Pts',(17.9793917128107,39.8634314265072,3.));
#9761=CARTESIAN_POINT('Ctrl Pts',(18.0770809203386,39.9809009581804,3.));
#9762=CARTESIAN_POINT('Ctrl Pts',(18.0228520184755,38.243520334363,5.));
#9763=CARTESIAN_POINT('Ctrl Pts',(18.0228520184755,38.243520334363,3.));
#9764=CARTESIAN_POINT('Ctrl Pts',(17.9409366728354,38.358475002546,5.));
#9765=CARTESIAN_POINT('Ctrl Pts',(17.9409366728354,38.358475002546,3.));
#9766=CARTESIAN_POINT('Ctrl Pts',(17.7620398450033,38.6095271750263,5.));
#9767=CARTESIAN_POINT('Ctrl Pts',(17.7620398450033,38.6095271750263,3.));
#9768=CARTESIAN_POINT('Ctrl Pts',(17.7487036511099,38.9189110848552,5.));
#9769=CARTESIAN_POINT('Ctrl Pts',(17.7487036511099,38.9189110848552,3.));
#9770=CARTESIAN_POINT('Ctrl Pts',(17.7414739876986,39.0866307169199,5.));
#9771=CARTESIAN_POINT('Ctrl Pts',(17.7414739876986,39.0866307169199,3.));
#9772=CARTESIAN_POINT('Ctrl Pts',(18.0228520184755,38.243520334363,5.));
#9773=CARTESIAN_POINT('Ctrl Pts',(17.9409366728354,38.358475002546,5.));
#9774=CARTESIAN_POINT('Ctrl Pts',(17.7620398450033,38.6095271750263,5.));
#9775=CARTESIAN_POINT('Ctrl Pts',(17.7487036511099,38.9189110848552,5.));
#9776=CARTESIAN_POINT('Ctrl Pts',(17.7414739876986,39.0866307169199,5.));
#9777=CARTESIAN_POINT('Ctrl Pts',(18.0228520184755,38.243520334363,3.));
#9778=CARTESIAN_POINT('Ctrl Pts',(17.9409366728354,38.358475002546,3.));
#9779=CARTESIAN_POINT('Ctrl Pts',(17.7620398450033,38.6095271750263,3.));
#9780=CARTESIAN_POINT('Ctrl Pts',(17.7487036511099,38.9189110848552,3.));
#9781=CARTESIAN_POINT('Ctrl Pts',(17.7414739876986,39.0866307169199,3.));
#9782=CARTESIAN_POINT('Origin',(28.6763299629092,39.0835612267256,3.));
#9783=CARTESIAN_POINT('Ctrl Pts',(25.0327432900667,38.5873130708933,5.));
#9784=CARTESIAN_POINT('Ctrl Pts',(25.0327432900667,38.5873130708933,3.));
#9785=CARTESIAN_POINT('Ctrl Pts',(25.0499636471692,38.6383925014676,5.));
#9786=CARTESIAN_POINT('Ctrl Pts',(25.0499636471692,38.6383925014676,3.));
#9787=CARTESIAN_POINT('Ctrl Pts',(25.090142452204,38.757571823367,5.));
#9788=CARTESIAN_POINT('Ctrl Pts',(25.090142452204,38.757571823367,3.));
#9789=CARTESIAN_POINT('Ctrl Pts',(25.0913805824048,38.8836311508053,5.));
#9790=CARTESIAN_POINT('Ctrl Pts',(25.0913805824048,38.8836311508053,3.));
#9791=CARTESIAN_POINT('Ctrl Pts',(25.0920880585909,38.9556623250246,5.));
#9792=CARTESIAN_POINT('Ctrl Pts',(25.0920880585909,38.9556623250246,3.));
#9793=CARTESIAN_POINT('',(25.0327432900667,38.5873130708933,5.));
#9794=CARTESIAN_POINT('',(25.0920880585909,38.9556623250246,5.));
#9795=CARTESIAN_POINT('Ctrl Pts',(25.0327432900667,38.5873130708933,5.));
#9796=CARTESIAN_POINT('Ctrl Pts',(25.0499636471692,38.6383925014676,5.));
#9797=CARTESIAN_POINT('Ctrl Pts',(25.090142452204,38.757571823367,5.));
#9798=CARTESIAN_POINT('Ctrl Pts',(25.0913805824048,38.8836311508053,5.));
#9799=CARTESIAN_POINT('Ctrl Pts',(25.0920880585909,38.9556623250246,5.));
#9800=CARTESIAN_POINT('',(25.0327432900667,38.5873130708933,3.));
#9801=CARTESIAN_POINT('',(25.0327432900667,38.5873130708933,5.));
#9802=CARTESIAN_POINT('',(25.0920880585909,38.9556623250246,3.));
#9803=CARTESIAN_POINT('Ctrl Pts',(25.0327432900667,38.5873130708933,3.));
#9804=CARTESIAN_POINT('Ctrl Pts',(25.0499636471692,38.6383925014676,3.));
#9805=CARTESIAN_POINT('Ctrl Pts',(25.090142452204,38.757571823367,3.));
#9806=CARTESIAN_POINT('Ctrl Pts',(25.0913805824048,38.8836311508053,3.));
#9807=CARTESIAN_POINT('Ctrl Pts',(25.0920880585909,38.9556623250246,3.));
#9808=CARTESIAN_POINT('',(25.0920880585909,38.9556623250246,5.));
#9809=CARTESIAN_POINT('Ctrl Pts',(24.7892237454653,38.3325380831957,5.));
#9810=CARTESIAN_POINT('Ctrl Pts',(24.7892237454653,38.3325380831957,3.));
#9811=CARTESIAN_POINT('Ctrl Pts',(24.8405995902922,38.3660001065094,5.));
#9812=CARTESIAN_POINT('Ctrl Pts',(24.8405995902922,38.3660001065094,3.));
#9813=CARTESIAN_POINT('Ctrl Pts',(24.9417766424046,38.431898563031,5.));
#9814=CARTESIAN_POINT('Ctrl Pts',(24.9417766424046,38.431898563031,3.));
#9815=CARTESIAN_POINT('Ctrl Pts',(25.0027373216952,38.5360485368333,5.));
#9816=CARTESIAN_POINT('Ctrl Pts',(25.0027373216952,38.5360485368333,3.));
#9817=CARTESIAN_POINT('Ctrl Pts',(25.0327432900667,38.5873130708933,5.));
#9818=CARTESIAN_POINT('Ctrl Pts',(25.0327432900667,38.5873130708933,3.));
#9819=CARTESIAN_POINT('',(24.7892237454653,38.3325380831957,5.));
#9820=CARTESIAN_POINT('Ctrl Pts',(24.7892237454653,38.3325380831957,5.));
#9821=CARTESIAN_POINT('Ctrl Pts',(24.8405995902922,38.3660001065094,5.));
#9822=CARTESIAN_POINT('Ctrl Pts',(24.9417766424046,38.431898563031,5.));
#9823=CARTESIAN_POINT('Ctrl Pts',(25.0027373216952,38.5360485368333,5.));
#9824=CARTESIAN_POINT('Ctrl Pts',(25.0327432900667,38.5873130708933,5.));
#9825=CARTESIAN_POINT('',(24.7892237454653,38.3325380831957,3.));
#9826=CARTESIAN_POINT('',(24.7892237454653,38.3325380831957,5.));
#9827=CARTESIAN_POINT('Ctrl Pts',(24.7892237454653,38.3325380831957,3.));
#9828=CARTESIAN_POINT('Ctrl Pts',(24.8405995902922,38.3660001065094,3.));
#9829=CARTESIAN_POINT('Ctrl Pts',(24.9417766424046,38.431898563031,3.));
#9830=CARTESIAN_POINT('Ctrl Pts',(25.0027373216952,38.5360485368333,3.));
#9831=CARTESIAN_POINT('Ctrl Pts',(25.0327432900667,38.5873130708933,3.));
#9832=CARTESIAN_POINT('Ctrl Pts',(24.4106424599886,38.2394275814295,5.));
#9833=CARTESIAN_POINT('Ctrl Pts',(24.4106424599886,38.2394275814295,3.));
#9834=CARTESIAN_POINT('Ctrl Pts',(24.4787516786987,38.2428269842678,5.));
#9835=CARTESIAN_POINT('Ctrl Pts',(24.4787516786987,38.2428269842678,3.));
#9836=CARTESIAN_POINT('Ctrl Pts',(24.6110548984408,38.2494303773066,5.));
#9837=CARTESIAN_POINT('Ctrl Pts',(24.6110548984408,38.2494303773066,3.));
#9838=CARTESIAN_POINT('Ctrl Pts',(24.7310174710727,38.3053874897339,5.));
#9839=CARTESIAN_POINT('Ctrl Pts',(24.7310174710727,38.3053874897339,3.));
#9840=CARTESIAN_POINT('Ctrl Pts',(24.7892237454653,38.3325380831957,5.));
#9841=CARTESIAN_POINT('Ctrl Pts',(24.7892237454653,38.3325380831957,3.));
#9842=CARTESIAN_POINT('',(24.4106424599886,38.2394275814295,5.));
#9843=CARTESIAN_POINT('Ctrl Pts',(24.4106424599886,38.2394275814295,5.));
#9844=CARTESIAN_POINT('Ctrl Pts',(24.4787516786987,38.2428269842678,5.));
#9845=CARTESIAN_POINT('Ctrl Pts',(24.6110548984408,38.2494303773066,5.));
#9846=CARTESIAN_POINT('Ctrl Pts',(24.7310174710727,38.3053874897339,5.));
#9847=CARTESIAN_POINT('Ctrl Pts',(24.7892237454653,38.3325380831957,5.));
#9848=CARTESIAN_POINT('',(24.4106424599886,38.2394275814295,3.));
#9849=CARTESIAN_POINT('',(24.4106424599886,38.2394275814295,5.));
#9850=CARTESIAN_POINT('Ctrl Pts',(24.4106424599886,38.2394275814295,3.));
#9851=CARTESIAN_POINT('Ctrl Pts',(24.4787516786987,38.2428269842678,3.));
#9852=CARTESIAN_POINT('Ctrl Pts',(24.6110548984408,38.2494303773066,3.));
#9853=CARTESIAN_POINT('Ctrl Pts',(24.7310174710727,38.3053874897339,3.));
#9854=CARTESIAN_POINT('Ctrl Pts',(24.7892237454653,38.3325380831957,3.));
#9855=CARTESIAN_POINT('Ctrl Pts',(24.0842438489199,38.3376539498568,5.));
#9856=CARTESIAN_POINT('Ctrl Pts',(24.0842438489199,38.3376539498568,3.));
#9857=CARTESIAN_POINT('Ctrl Pts',(24.1287414580296,38.3090793897952,5.));
#9858=CARTESIAN_POINT('Ctrl Pts',(24.1287414580296,38.3090793897952,3.));
#9859=CARTESIAN_POINT('Ctrl Pts',(24.2276573674701,38.245559604083,5.));
#9860=CARTESIAN_POINT('Ctrl Pts',(24.2276573674701,38.245559604083,3.));
#9861=CARTESIAN_POINT('Ctrl Pts',(24.3457010634432,38.2416038358406,5.));
#9862=CARTESIAN_POINT('Ctrl Pts',(24.3457010634432,38.2416038358406,3.));
#9863=CARTESIAN_POINT('Ctrl Pts',(24.4106424599886,38.2394275814295,5.));
#9864=CARTESIAN_POINT('Ctrl Pts',(24.4106424599886,38.2394275814295,3.));
#9865=CARTESIAN_POINT('',(24.0842438489199,38.3376539498568,5.));
#9866=CARTESIAN_POINT('Ctrl Pts',(24.0842438489199,38.3376539498568,5.));
#9867=CARTESIAN_POINT('Ctrl Pts',(24.1287414580296,38.3090793897952,5.));
#9868=CARTESIAN_POINT('Ctrl Pts',(24.2276573674701,38.245559604083,5.));
#9869=CARTESIAN_POINT('Ctrl Pts',(24.3457010634432,38.2416038358406,5.));
#9870=CARTESIAN_POINT('Ctrl Pts',(24.4106424599886,38.2394275814295,5.));
#9871=CARTESIAN_POINT('',(24.0842438489199,38.3376539498568,3.));
#9872=CARTESIAN_POINT('',(24.0842438489199,38.3376539498568,5.));
#9873=CARTESIAN_POINT('Ctrl Pts',(24.0842438489199,38.3376539498568,3.));
#9874=CARTESIAN_POINT('Ctrl Pts',(24.1287414580296,38.3090793897952,3.));
#9875=CARTESIAN_POINT('Ctrl Pts',(24.2276573674701,38.245559604083,3.));
#9876=CARTESIAN_POINT('Ctrl Pts',(24.3457010634432,38.2416038358406,3.));
#9877=CARTESIAN_POINT('Ctrl Pts',(24.4106424599886,38.2394275814295,3.));
#9878=CARTESIAN_POINT('Ctrl Pts',(23.9727152138948,38.5832200199366,5.));
#9879=CARTESIAN_POINT('Ctrl Pts',(23.9727152138948,38.5832200199366,3.));
#9880=CARTESIAN_POINT('Ctrl Pts',(23.9774078884666,38.536112878062,5.));
#9881=CARTESIAN_POINT('Ctrl Pts',(23.9774078884666,38.536112878062,3.));
#9882=CARTESIAN_POINT('Ctrl Pts',(23.9868165043994,38.4416650319958,5.));
#9883=CARTESIAN_POINT('Ctrl Pts',(23.9868165043994,38.4416650319958,3.));
#9884=CARTESIAN_POINT('Ctrl Pts',(24.0517145714237,38.3723814215972,5.));
#9885=CARTESIAN_POINT('Ctrl Pts',(24.0517145714237,38.3723814215972,3.));
#9886=CARTESIAN_POINT('Ctrl Pts',(24.0842438489199,38.3376539498568,5.));
#9887=CARTESIAN_POINT('Ctrl Pts',(24.0842438489199,38.3376539498568,3.));
#9888=CARTESIAN_POINT('',(23.9727152138948,38.5832200199366,5.));
#9889=CARTESIAN_POINT('Ctrl Pts',(23.9727152138948,38.5832200199366,5.));
#9890=CARTESIAN_POINT('Ctrl Pts',(23.9774078884666,38.536112878062,5.));
#9891=CARTESIAN_POINT('Ctrl Pts',(23.9868165043994,38.4416650319958,5.));
#9892=CARTESIAN_POINT('Ctrl Pts',(24.0517145714237,38.3723814215972,5.));
#9893=CARTESIAN_POINT('Ctrl Pts',(24.0842438489199,38.3376539498568,5.));
#9894=CARTESIAN_POINT('',(23.9727152138948,38.5832200199366,3.));
#9895=CARTESIAN_POINT('',(23.9727152138948,38.5832200199366,5.));
#9896=CARTESIAN_POINT('Ctrl Pts',(23.9727152138948,38.5832200199366,3.));
#9897=CARTESIAN_POINT('Ctrl Pts',(23.9774078884666,38.536112878062,3.));
#9898=CARTESIAN_POINT('Ctrl Pts',(23.9868165043994,38.4416650319958,3.));
#9899=CARTESIAN_POINT('Ctrl Pts',(24.0517145714237,38.3723814215972,3.));
#9900=CARTESIAN_POINT('Ctrl Pts',(24.0842438489199,38.3376539498568,3.));
#9901=CARTESIAN_POINT('Ctrl Pts',(24.0238750725985,38.7581861764193,5.));
#9902=CARTESIAN_POINT('Ctrl Pts',(24.0238750725985,38.7581861764193,3.));
#9903=CARTESIAN_POINT('Ctrl Pts',(24.0089536139028,38.7311000815788,5.));
#9904=CARTESIAN_POINT('Ctrl Pts',(24.0089536139028,38.7311000815788,3.));
#9905=CARTESIAN_POINT('Ctrl Pts',(23.9789222865155,38.6765858817012,5.));
#9906=CARTESIAN_POINT('Ctrl Pts',(23.9789222865155,38.6765858817012,3.));
#9907=CARTESIAN_POINT('Ctrl Pts',(23.9747928737799,38.6144718704431,5.));
#9908=CARTESIAN_POINT('Ctrl Pts',(23.9747928737799,38.6144718704431,3.));
#9909=CARTESIAN_POINT('Ctrl Pts',(23.9727152138948,38.5832200199366,5.));
#9910=CARTESIAN_POINT('Ctrl Pts',(23.9727152138948,38.5832200199366,3.));
#9911=CARTESIAN_POINT('',(24.0238750725985,38.7581861764193,5.));
#9912=CARTESIAN_POINT('Ctrl Pts',(24.0238750725985,38.7581861764193,5.));
#9913=CARTESIAN_POINT('Ctrl Pts',(24.0089536139028,38.7311000815788,5.));
#9914=CARTESIAN_POINT('Ctrl Pts',(23.9789222865155,38.6765858817012,5.));
#9915=CARTESIAN_POINT('Ctrl Pts',(23.9747928737799,38.6144718704431,5.));
#9916=CARTESIAN_POINT('Ctrl Pts',(23.9727152138948,38.5832200199366,5.));
#9917=CARTESIAN_POINT('',(24.0238750725985,38.7581861764193,3.));
#9918=CARTESIAN_POINT('',(24.0238750725985,38.7581861764193,5.));
#9919=CARTESIAN_POINT('Ctrl Pts',(24.0238750725985,38.7581861764193,3.));
#9920=CARTESIAN_POINT('Ctrl Pts',(24.0089536139028,38.7311000815788,3.));
#9921=CARTESIAN_POINT('Ctrl Pts',(23.9789222865155,38.6765858817012,3.));
#9922=CARTESIAN_POINT('Ctrl Pts',(23.9747928737799,38.6144718704431,3.));
#9923=CARTESIAN_POINT('Ctrl Pts',(23.9727152138948,38.5832200199366,3.));
#9924=CARTESIAN_POINT('Ctrl Pts',(24.1691685467958,38.8778994232416,5.));
#9925=CARTESIAN_POINT('Ctrl Pts',(24.1691685467958,38.8778994232416,3.));
#9926=CARTESIAN_POINT('Ctrl Pts',(24.1397947631835,38.8630027660033,5.));
#9927=CARTESIAN_POINT('Ctrl Pts',(24.1397947631835,38.8630027660033,3.));
#9928=CARTESIAN_POINT('Ctrl Pts',(24.0824020354713,38.833896546526,5.));
#9929=CARTESIAN_POINT('Ctrl Pts',(24.0824020354713,38.833896546526,3.));
#9930=CARTESIAN_POINT('Ctrl Pts',(24.0430745996218,38.7830226487982,5.));
#9931=CARTESIAN_POINT('Ctrl Pts',(24.0430745996218,38.7830226487982,3.));
#9932=CARTESIAN_POINT('Ctrl Pts',(24.0238750725985,38.7581861764193,5.));
#9933=CARTESIAN_POINT('Ctrl Pts',(24.0238750725985,38.7581861764193,3.));
#9934=CARTESIAN_POINT('',(24.1691685467958,38.8778994232416,5.));
#9935=CARTESIAN_POINT('Ctrl Pts',(24.1691685467958,38.8778994232416,5.));
#9936=CARTESIAN_POINT('Ctrl Pts',(24.1397947631835,38.8630027660033,5.));
#9937=CARTESIAN_POINT('Ctrl Pts',(24.0824020354713,38.833896546526,5.));
#9938=CARTESIAN_POINT('Ctrl Pts',(24.0430745996218,38.7830226487982,5.));
#9939=CARTESIAN_POINT('Ctrl Pts',(24.0238750725985,38.7581861764193,5.));
#9940=CARTESIAN_POINT('',(24.1691685467958,38.8778994232416,3.));
#9941=CARTESIAN_POINT('',(24.1691685467958,38.8778994232416,5.));
#9942=CARTESIAN_POINT('Ctrl Pts',(24.1691685467958,38.8778994232416,3.));
#9943=CARTESIAN_POINT('Ctrl Pts',(24.1397947631835,38.8630027660033,3.));
#9944=CARTESIAN_POINT('Ctrl Pts',(24.0824020354713,38.833896546526,3.));
#9945=CARTESIAN_POINT('Ctrl Pts',(24.0430745996218,38.7830226487982,3.));
#9946=CARTESIAN_POINT('Ctrl Pts',(24.0238750725985,38.7581861764193,3.));
#9947=CARTESIAN_POINT('Ctrl Pts',(24.4904506951571,38.9515692740679,5.));
#9948=CARTESIAN_POINT('Ctrl Pts',(24.4904506951571,38.9515692740679,3.));
#9949=CARTESIAN_POINT('Ctrl Pts',(24.4252736219735,38.942232128043,5.));
#9950=CARTESIAN_POINT('Ctrl Pts',(24.4252736219735,38.942232128043,3.));
#9951=CARTESIAN_POINT('Ctrl Pts',(24.3160293833842,38.9265820020361,5.));
#9952=CARTESIAN_POINT('Ctrl Pts',(24.3160293833842,38.9265820020361,3.));
#9953=CARTESIAN_POINT('Ctrl Pts',(24.2113815890675,38.891892532666,5.));
#9954=CARTESIAN_POINT('Ctrl Pts',(24.2113815890675,38.891892532666,3.));
#9955=CARTESIAN_POINT('Ctrl Pts',(24.1691685467958,38.8778994232416,5.));
#9956=CARTESIAN_POINT('Ctrl Pts',(24.1691685467958,38.8778994232416,3.));
#9957=CARTESIAN_POINT('',(24.4904506951571,38.9515692740679,5.));
#9958=CARTESIAN_POINT('Ctrl Pts',(24.4904506951571,38.9515692740679,5.));
#9959=CARTESIAN_POINT('Ctrl Pts',(24.4252736219735,38.942232128043,5.));
#9960=CARTESIAN_POINT('Ctrl Pts',(24.3160293833842,38.9265820020361,5.));
#9961=CARTESIAN_POINT('Ctrl Pts',(24.2113815890675,38.891892532666,5.));
#9962=CARTESIAN_POINT('Ctrl Pts',(24.1691685467958,38.8778994232416,5.));
#9963=CARTESIAN_POINT('',(24.4904506951571,38.9515692740679,3.));
#9964=CARTESIAN_POINT('',(24.4904506951571,38.9515692740679,5.));
#9965=CARTESIAN_POINT('Ctrl Pts',(24.4904506951571,38.9515692740679,3.));
#9966=CARTESIAN_POINT('Ctrl Pts',(24.4252736219735,38.942232128043,3.));
#9967=CARTESIAN_POINT('Ctrl Pts',(24.3160293833842,38.9265820020361,3.));
#9968=CARTESIAN_POINT('Ctrl Pts',(24.2113815890675,38.891892532666,3.));
#9969=CARTESIAN_POINT('Ctrl Pts',(24.1691685467958,38.8778994232416,3.));
#9970=CARTESIAN_POINT('Ctrl Pts',(25.0920880585909,39.0907234698534,5.));
#9971=CARTESIAN_POINT('Ctrl Pts',(25.0920880585909,39.0907234698534,3.));
#9972=CARTESIAN_POINT('Ctrl Pts',(25.0090221134916,39.0634286673081,5.));
#9973=CARTESIAN_POINT('Ctrl Pts',(25.0090221134916,39.0634286673081,3.));
#9974=CARTESIAN_POINT('Ctrl Pts',(24.8128265681127,38.9989603865346,5.));
#9975=CARTESIAN_POINT('Ctrl Pts',(24.8128265681127,38.9989603865346,3.));
#9976=CARTESIAN_POINT('Ctrl Pts',(24.6083533427728,38.9689016432122,5.));
#9977=CARTESIAN_POINT('Ctrl Pts',(24.6083533427728,38.9689016432122,3.));
#9978=CARTESIAN_POINT('Ctrl Pts',(24.4904506951571,38.9515692740679,5.));
#9979=CARTESIAN_POINT('Ctrl Pts',(24.4904506951571,38.9515692740679,3.));
#9980=CARTESIAN_POINT('',(25.0920880585909,39.0907234698534,5.));
#9981=CARTESIAN_POINT('Ctrl Pts',(25.0920880585909,39.0907234698534,5.));
#9982=CARTESIAN_POINT('Ctrl Pts',(25.0090221134916,39.0634286673081,5.));
#9983=CARTESIAN_POINT('Ctrl Pts',(24.8128265681127,38.9989603865346,5.));
#9984=CARTESIAN_POINT('Ctrl Pts',(24.6083533427728,38.9689016432122,5.));
#9985=CARTESIAN_POINT('Ctrl Pts',(24.4904506951571,38.9515692740679,5.));
#9986=CARTESIAN_POINT('',(25.0920880585909,39.0907234698534,3.));
#9987=CARTESIAN_POINT('',(25.0920880585909,39.0907234698534,5.));
#9988=CARTESIAN_POINT('Ctrl Pts',(25.0920880585909,39.0907234698534,3.));
#9989=CARTESIAN_POINT('Ctrl Pts',(25.0090221134916,39.0634286673081,3.));
#9990=CARTESIAN_POINT('Ctrl Pts',(24.8128265681127,38.9989603865346,3.));
#9991=CARTESIAN_POINT('Ctrl Pts',(24.6083533427728,38.9689016432122,3.));
#9992=CARTESIAN_POINT('Ctrl Pts',(24.4904506951571,38.9515692740679,3.));
#9993=CARTESIAN_POINT('Origin',(25.0920880585909,38.9556623250246,5.));
#9994=CARTESIAN_POINT('',(25.0920880585909,20.7371474796748,5.));
#9995=CARTESIAN_POINT('',(25.0920880585909,38.9556623250246,3.));
#9996=CARTESIAN_POINT('Origin',(25.5811739712954,38.0000004917383,5.));
#9997=CARTESIAN_POINT('',(25.5811739712954,38.0000004917383,5.));
#9998=CARTESIAN_POINT('',(25.1964534074068,38.0000004917383,5.));
#9999=CARTESIAN_POINT('',(35.4072981523088,38.0000004917383,5.));
#10000=CARTESIAN_POINT('',(25.5811739712954,38.0000004917383,3.));
#10001=CARTESIAN_POINT('',(25.5811739712954,38.0000004917383,5.));
#10002=CARTESIAN_POINT('',(25.1964534074068,38.0000004917383,3.));
#10003=CARTESIAN_POINT('',(25.5811739712954,38.0000004917383,3.));
#10004=CARTESIAN_POINT('',(25.1964534074068,38.0000004917383,5.));
#10005=CARTESIAN_POINT('Ctrl Pts',(25.4880631715059,38.2609144598246,5.));
#10006=CARTESIAN_POINT('Ctrl Pts',(25.4880631715059,38.2609144598246,3.));
#10007=CARTESIAN_POINT('Ctrl Pts',(25.4979263151941,38.2158433603892,5.));
#10008=CARTESIAN_POINT('Ctrl Pts',(25.4979263151941,38.2158433603892,3.));
#10009=CARTESIAN_POINT('Ctrl Pts',(25.5178263884146,38.124907021302,5.));
#10010=CARTESIAN_POINT('Ctrl Pts',(25.5178263884146,38.124907021302,3.));
#10011=CARTESIAN_POINT('Ctrl Pts',(25.5599355316737,38.0418776978738,5.));
#10012=CARTESIAN_POINT('Ctrl Pts',(25.5599355316737,38.0418776978738,3.));
#10013=CARTESIAN_POINT('Ctrl Pts',(25.5811739712954,38.0000004917383,5.));
#10014=CARTESIAN_POINT('Ctrl Pts',(25.5811739712954,38.0000004917383,3.));
#10015=CARTESIAN_POINT('',(25.4880631715059,38.2609144598246,5.));
#10016=CARTESIAN_POINT('Ctrl Pts',(25.4880631715059,38.2609144598246,5.));
#10017=CARTESIAN_POINT('Ctrl Pts',(25.4979263151941,38.2158433603892,5.));
#10018=CARTESIAN_POINT('Ctrl Pts',(25.5178263884146,38.124907021302,5.));
#10019=CARTESIAN_POINT('Ctrl Pts',(25.5599355316737,38.0418776978738,5.));
#10020=CARTESIAN_POINT('Ctrl Pts',(25.5811739712954,38.0000004917383,5.));
#10021=CARTESIAN_POINT('',(25.4880631715059,38.2609144598246,3.));
#10022=CARTESIAN_POINT('',(25.4880631715059,38.2609144598246,5.));
#10023=CARTESIAN_POINT('Ctrl Pts',(25.4880631715059,38.2609144598246,3.));
#10024=CARTESIAN_POINT('Ctrl Pts',(25.4979263151941,38.2158433603892,3.));
#10025=CARTESIAN_POINT('Ctrl Pts',(25.5178263884146,38.124907021302,3.));
#10026=CARTESIAN_POINT('Ctrl Pts',(25.5599355316737,38.0418776978738,3.));
#10027=CARTESIAN_POINT('Ctrl Pts',(25.5811739712954,38.0000004917383,3.));
#10028=CARTESIAN_POINT('Ctrl Pts',(25.4645300656557,38.9106417447329,5.));
#10029=CARTESIAN_POINT('Ctrl Pts',(25.4645300656557,38.9106417447329,3.));
#10030=CARTESIAN_POINT('Ctrl Pts',(25.4636833151521,38.7707636216114,5.));
#10031=CARTESIAN_POINT('Ctrl Pts',(25.4636833151521,38.7707636216114,3.));
#10032=CARTESIAN_POINT('Ctrl Pts',(25.4623697671882,38.5537733475655,5.));
#10033=CARTESIAN_POINT('Ctrl Pts',(25.4623697671882,38.5537733475655,3.));
#10034=CARTESIAN_POINT('Ctrl Pts',(25.4813264923653,38.3377005616505,5.));
#10035=CARTESIAN_POINT('Ctrl Pts',(25.4813264923653,38.3377005616505,3.));
#10036=CARTESIAN_POINT('Ctrl Pts',(25.4880631715059,38.2609144598246,5.));
#10037=CARTESIAN_POINT('Ctrl Pts',(25.4880631715059,38.2609144598246,3.));
#10038=CARTESIAN_POINT('',(25.4645300656557,38.9106417447329,5.));
#10039=CARTESIAN_POINT('Ctrl Pts',(25.4645300656557,38.9106417447329,5.));
#10040=CARTESIAN_POINT('Ctrl Pts',(25.4636833151521,38.7707636216114,5.));
#10041=CARTESIAN_POINT('Ctrl Pts',(25.4623697671882,38.5537733475655,5.));
#10042=CARTESIAN_POINT('Ctrl Pts',(25.4813264923653,38.3377005616505,5.));
#10043=CARTESIAN_POINT('Ctrl Pts',(25.4880631715059,38.2609144598246,5.));
#10044=CARTESIAN_POINT('',(25.4645300656557,38.9106417447329,3.));
#10045=CARTESIAN_POINT('',(25.4645300656557,38.9106417447329,5.));
#10046=CARTESIAN_POINT('Ctrl Pts',(25.4645300656557,38.9106417447329,3.));
#10047=CARTESIAN_POINT('Ctrl Pts',(25.4636833151521,38.7707636216114,3.));
#10048=CARTESIAN_POINT('Ctrl Pts',(25.4623697671882,38.5537733475655,3.));
#10049=CARTESIAN_POINT('Ctrl Pts',(25.4813264923653,38.3377005616505,3.));
#10050=CARTESIAN_POINT('Ctrl Pts',(25.4880631715059,38.2609144598246,3.));
#10051=CARTESIAN_POINT('Origin',(25.4645300656557,39.4017740339041,5.));
#10052=CARTESIAN_POINT('',(25.4645300656557,39.4017740339041,5.));
#10053=CARTESIAN_POINT('',(25.4645300656557,20.9602033341146,5.));
#10054=CARTESIAN_POINT('',(25.4645300656557,39.4017740339041,3.));
#10055=CARTESIAN_POINT('',(25.4645300656557,39.4017740339041,5.));
#10056=CARTESIAN_POINT('',(25.4645300656557,39.4017740339041,3.));
#10057=CARTESIAN_POINT('Ctrl Pts',(25.4461122304201,39.7414740175009,5.));
#10058=CARTESIAN_POINT('Ctrl Pts',(25.4461122304201,39.7414740175009,3.));
#10059=CARTESIAN_POINT('Ctrl Pts',(25.451422736319,39.6975214070761,5.));
#10060=CARTESIAN_POINT('Ctrl Pts',(25.451422736319,39.6975214070761,3.));
#10061=CARTESIAN_POINT('Ctrl Pts',(25.4650467310074,39.5847618805132,5.));
#10062=CARTESIAN_POINT('Ctrl Pts',(25.4650467310074,39.5847618805132,3.));
#10063=CARTESIAN_POINT('Ctrl Pts',(25.4647258625717,39.4711196091581,5.));
#10064=CARTESIAN_POINT('Ctrl Pts',(25.4647258625717,39.4711196091581,3.));
#10065=CARTESIAN_POINT('Ctrl Pts',(25.4645300656557,39.4017740339041,5.));
#10066=CARTESIAN_POINT('Ctrl Pts',(25.4645300656557,39.4017740339041,3.));
#10067=CARTESIAN_POINT('',(25.4461122304201,39.7414740175009,5.));
#10068=CARTESIAN_POINT('Ctrl Pts',(25.4461122304201,39.7414740175009,5.));
#10069=CARTESIAN_POINT('Ctrl Pts',(25.451422736319,39.6975214070761,5.));
#10070=CARTESIAN_POINT('Ctrl Pts',(25.4650467310074,39.5847618805132,5.));
#10071=CARTESIAN_POINT('Ctrl Pts',(25.4647258625717,39.4711196091581,5.));
#10072=CARTESIAN_POINT('Ctrl Pts',(25.4645300656557,39.4017740339041,5.));
#10073=CARTESIAN_POINT('',(25.4461122304201,39.7414740175009,3.));
#10074=CARTESIAN_POINT('',(25.4461122304201,39.7414740175009,5.));
#10075=CARTESIAN_POINT('Ctrl Pts',(25.4461122304201,39.7414740175009,3.));
#10076=CARTESIAN_POINT('Ctrl Pts',(25.451422736319,39.6975214070761,3.));
#10077=CARTESIAN_POINT('Ctrl Pts',(25.4650467310074,39.5847618805132,3.));
#10078=CARTESIAN_POINT('Ctrl Pts',(25.4647258625717,39.4711196091581,3.));
#10079=CARTESIAN_POINT('Ctrl Pts',(25.4645300656557,39.4017740339041,3.));
#10080=CARTESIAN_POINT('Ctrl Pts',(25.3315151482821,39.9921561032534,5.));
#10081=CARTESIAN_POINT('Ctrl Pts',(25.3315151482821,39.9921561032534,3.));
#10082=CARTESIAN_POINT('Ctrl Pts',(25.3569840217372,39.9557811637623,5.));
#10083=CARTESIAN_POINT('Ctrl Pts',(25.3569840217372,39.9557811637623,3.));
#10084=CARTESIAN_POINT('Ctrl Pts',(25.4105096318805,39.8793352685949,5.));
#10085=CARTESIAN_POINT('Ctrl Pts',(25.4105096318805,39.8793352685949,3.));
#10086=CARTESIAN_POINT('Ctrl Pts',(25.4338682490757,39.7888854609279,5.));
#10087=CARTESIAN_POINT('Ctrl Pts',(25.4338682490757,39.7888854609279,3.));
#10088=CARTESIAN_POINT('Ctrl Pts',(25.4461122304201,39.7414740175009,5.));
#10089=CARTESIAN_POINT('Ctrl Pts',(25.4461122304201,39.7414740175009,3.));
#10090=CARTESIAN_POINT('',(25.3315151482821,39.9921561032534,5.));
#10091=CARTESIAN_POINT('Ctrl Pts',(25.3315151482821,39.9921561032534,5.));
#10092=CARTESIAN_POINT('Ctrl Pts',(25.3569840217372,39.9557811637623,5.));
#10093=CARTESIAN_POINT('Ctrl Pts',(25.4105096318805,39.8793352685949,5.));
#10094=CARTESIAN_POINT('Ctrl Pts',(25.4338682490757,39.7888854609279,5.));
#10095=CARTESIAN_POINT('Ctrl Pts',(25.4461122304201,39.7414740175009,5.));
#10096=CARTESIAN_POINT('',(25.3315151482821,39.9921561032534,3.));
#10097=CARTESIAN_POINT('',(25.3315151482821,39.9921561032534,5.));
#10098=CARTESIAN_POINT('Ctrl Pts',(25.3315151482821,39.9921561032534,3.));
#10099=CARTESIAN_POINT('Ctrl Pts',(25.3569840217372,39.9557811637623,3.));
#10100=CARTESIAN_POINT('Ctrl Pts',(25.4105096318805,39.8793352685949,3.));
#10101=CARTESIAN_POINT('Ctrl Pts',(25.4338682490757,39.7888854609279,3.));
#10102=CARTESIAN_POINT('Ctrl Pts',(25.4461122304201,39.7414740175009,3.));
#10103=CARTESIAN_POINT('Ctrl Pts',(25.0757170468569,40.1568900793791,5.));
#10104=CARTESIAN_POINT('Ctrl Pts',(25.0757170468569,40.1568900793791,3.));
#10105=CARTESIAN_POINT('Ctrl Pts',(25.1282038141474,40.1355422198404,5.));
#10106=CARTESIAN_POINT('Ctrl Pts',(25.1282038141474,40.1355422198404,3.));
#10107=CARTESIAN_POINT('Ctrl Pts',(25.2240179349837,40.0965718945752,5.));
#10108=CARTESIAN_POINT('Ctrl Pts',(25.2240179349837,40.0965718945752,3.));
#10109=CARTESIAN_POINT('Ctrl Pts',(25.2980415216266,40.0246702039301,5.));
#10110=CARTESIAN_POINT('Ctrl Pts',(25.2980415216266,40.0246702039301,3.));
#10111=CARTESIAN_POINT('Ctrl Pts',(25.3315151482821,39.9921561032534,5.));
#10112=CARTESIAN_POINT('Ctrl Pts',(25.3315151482821,39.9921561032534,3.));
#10113=CARTESIAN_POINT('',(25.0757170468569,40.1568900793791,5.));
#10114=CARTESIAN_POINT('Ctrl Pts',(25.0757170468569,40.1568900793791,5.));
#10115=CARTESIAN_POINT('Ctrl Pts',(25.1282038141474,40.1355422198404,5.));
#10116=CARTESIAN_POINT('Ctrl Pts',(25.2240179349837,40.0965718945752,5.));
#10117=CARTESIAN_POINT('Ctrl Pts',(25.2980415216266,40.0246702039301,5.));
#10118=CARTESIAN_POINT('Ctrl Pts',(25.3315151482821,39.9921561032534,5.));
#10119=CARTESIAN_POINT('',(25.0757170468569,40.1568900793791,3.));
#10120=CARTESIAN_POINT('',(25.0757170468569,40.1568900793791,5.));
#10121=CARTESIAN_POINT('Ctrl Pts',(25.0757170468569,40.1568900793791,3.));
#10122=CARTESIAN_POINT('Ctrl Pts',(25.1282038141474,40.1355422198404,3.));
#10123=CARTESIAN_POINT('Ctrl Pts',(25.2240179349837,40.0965718945752,3.));
#10124=CARTESIAN_POINT('Ctrl Pts',(25.2980415216266,40.0246702039301,3.));
#10125=CARTESIAN_POINT('Ctrl Pts',(25.3315151482821,39.9921561032534,3.));
#10126=CARTESIAN_POINT('Ctrl Pts',(24.6234656125307,40.2223744243383,5.));
#10127=CARTESIAN_POINT('Ctrl Pts',(24.6234656125307,40.2223744243383,3.));
#10128=CARTESIAN_POINT('Ctrl Pts',(24.7081586775606,40.2209482926992,5.));
#10129=CARTESIAN_POINT('Ctrl Pts',(24.7081586775606,40.2209482926992,3.));
#10130=CARTESIAN_POINT('Ctrl Pts',(24.861871884994,40.2183599430109,5.));
#10131=CARTESIAN_POINT('Ctrl Pts',(24.861871884994,40.2183599430109,3.));
#10132=CARTESIAN_POINT('Ctrl Pts',(25.0094511574654,40.1759382315507,5.));
#10133=CARTESIAN_POINT('Ctrl Pts',(25.0094511574654,40.1759382315507,3.));
#10134=CARTESIAN_POINT('Ctrl Pts',(25.0757170468569,40.1568900793791,5.));
#10135=CARTESIAN_POINT('Ctrl Pts',(25.0757170468569,40.1568900793791,3.));
#10136=CARTESIAN_POINT('',(24.6234656125307,40.2223744243383,5.));
#10137=CARTESIAN_POINT('Ctrl Pts',(24.6234656125307,40.2223744243383,5.));
#10138=CARTESIAN_POINT('Ctrl Pts',(24.7081586775606,40.2209482926992,5.));
#10139=CARTESIAN_POINT('Ctrl Pts',(24.861871884994,40.2183599430109,5.));
#10140=CARTESIAN_POINT('Ctrl Pts',(25.0094511574654,40.1759382315507,5.));
#10141=CARTESIAN_POINT('Ctrl Pts',(25.0757170468569,40.1568900793791,5.));
#10142=CARTESIAN_POINT('',(24.6234656125307,40.2223744243383,3.));
#10143=CARTESIAN_POINT('',(24.6234656125307,40.2223744243383,5.));
#10144=CARTESIAN_POINT('Ctrl Pts',(24.6234656125307,40.2223744243383,3.));
#10145=CARTESIAN_POINT('Ctrl Pts',(24.7081586775606,40.2209482926992,3.));
#10146=CARTESIAN_POINT('Ctrl Pts',(24.861871884994,40.2183599430109,3.));
#10147=CARTESIAN_POINT('Ctrl Pts',(25.0094511574654,40.1759382315507,3.));
#10148=CARTESIAN_POINT('Ctrl Pts',(25.0757170468569,40.1568900793791,3.));
#10149=CARTESIAN_POINT('Ctrl Pts',(24.130287244916,40.1456349343061,5.));
#10150=CARTESIAN_POINT('Ctrl Pts',(24.130287244916,40.1456349343061,3.));
#10151=CARTESIAN_POINT('Ctrl Pts',(24.2063460314015,40.1679991612943,5.));
#10152=CARTESIAN_POINT('Ctrl Pts',(24.2063460314015,40.1679991612943,3.));
#10153=CARTESIAN_POINT('Ctrl Pts',(24.3672517865549,40.2153116809679,5.));
#10154=CARTESIAN_POINT('Ctrl Pts',(24.3672517865549,40.2153116809679,3.));
#10155=CARTESIAN_POINT('Ctrl Pts',(24.5350069125545,40.2199359880266,5.));
#10156=CARTESIAN_POINT('Ctrl Pts',(24.5350069125545,40.2199359880266,3.));
#10157=CARTESIAN_POINT('Ctrl Pts',(24.6234656125307,40.2223744243383,5.));
#10158=CARTESIAN_POINT('Ctrl Pts',(24.6234656125307,40.2223744243383,3.));
#10159=CARTESIAN_POINT('',(24.130287244916,40.1456349343061,5.));
#10160=CARTESIAN_POINT('Ctrl Pts',(24.130287244916,40.1456349343061,5.));
#10161=CARTESIAN_POINT('Ctrl Pts',(24.2063460314015,40.1679991612943,5.));
#10162=CARTESIAN_POINT('Ctrl Pts',(24.3672517865549,40.2153116809679,5.));
#10163=CARTESIAN_POINT('Ctrl Pts',(24.5350069125545,40.2199359880266,5.));
#10164=CARTESIAN_POINT('Ctrl Pts',(24.6234656125307,40.2223744243383,5.));
#10165=CARTESIAN_POINT('',(24.130287244916,40.1456349343061,3.));
#10166=CARTESIAN_POINT('',(24.130287244916,40.1456349343061,5.));
#10167=CARTESIAN_POINT('Ctrl Pts',(24.130287244916,40.1456349343061,3.));
#10168=CARTESIAN_POINT('Ctrl Pts',(24.2063460314015,40.1679991612943,3.));
#10169=CARTESIAN_POINT('Ctrl Pts',(24.3672517865549,40.2153116809679,3.));
#10170=CARTESIAN_POINT('Ctrl Pts',(24.5350069125545,40.2199359880266,3.));
#10171=CARTESIAN_POINT('Ctrl Pts',(24.6234656125307,40.2223744243383,3.));
#10172=CARTESIAN_POINT('Ctrl Pts',(23.8049126416445,39.9266717582941,5.));
#10173=CARTESIAN_POINT('Ctrl Pts',(23.8049126416445,39.9266717582941,3.));
#10174=CARTESIAN_POINT('Ctrl Pts',(23.8484741696637,39.9719971244748,5.));
#10175=CARTESIAN_POINT('Ctrl Pts',(23.8484741696637,39.9719971244748,3.));
#10176=CARTESIAN_POINT('Ctrl Pts',(23.9409900903507,40.0682590825224,5.));
#10177=CARTESIAN_POINT('Ctrl Pts',(23.9409900903507,40.0682590825224,3.));
#10178=CARTESIAN_POINT('Ctrl Pts',(24.0647828502785,40.1188597915826,5.));
#10179=CARTESIAN_POINT('Ctrl Pts',(24.0647828502785,40.1188597915826,3.));
#10180=CARTESIAN_POINT('Ctrl Pts',(24.130287244916,40.1456349343061,5.));
#10181=CARTESIAN_POINT('Ctrl Pts',(24.130287244916,40.1456349343061,3.));
#10182=CARTESIAN_POINT('',(23.8049126416445,39.9266717582941,5.));
#10183=CARTESIAN_POINT('Ctrl Pts',(23.8049126416445,39.9266717582941,5.));
#10184=CARTESIAN_POINT('Ctrl Pts',(23.8484741696637,39.9719971244748,5.));
#10185=CARTESIAN_POINT('Ctrl Pts',(23.9409900903507,40.0682590825224,5.));
#10186=CARTESIAN_POINT('Ctrl Pts',(24.0647828502785,40.1188597915826,5.));
#10187=CARTESIAN_POINT('Ctrl Pts',(24.130287244916,40.1456349343061,5.));
#10188=CARTESIAN_POINT('',(23.8049126416445,39.9266717582941,3.));
#10189=CARTESIAN_POINT('',(23.8049126416445,39.9266717582941,5.));
#10190=CARTESIAN_POINT('Ctrl Pts',(23.8049126416445,39.9266717582941,3.));
#10191=CARTESIAN_POINT('Ctrl Pts',(23.8484741696637,39.9719971244748,3.));
#10192=CARTESIAN_POINT('Ctrl Pts',(23.9409900903507,40.0682590825224,3.));
#10193=CARTESIAN_POINT('Ctrl Pts',(24.0647828502785,40.1188597915826,3.));
#10194=CARTESIAN_POINT('Ctrl Pts',(24.130287244916,40.1456349343061,3.));
#10195=CARTESIAN_POINT('Ctrl Pts',(23.6432481557131,39.5532066375017,5.));
#10196=CARTESIAN_POINT('Ctrl Pts',(23.6432481557131,39.5532066375017,3.));
#10197=CARTESIAN_POINT('Ctrl Pts',(23.6608151786963,39.6246782306615,5.));
#10198=CARTESIAN_POINT('Ctrl Pts',(23.6608151786963,39.6246782306615,3.));
#10199=CARTESIAN_POINT('Ctrl Pts',(23.693696911768,39.758457861435,5.));
#10200=CARTESIAN_POINT('Ctrl Pts',(23.693696911768,39.758457861435,3.));
#10201=CARTESIAN_POINT('Ctrl Pts',(23.7695731736536,39.8732207794597,5.));
#10202=CARTESIAN_POINT('Ctrl Pts',(23.7695731736536,39.8732207794597,3.));
#10203=CARTESIAN_POINT('Ctrl Pts',(23.8049126416445,39.9266717582941,5.));
#10204=CARTESIAN_POINT('Ctrl Pts',(23.8049126416445,39.9266717582941,3.));
#10205=CARTESIAN_POINT('',(23.6432481557131,39.5532066375017,5.));
#10206=CARTESIAN_POINT('Ctrl Pts',(23.6432481557131,39.5532066375017,5.));
#10207=CARTESIAN_POINT('Ctrl Pts',(23.6608151786963,39.6246782306615,5.));
#10208=CARTESIAN_POINT('Ctrl Pts',(23.693696911768,39.758457861435,5.));
#10209=CARTESIAN_POINT('Ctrl Pts',(23.7695731736536,39.8732207794597,5.));
#10210=CARTESIAN_POINT('Ctrl Pts',(23.8049126416445,39.9266717582941,5.));
#10211=CARTESIAN_POINT('',(23.6432481557131,39.5532066375017,3.));
#10212=CARTESIAN_POINT('',(23.6432481557131,39.5532066375017,5.));
#10213=CARTESIAN_POINT('Ctrl Pts',(23.6432481557131,39.5532066375017,3.));
#10214=CARTESIAN_POINT('Ctrl Pts',(23.6608151786963,39.6246782306615,3.));
#10215=CARTESIAN_POINT('Ctrl Pts',(23.693696911768,39.758457861435,3.));
#10216=CARTESIAN_POINT('Ctrl Pts',(23.7695731736536,39.8732207794597,3.));
#10217=CARTESIAN_POINT('Ctrl Pts',(23.8049126416445,39.9266717582941,3.));
#10218=CARTESIAN_POINT('Origin',(24.0034116059542,39.5040933042765,5.));
#10219=CARTESIAN_POINT('',(24.0034116059542,39.5040933042765,5.));
#10220=CARTESIAN_POINT('',(36.9003396471096,37.7454164478566,5.));
#10221=CARTESIAN_POINT('',(24.0034116059542,39.5040933042765,3.));
#10222=CARTESIAN_POINT('',(24.0034116059542,39.5040933042765,5.));
#10223=CARTESIAN_POINT('',(24.0034116059542,39.5040933042765,3.));
#10224=CARTESIAN_POINT('Ctrl Pts',(24.1865623742342,39.8263990134001,5.));
#10225=CARTESIAN_POINT('Ctrl Pts',(24.1865623742342,39.8263990134001,3.));
#10226=CARTESIAN_POINT('Ctrl Pts',(24.147125446389,39.7864702544555,5.));
#10227=CARTESIAN_POINT('Ctrl Pts',(24.147125446389,39.7864702544555,3.));
#10228=CARTESIAN_POINT('Ctrl Pts',(24.057698792638,39.6959283310361,5.));
#10229=CARTESIAN_POINT('Ctrl Pts',(24.057698792638,39.6959283310361,3.));
#10230=CARTESIAN_POINT('Ctrl Pts',(24.02287704889,39.5728784816743,5.));
#10231=CARTESIAN_POINT('Ctrl Pts',(24.02287704889,39.5728784816743,3.));
#10232=CARTESIAN_POINT('Ctrl Pts',(24.0034116059542,39.5040933042765,5.));
#10233=CARTESIAN_POINT('Ctrl Pts',(24.0034116059542,39.5040933042765,3.));
#10234=CARTESIAN_POINT('',(24.1865623742342,39.8263990134001,5.));
#10235=CARTESIAN_POINT('Ctrl Pts',(24.1865623742342,39.8263990134001,5.));
#10236=CARTESIAN_POINT('Ctrl Pts',(24.147125446389,39.7864702544555,5.));
#10237=CARTESIAN_POINT('Ctrl Pts',(24.057698792638,39.6959283310361,5.));
#10238=CARTESIAN_POINT('Ctrl Pts',(24.02287704889,39.5728784816743,5.));
#10239=CARTESIAN_POINT('Ctrl Pts',(24.0034116059542,39.5040933042765,5.));
#10240=CARTESIAN_POINT('',(24.1865623742342,39.8263990134001,3.));
#10241=CARTESIAN_POINT('',(24.1865623742342,39.8263990134001,5.));
#10242=CARTESIAN_POINT('Ctrl Pts',(24.1865623742342,39.8263990134001,3.));
#10243=CARTESIAN_POINT('Ctrl Pts',(24.147125446389,39.7864702544555,3.));
#10244=CARTESIAN_POINT('Ctrl Pts',(24.057698792638,39.6959283310361,3.));
#10245=CARTESIAN_POINT('Ctrl Pts',(24.02287704889,39.5728784816743,3.));
#10246=CARTESIAN_POINT('Ctrl Pts',(24.0034116059542,39.5040933042765,3.));
#10247=CARTESIAN_POINT('Ctrl Pts',(24.5702601224184,39.9174629896879,5.));
#10248=CARTESIAN_POINT('Ctrl Pts',(24.5702601224184,39.9174629896879,3.));
#10249=CARTESIAN_POINT('Ctrl Pts',(24.4933083152415,39.9162650365798,5.));
#10250=CARTESIAN_POINT('Ctrl Pts',(24.4933083152415,39.9162650365798,3.));
#10251=CARTESIAN_POINT('Ctrl Pts',(24.3580624309294,39.9141595859943,5.));
#10252=CARTESIAN_POINT('Ctrl Pts',(24.3580624309294,39.9141595859943,3.));
#10253=CARTESIAN_POINT('Ctrl Pts',(24.2382180501934,39.8528324256524,5.));
#10254=CARTESIAN_POINT('Ctrl Pts',(24.2382180501934,39.8528324256524,3.));
#10255=CARTESIAN_POINT('Ctrl Pts',(24.1865623742342,39.8263990134001,5.));
#10256=CARTESIAN_POINT('Ctrl Pts',(24.1865623742342,39.8263990134001,3.));
#10257=CARTESIAN_POINT('',(24.5702601224184,39.9174629896879,5.));
#10258=CARTESIAN_POINT('Ctrl Pts',(24.5702601224184,39.9174629896879,5.));
#10259=CARTESIAN_POINT('Ctrl Pts',(24.4933083152415,39.9162650365798,5.));
#10260=CARTESIAN_POINT('Ctrl Pts',(24.3580624309294,39.9141595859943,5.));
#10261=CARTESIAN_POINT('Ctrl Pts',(24.2382180501934,39.8528324256524,5.));
#10262=CARTESIAN_POINT('Ctrl Pts',(24.1865623742342,39.8263990134001,5.));
#10263=CARTESIAN_POINT('',(24.5702601224184,39.9174629896879,3.));
#10264=CARTESIAN_POINT('',(24.5702601224184,39.9174629896879,5.));
#10265=CARTESIAN_POINT('Ctrl Pts',(24.5702601224184,39.9174629896879,3.));
#10266=CARTESIAN_POINT('Ctrl Pts',(24.4933083152415,39.9162650365798,3.));
#10267=CARTESIAN_POINT('Ctrl Pts',(24.3580624309294,39.9141595859943,3.));
#10268=CARTESIAN_POINT('Ctrl Pts',(24.2382180501934,39.8528324256524,3.));
#10269=CARTESIAN_POINT('Ctrl Pts',(24.1865623742342,39.8263990134001,3.));
#10270=CARTESIAN_POINT('Ctrl Pts',(24.9897683411837,39.7926335781813,5.));
#10271=CARTESIAN_POINT('Ctrl Pts',(24.9897683411837,39.7926335781813,3.));
#10272=CARTESIAN_POINT('Ctrl Pts',(24.9329006287557,39.828936614603,5.));
#10273=CARTESIAN_POINT('Ctrl Pts',(24.9329006287557,39.828936614603,3.));
#10274=CARTESIAN_POINT('Ctrl Pts',(24.8056901376664,39.9101448590369,5.));
#10275=CARTESIAN_POINT('Ctrl Pts',(24.8056901376664,39.9101448590369,3.));
#10276=CARTESIAN_POINT('Ctrl Pts',(24.6540896711458,39.9148572234293,5.));
#10277=CARTESIAN_POINT('Ctrl Pts',(24.6540896711458,39.9148572234293,3.));
#10278=CARTESIAN_POINT('Ctrl Pts',(24.5702601224184,39.9174629896879,5.));
#10279=CARTESIAN_POINT('Ctrl Pts',(24.5702601224184,39.9174629896879,3.));
#10280=CARTESIAN_POINT('',(24.9897683411837,39.7926335781813,5.));
#10281=CARTESIAN_POINT('Ctrl Pts',(24.9897683411837,39.7926335781813,5.));
#10282=CARTESIAN_POINT('Ctrl Pts',(24.9329006287557,39.828936614603,5.));
#10283=CARTESIAN_POINT('Ctrl Pts',(24.8056901376664,39.9101448590369,5.));
#10284=CARTESIAN_POINT('Ctrl Pts',(24.6540896711458,39.9148572234293,5.));
#10285=CARTESIAN_POINT('Ctrl Pts',(24.5702601224184,39.9174629896879,5.));
#10286=CARTESIAN_POINT('',(24.9897683411837,39.7926335781813,3.));
#10287=CARTESIAN_POINT('',(24.9897683411837,39.7926335781813,5.));
#10288=CARTESIAN_POINT('Ctrl Pts',(24.9897683411837,39.7926335781813,3.));
#10289=CARTESIAN_POINT('Ctrl Pts',(24.9329006287557,39.828936614603,3.));
#10290=CARTESIAN_POINT('Ctrl Pts',(24.8056901376664,39.9101448590369,3.));
#10291=CARTESIAN_POINT('Ctrl Pts',(24.6540896711458,39.9148572234293,3.));
#10292=CARTESIAN_POINT('Ctrl Pts',(24.5702601224184,39.9174629896879,3.));
#10293=CARTESIAN_POINT('Ctrl Pts',(25.0941348820925,39.4754438847303,5.));
#10294=CARTESIAN_POINT('Ctrl Pts',(25.0941348820925,39.4754438847303,3.));
#10295=CARTESIAN_POINT('Ctrl Pts',(25.0926648754567,39.5420047400951,5.));
#10296=CARTESIAN_POINT('Ctrl Pts',(25.0926648754567,39.5420047400951,3.));
#10297=CARTESIAN_POINT('Ctrl Pts',(25.0900729055238,39.6593672958908,5.));
#10298=CARTESIAN_POINT('Ctrl Pts',(25.0900729055238,39.6593672958908,3.));
#10299=CARTESIAN_POINT('Ctrl Pts',(25.0200699197938,39.7523744059744,5.));
#10300=CARTESIAN_POINT('Ctrl Pts',(25.0200699197938,39.7523744059744,3.));
#10301=CARTESIAN_POINT('Ctrl Pts',(24.9897683411837,39.7926335781813,5.));
#10302=CARTESIAN_POINT('Ctrl Pts',(24.9897683411837,39.7926335781813,3.));
#10303=CARTESIAN_POINT('',(25.0941348820925,39.4754438847303,5.));
#10304=CARTESIAN_POINT('Ctrl Pts',(25.0941348820925,39.4754438847303,5.));
#10305=CARTESIAN_POINT('Ctrl Pts',(25.0926648754567,39.5420047400951,5.));
#10306=CARTESIAN_POINT('Ctrl Pts',(25.0900729055238,39.6593672958908,5.));
#10307=CARTESIAN_POINT('Ctrl Pts',(25.0200699197938,39.7523744059744,5.));
#10308=CARTESIAN_POINT('Ctrl Pts',(24.9897683411837,39.7926335781813,5.));
#10309=CARTESIAN_POINT('',(25.0941348820925,39.4754438847303,3.));
#10310=CARTESIAN_POINT('',(25.0941348820925,39.4754438847303,5.));
#10311=CARTESIAN_POINT('Ctrl Pts',(25.0941348820925,39.4754438847303,3.));
#10312=CARTESIAN_POINT('Ctrl Pts',(25.0926648754567,39.5420047400951,3.));
#10313=CARTESIAN_POINT('Ctrl Pts',(25.0900729055238,39.6593672958908,3.));
#10314=CARTESIAN_POINT('Ctrl Pts',(25.0200699197938,39.7523744059744,3.));
#10315=CARTESIAN_POINT('Ctrl Pts',(24.9897683411837,39.7926335781813,3.));
#10316=CARTESIAN_POINT('Ctrl Pts',(25.0920880585909,39.3792638927698,5.));
#10317=CARTESIAN_POINT('Ctrl Pts',(25.0920880585909,39.3792638927698,3.));
#10318=CARTESIAN_POINT('Ctrl Pts',(25.0926647230641,39.3998969791492,5.));
#10319=CARTESIAN_POINT('Ctrl Pts',(25.0926647230641,39.3998969791492,3.));
#10320=CARTESIAN_POINT('Ctrl Pts',(25.0935606342881,39.4319527317215,5.));
#10321=CARTESIAN_POINT('Ctrl Pts',(25.0935606342881,39.4319527317215,3.));
#10322=CARTESIAN_POINT('Ctrl Pts',(25.0939840154978,39.4640178729923,5.));
#10323=CARTESIAN_POINT('Ctrl Pts',(25.0939840154978,39.4640178729923,3.));
#10324=CARTESIAN_POINT('Ctrl Pts',(25.0941348820925,39.4754438847303,5.));
#10325=CARTESIAN_POINT('Ctrl Pts',(25.0941348820925,39.4754438847303,3.));
#10326=CARTESIAN_POINT('',(25.0920880585909,39.3792638927698,5.));
#10327=CARTESIAN_POINT('Ctrl Pts',(25.0920880585909,39.3792638927698,5.));
#10328=CARTESIAN_POINT('Ctrl Pts',(25.0926647230641,39.3998969791492,5.));
#10329=CARTESIAN_POINT('Ctrl Pts',(25.0935606342881,39.4319527317215,5.));
#10330=CARTESIAN_POINT('Ctrl Pts',(25.0939840154978,39.4640178729923,5.));
#10331=CARTESIAN_POINT('Ctrl Pts',(25.0941348820925,39.4754438847303,5.));
#10332=CARTESIAN_POINT('',(25.0920880585909,39.3792638927698,3.));
#10333=CARTESIAN_POINT('',(25.0920880585909,39.3792638927698,5.));
#10334=CARTESIAN_POINT('Ctrl Pts',(25.0920880585909,39.3792638927698,3.));
#10335=CARTESIAN_POINT('Ctrl Pts',(25.0926647230641,39.3998969791492,3.));
#10336=CARTESIAN_POINT('Ctrl Pts',(25.0935606342881,39.4319527317215,3.));
#10337=CARTESIAN_POINT('Ctrl Pts',(25.0939840154978,39.4640178729923,3.));
#10338=CARTESIAN_POINT('Ctrl Pts',(25.0941348820925,39.4754438847303,3.));
#10339=CARTESIAN_POINT('Ctrl Pts',(24.4351983815432,39.2523879557848,5.));
#10340=CARTESIAN_POINT('Ctrl Pts',(24.4351983815432,39.2523879557848,3.));
#10341=CARTESIAN_POINT('Ctrl Pts',(24.5650423345547,39.2681070652064,5.));
#10342=CARTESIAN_POINT('Ctrl Pts',(24.5650423345547,39.2681070652064,3.));
#10343=CARTESIAN_POINT('Ctrl Pts',(24.7871164656507,39.2949917023839,5.));
#10344=CARTESIAN_POINT('Ctrl Pts',(24.7871164656507,39.2949917023839,3.));
#10345=CARTESIAN_POINT('Ctrl Pts',(25.0025964941866,39.3545348677459,5.));
#10346=CARTESIAN_POINT('Ctrl Pts',(25.0025964941866,39.3545348677459,3.));
#10347=CARTESIAN_POINT('Ctrl Pts',(25.0920880585909,39.3792638927698,5.));
#10348=CARTESIAN_POINT('Ctrl Pts',(25.0920880585909,39.3792638927698,3.));
#10349=CARTESIAN_POINT('',(24.4351983815432,39.2523879557848,5.));
#10350=CARTESIAN_POINT('Ctrl Pts',(24.4351983815432,39.2523879557848,5.));
#10351=CARTESIAN_POINT('Ctrl Pts',(24.5650423345547,39.2681070652064,5.));
#10352=CARTESIAN_POINT('Ctrl Pts',(24.7871164656507,39.2949917023839,5.));
#10353=CARTESIAN_POINT('Ctrl Pts',(25.0025964941866,39.3545348677459,5.));
#10354=CARTESIAN_POINT('Ctrl Pts',(25.0920880585909,39.3792638927698,5.));
#10355=CARTESIAN_POINT('',(24.4351983815432,39.2523879557848,3.));
#10356=CARTESIAN_POINT('',(24.4351983815432,39.2523879557848,5.));
#10357=CARTESIAN_POINT('Ctrl Pts',(24.4351983815432,39.2523879557848,3.));
#10358=CARTESIAN_POINT('Ctrl Pts',(24.5650423345547,39.2681070652064,3.));
#10359=CARTESIAN_POINT('Ctrl Pts',(24.7871164656507,39.2949917023839,3.));
#10360=CARTESIAN_POINT('Ctrl Pts',(25.0025964941866,39.3545348677459,3.));
#10361=CARTESIAN_POINT('Ctrl Pts',(25.0920880585909,39.3792638927698,3.));
#10362=CARTESIAN_POINT('Ctrl Pts',(24.1077769547701,39.1971356421709,5.));
#10363=CARTESIAN_POINT('Ctrl Pts',(24.1077769547701,39.1971356421709,3.));
#10364=CARTESIAN_POINT('Ctrl Pts',(24.1530340337588,39.2071171372091,5.));
#10365=CARTESIAN_POINT('Ctrl Pts',(24.1530340337588,39.2071171372091,3.));
#10366=CARTESIAN_POINT('Ctrl Pts',(24.2612268260929,39.2309791681662,5.));
#10367=CARTESIAN_POINT('Ctrl Pts',(24.2612268260929,39.2309791681662,3.));
#10368=CARTESIAN_POINT('Ctrl Pts',(24.3712170833918,39.2445144731333,5.));
#10369=CARTESIAN_POINT('Ctrl Pts',(24.3712170833918,39.2445144731333,3.));
#10370=CARTESIAN_POINT('Ctrl Pts',(24.4351983815432,39.2523879557848,5.));
#10371=CARTESIAN_POINT('Ctrl Pts',(24.4351983815432,39.2523879557848,3.));
#10372=CARTESIAN_POINT('',(24.1077769547701,39.1971356421709,5.));
#10373=CARTESIAN_POINT('Ctrl Pts',(24.1077769547701,39.1971356421709,5.));
#10374=CARTESIAN_POINT('Ctrl Pts',(24.1530340337588,39.2071171372091,5.));
#10375=CARTESIAN_POINT('Ctrl Pts',(24.2612268260929,39.2309791681662,5.));
#10376=CARTESIAN_POINT('Ctrl Pts',(24.3712170833918,39.2445144731333,5.));
#10377=CARTESIAN_POINT('Ctrl Pts',(24.4351983815432,39.2523879557848,5.));
#10378=CARTESIAN_POINT('',(24.1077769547701,39.1971356421709,3.));
#10379=CARTESIAN_POINT('',(24.1077769547701,39.1971356421709,5.));
#10380=CARTESIAN_POINT('Ctrl Pts',(24.1077769547701,39.1971356421709,3.));
#10381=CARTESIAN_POINT('Ctrl Pts',(24.1530340337588,39.2071171372091,3.));
#10382=CARTESIAN_POINT('Ctrl Pts',(24.2612268260929,39.2309791681662,3.));
#10383=CARTESIAN_POINT('Ctrl Pts',(24.3712170833918,39.2445144731333,3.));
#10384=CARTESIAN_POINT('Ctrl Pts',(24.4351983815432,39.2523879557848,3.));
#10385=CARTESIAN_POINT('Ctrl Pts',(23.8427699357271,39.0763986855745,5.));
#10386=CARTESIAN_POINT('Ctrl Pts',(23.8427699357271,39.0763986855745,3.));
#10387=CARTESIAN_POINT('Ctrl Pts',(23.8836685987547,39.1015025748283,5.));
#10388=CARTESIAN_POINT('Ctrl Pts',(23.8836685987547,39.1015025748283,3.));
#10389=CARTESIAN_POINT('Ctrl Pts',(23.9670128844568,39.152659888132,5.));
#10390=CARTESIAN_POINT('Ctrl Pts',(23.9670128844568,39.152659888132,3.));
#10391=CARTESIAN_POINT('Ctrl Pts',(24.0602785608865,39.1821280704311,5.));
#10392=CARTESIAN_POINT('Ctrl Pts',(24.0602785608865,39.1821280704311,3.));
#10393=CARTESIAN_POINT('Ctrl Pts',(24.1077769547701,39.1971356421709,5.));
#10394=CARTESIAN_POINT('Ctrl Pts',(24.1077769547701,39.1971356421709,3.));
#10395=CARTESIAN_POINT('',(23.8427699357271,39.0763986855745,5.));
#10396=CARTESIAN_POINT('Ctrl Pts',(23.8427699357271,39.0763986855745,5.));
#10397=CARTESIAN_POINT('Ctrl Pts',(23.8836685987547,39.1015025748283,5.));
#10398=CARTESIAN_POINT('Ctrl Pts',(23.9670128844568,39.152659888132,5.));
#10399=CARTESIAN_POINT('Ctrl Pts',(24.0602785608865,39.1821280704311,5.));
#10400=CARTESIAN_POINT('Ctrl Pts',(24.1077769547701,39.1971356421709,5.));
#10401=CARTESIAN_POINT('',(23.8427699357271,39.0763986855745,3.));
#10402=CARTESIAN_POINT('',(23.8427699357271,39.0763986855745,5.));
#10403=CARTESIAN_POINT('Ctrl Pts',(23.8427699357271,39.0763986855745,3.));
#10404=CARTESIAN_POINT('Ctrl Pts',(23.8836685987547,39.1015025748283,3.));
#10405=CARTESIAN_POINT('Ctrl Pts',(23.9670128844568,39.152659888132,3.));
#10406=CARTESIAN_POINT('Ctrl Pts',(24.0602785608865,39.1821280704311,3.));
#10407=CARTESIAN_POINT('Ctrl Pts',(24.1077769547701,39.1971356421709,3.));
#10408=CARTESIAN_POINT('Ctrl Pts',(23.652455881238,38.8645980507135,5.));
#10409=CARTESIAN_POINT('Ctrl Pts',(23.652455881238,38.8645980507135,3.));
#10410=CARTESIAN_POINT('Ctrl Pts',(23.6782429111192,38.9062130028811,5.));
#10411=CARTESIAN_POINT('Ctrl Pts',(23.6782429111192,38.9062130028811,3.));
#10412=CARTESIAN_POINT('Ctrl Pts',(23.7290496285625,38.9882045748431,5.));
#10413=CARTESIAN_POINT('Ctrl Pts',(23.7290496285625,38.9882045748431,3.));
#10414=CARTESIAN_POINT('Ctrl Pts',(23.8052467727271,39.0472981486948,5.));
#10415=CARTESIAN_POINT('Ctrl Pts',(23.8052467727271,39.0472981486948,3.));
#10416=CARTESIAN_POINT('Ctrl Pts',(23.8427699357271,39.0763986855745,5.));
#10417=CARTESIAN_POINT('Ctrl Pts',(23.8427699357271,39.0763986855745,3.));
#10418=CARTESIAN_POINT('',(23.652455881238,38.8645980507135,5.));
#10419=CARTESIAN_POINT('Ctrl Pts',(23.652455881238,38.8645980507135,5.));
#10420=CARTESIAN_POINT('Ctrl Pts',(23.6782429111192,38.9062130028811,5.));
#10421=CARTESIAN_POINT('Ctrl Pts',(23.7290496285625,38.9882045748431,5.));
#10422=CARTESIAN_POINT('Ctrl Pts',(23.8052467727271,39.0472981486948,5.));
#10423=CARTESIAN_POINT('Ctrl Pts',(23.8427699357271,39.0763986855745,5.));
#10424=CARTESIAN_POINT('',(23.652455881238,38.8645980507135,3.));
#10425=CARTESIAN_POINT('',(23.652455881238,38.8645980507135,5.));
#10426=CARTESIAN_POINT('Ctrl Pts',(23.652455881238,38.8645980507135,3.));
#10427=CARTESIAN_POINT('Ctrl Pts',(23.6782429111192,38.9062130028811,3.));
#10428=CARTESIAN_POINT('Ctrl Pts',(23.7290496285625,38.9882045748431,3.));
#10429=CARTESIAN_POINT('Ctrl Pts',(23.8052467727271,39.0472981486948,3.));
#10430=CARTESIAN_POINT('Ctrl Pts',(23.8427699357271,39.0763986855745,3.));
#10431=CARTESIAN_POINT('Ctrl Pts',(23.5798097401857,38.5729882866144,5.));
#10432=CARTESIAN_POINT('Ctrl Pts',(23.5798097401857,38.5729882866144,3.));
#10433=CARTESIAN_POINT('Ctrl Pts',(23.5826497976661,38.6246994029007,5.));
#10434=CARTESIAN_POINT('Ctrl Pts',(23.5826497976661,38.6246994029007,3.));
#10435=CARTESIAN_POINT('Ctrl Pts',(23.5882452287963,38.7265797316803,5.));
#10436=CARTESIAN_POINT('Ctrl Pts',(23.5882452287963,38.7265797316803,3.));
#10437=CARTESIAN_POINT('Ctrl Pts',(23.6312693795247,38.8190584830333,5.));
#10438=CARTESIAN_POINT('Ctrl Pts',(23.6312693795247,38.8190584830333,3.));
#10439=CARTESIAN_POINT('Ctrl Pts',(23.652455881238,38.8645980507135,5.));
#10440=CARTESIAN_POINT('Ctrl Pts',(23.652455881238,38.8645980507135,3.));
#10441=CARTESIAN_POINT('',(23.5798097401857,38.5729882866144,5.));
#10442=CARTESIAN_POINT('Ctrl Pts',(23.5798097401857,38.5729882866144,5.));
#10443=CARTESIAN_POINT('Ctrl Pts',(23.5826497976661,38.6246994029007,5.));
#10444=CARTESIAN_POINT('Ctrl Pts',(23.5882452287963,38.7265797316803,5.));
#10445=CARTESIAN_POINT('Ctrl Pts',(23.6312693795247,38.8190584830333,5.));
#10446=CARTESIAN_POINT('Ctrl Pts',(23.652455881238,38.8645980507135,5.));
#10447=CARTESIAN_POINT('',(23.5798097401857,38.5729882866144,3.));
#10448=CARTESIAN_POINT('',(23.5798097401857,38.5729882866144,5.));
#10449=CARTESIAN_POINT('Ctrl Pts',(23.5798097401857,38.5729882866144,3.));
#10450=CARTESIAN_POINT('Ctrl Pts',(23.5826497976661,38.6246994029007,3.));
#10451=CARTESIAN_POINT('Ctrl Pts',(23.5882452287963,38.7265797316803,3.));
#10452=CARTESIAN_POINT('Ctrl Pts',(23.6312693795247,38.8190584830333,3.));
#10453=CARTESIAN_POINT('Ctrl Pts',(23.652455881238,38.8645980507135,3.));
#10454=CARTESIAN_POINT('Ctrl Pts',(23.7721694260836,38.1258530169725,5.));
#10455=CARTESIAN_POINT('Ctrl Pts',(23.7721694260836,38.1258530169725,3.));
#10456=CARTESIAN_POINT('Ctrl Pts',(23.71606674773,38.1888010332673,5.));
#10457=CARTESIAN_POINT('Ctrl Pts',(23.71606674773,38.1888010332673,3.));
#10458=CARTESIAN_POINT('Ctrl Pts',(23.6023838063079,38.3163549372714,5.));
#10459=CARTESIAN_POINT('Ctrl Pts',(23.6023838063079,38.3163549372714,3.));
#10460=CARTESIAN_POINT('Ctrl Pts',(23.5873993486466,38.4867057963896,5.));
#10461=CARTESIAN_POINT('Ctrl Pts',(23.5873993486466,38.4867057963896,3.));
#10462=CARTESIAN_POINT('Ctrl Pts',(23.5798097401857,38.5729882866144,5.));
#10463=CARTESIAN_POINT('Ctrl Pts',(23.5798097401857,38.5729882866144,3.));
#10464=CARTESIAN_POINT('',(23.7721694260836,38.1258530169725,5.));
#10465=CARTESIAN_POINT('Ctrl Pts',(23.7721694260836,38.1258530169725,5.));
#10466=CARTESIAN_POINT('Ctrl Pts',(23.71606674773,38.1888010332673,5.));
#10467=CARTESIAN_POINT('Ctrl Pts',(23.6023838063079,38.3163549372714,5.));
#10468=CARTESIAN_POINT('Ctrl Pts',(23.5873993486466,38.4867057963896,5.));
#10469=CARTESIAN_POINT('Ctrl Pts',(23.5798097401857,38.5729882866144,5.));
#10470=CARTESIAN_POINT('',(23.7721694260836,38.1258530169725,3.));
#10471=CARTESIAN_POINT('',(23.7721694260836,38.1258530169725,5.));
#10472=CARTESIAN_POINT('Ctrl Pts',(23.7721694260836,38.1258530169725,3.));
#10473=CARTESIAN_POINT('Ctrl Pts',(23.71606674773,38.1888010332673,3.));
#10474=CARTESIAN_POINT('Ctrl Pts',(23.6023838063079,38.3163549372714,3.));
#10475=CARTESIAN_POINT('Ctrl Pts',(23.5873993486466,38.4867057963896,3.));
#10476=CARTESIAN_POINT('Ctrl Pts',(23.5798097401857,38.5729882866144,3.));
#10477=CARTESIAN_POINT('Ctrl Pts',(24.3226469308138,37.9508871585131,5.));
#10478=CARTESIAN_POINT('Ctrl Pts',(24.3226469308138,37.9508871585131,3.));
#10479=CARTESIAN_POINT('Ctrl Pts',(24.2136518289975,37.9552494418675,5.));
#10480=CARTESIAN_POINT('Ctrl Pts',(24.2136518289975,37.9552494418675,3.));
#10481=CARTESIAN_POINT('Ctrl Pts',(24.0132465300487,37.9632702123901,5.));
#10482=CARTESIAN_POINT('Ctrl Pts',(24.0132465300487,37.9632702123901,3.));
#10483=CARTESIAN_POINT('Ctrl Pts',(23.8476859969768,38.0749245144879,5.));
#10484=CARTESIAN_POINT('Ctrl Pts',(23.8476859969768,38.0749245144879,3.));
#10485=CARTESIAN_POINT('Ctrl Pts',(23.7721694260836,38.1258530169725,5.));
#10486=CARTESIAN_POINT('Ctrl Pts',(23.7721694260836,38.1258530169725,3.));
#10487=CARTESIAN_POINT('',(24.3226469308138,37.9508871585131,5.));
#10488=CARTESIAN_POINT('Ctrl Pts',(24.3226469308138,37.9508871585131,5.));
#10489=CARTESIAN_POINT('Ctrl Pts',(24.2136518289975,37.9552494418675,5.));
#10490=CARTESIAN_POINT('Ctrl Pts',(24.0132465300487,37.9632702123901,5.));
#10491=CARTESIAN_POINT('Ctrl Pts',(23.8476859969768,38.0749245144879,5.));
#10492=CARTESIAN_POINT('Ctrl Pts',(23.7721694260836,38.1258530169725,5.));
#10493=CARTESIAN_POINT('',(24.3226469308138,37.9508871585131,3.));
#10494=CARTESIAN_POINT('',(24.3226469308138,37.9508871585131,5.));
#10495=CARTESIAN_POINT('Ctrl Pts',(24.3226469308138,37.9508871585131,3.));
#10496=CARTESIAN_POINT('Ctrl Pts',(24.2136518289975,37.9552494418675,3.));
#10497=CARTESIAN_POINT('Ctrl Pts',(24.0132465300487,37.9632702123901,3.));
#10498=CARTESIAN_POINT('Ctrl Pts',(23.8476859969768,38.0749245144879,3.));
#10499=CARTESIAN_POINT('Ctrl Pts',(23.7721694260836,38.1258530169725,3.));
#10500=CARTESIAN_POINT('Ctrl Pts',(24.7288549691439,38.0225107818842,5.));
#10501=CARTESIAN_POINT('Ctrl Pts',(24.7288549691439,38.0225107818842,3.));
#10502=CARTESIAN_POINT('Ctrl Pts',(24.6639868263448,38.001622370816,5.));
#10503=CARTESIAN_POINT('Ctrl Pts',(24.6639868263448,38.001622370816,3.));
#10504=CARTESIAN_POINT('Ctrl Pts',(24.5319051060472,37.9590902872827,5.));
#10505=CARTESIAN_POINT('Ctrl Pts',(24.5319051060472,37.9590902872827,3.));
#10506=CARTESIAN_POINT('Ctrl Pts',(24.3932205506322,37.9536537146606,5.));
#10507=CARTESIAN_POINT('Ctrl Pts',(24.3932205506322,37.9536537146606,3.));
#10508=CARTESIAN_POINT('Ctrl Pts',(24.3226469308138,37.9508871585131,5.));
#10509=CARTESIAN_POINT('Ctrl Pts',(24.3226469308138,37.9508871585131,3.));
#10510=CARTESIAN_POINT('',(24.7288549691439,38.0225107818842,5.));
#10511=CARTESIAN_POINT('Ctrl Pts',(24.7288549691439,38.0225107818842,5.));
#10512=CARTESIAN_POINT('Ctrl Pts',(24.6639868263448,38.001622370816,5.));
#10513=CARTESIAN_POINT('Ctrl Pts',(24.5319051060472,37.9590902872827,5.));
#10514=CARTESIAN_POINT('Ctrl Pts',(24.3932205506322,37.9536537146606,5.));
#10515=CARTESIAN_POINT('Ctrl Pts',(24.3226469308138,37.9508871585131,5.));
#10516=CARTESIAN_POINT('',(24.7288549691439,38.0225107818842,3.));
#10517=CARTESIAN_POINT('',(24.7288549691439,38.0225107818842,5.));
#10518=CARTESIAN_POINT('Ctrl Pts',(24.7288549691439,38.0225107818842,3.));
#10519=CARTESIAN_POINT('Ctrl Pts',(24.6639868263448,38.001622370816,3.));
#10520=CARTESIAN_POINT('Ctrl Pts',(24.5319051060472,37.9590902872827,3.));
#10521=CARTESIAN_POINT('Ctrl Pts',(24.3932205506322,37.9536537146606,3.));
#10522=CARTESIAN_POINT('Ctrl Pts',(24.3226469308138,37.9508871585131,3.));
#10523=CARTESIAN_POINT('Ctrl Pts',(25.1227832585573,38.268076851964,5.));
#10524=CARTESIAN_POINT('Ctrl Pts',(25.1227832585573,38.268076851964,3.));
#10525=CARTESIAN_POINT('Ctrl Pts',(25.0578333638452,38.215396527598,5.));
#10526=CARTESIAN_POINT('Ctrl Pts',(25.0578333638452,38.215396527598,3.));
#10527=CARTESIAN_POINT('Ctrl Pts',(24.9366368530703,38.117095036457,5.));
#10528=CARTESIAN_POINT('Ctrl Pts',(24.9366368530703,38.117095036457,3.));
#10529=CARTESIAN_POINT('Ctrl Pts',(24.7947184830387,38.0524924686779,5.));
#10530=CARTESIAN_POINT('Ctrl Pts',(24.7947184830387,38.0524924686779,3.));
#10531=CARTESIAN_POINT('Ctrl Pts',(24.7288549691439,38.0225107818842,5.));
#10532=CARTESIAN_POINT('Ctrl Pts',(24.7288549691439,38.0225107818842,3.));
#10533=CARTESIAN_POINT('',(25.1227832585573,38.268076851964,5.));
#10534=CARTESIAN_POINT('Ctrl Pts',(25.1227832585573,38.268076851964,5.));
#10535=CARTESIAN_POINT('Ctrl Pts',(25.0578333638452,38.215396527598,5.));
#10536=CARTESIAN_POINT('Ctrl Pts',(24.9366368530703,38.117095036457,5.));
#10537=CARTESIAN_POINT('Ctrl Pts',(24.7947184830387,38.0524924686779,5.));
#10538=CARTESIAN_POINT('Ctrl Pts',(24.7288549691439,38.0225107818842,5.));
#10539=CARTESIAN_POINT('',(25.1227832585573,38.268076851964,3.));
#10540=CARTESIAN_POINT('',(25.1227832585573,38.268076851964,5.));
#10541=CARTESIAN_POINT('Ctrl Pts',(25.1227832585573,38.268076851964,3.));
#10542=CARTESIAN_POINT('Ctrl Pts',(25.0578333638452,38.215396527598,3.));
#10543=CARTESIAN_POINT('Ctrl Pts',(24.9366368530703,38.117095036457,3.));
#10544=CARTESIAN_POINT('Ctrl Pts',(24.7947184830387,38.0524924686779,3.));
#10545=CARTESIAN_POINT('Ctrl Pts',(24.7288549691439,38.0225107818842,3.));
#10546=CARTESIAN_POINT('Ctrl Pts',(25.1964534074068,38.0000004917383,5.));
#10547=CARTESIAN_POINT('Ctrl Pts',(25.1964534074068,38.0000004917383,3.));
#10548=CARTESIAN_POINT('Ctrl Pts',(25.1789483108261,38.04093244185,5.));
#10549=CARTESIAN_POINT('Ctrl Pts',(25.1789483108261,38.04093244185,3.));
#10550=CARTESIAN_POINT('Ctrl Pts',(25.1421907151963,38.1268822715816,5.));
#10551=CARTESIAN_POINT('Ctrl Pts',(25.1421907151963,38.1268822715816,3.));
#10552=CARTESIAN_POINT('Ctrl Pts',(25.1294542353273,38.2195436627213,5.));
#10553=CARTESIAN_POINT('Ctrl Pts',(25.1294542353273,38.2195436627213,3.));
#10554=CARTESIAN_POINT('Ctrl Pts',(25.1227832585573,38.268076851964,5.));
#10555=CARTESIAN_POINT('Ctrl Pts',(25.1227832585573,38.268076851964,3.));
#10556=CARTESIAN_POINT('Ctrl Pts',(25.1964534074068,38.0000004917383,5.));
#10557=CARTESIAN_POINT('Ctrl Pts',(25.1789483108261,38.04093244185,5.));
#10558=CARTESIAN_POINT('Ctrl Pts',(25.1421907151963,38.1268822715816,5.));
#10559=CARTESIAN_POINT('Ctrl Pts',(25.1294542353273,38.2195436627213,5.));
#10560=CARTESIAN_POINT('Ctrl Pts',(25.1227832585573,38.268076851964,5.));
#10561=CARTESIAN_POINT('Ctrl Pts',(25.1964534074068,38.0000004917383,3.));
#10562=CARTESIAN_POINT('Ctrl Pts',(25.1789483108261,38.04093244185,3.));
#10563=CARTESIAN_POINT('Ctrl Pts',(25.1421907151963,38.1268822715816,3.));
#10564=CARTESIAN_POINT('Ctrl Pts',(25.1294542353273,38.2195436627213,3.));
#10565=CARTESIAN_POINT('Ctrl Pts',(25.1227832585573,38.268076851964,3.));
#10566=CARTESIAN_POINT('Origin',(28.6763299629092,39.0835612267256,3.));
#10567=CARTESIAN_POINT('Ctrl Pts',(26.8171907216311,37.9508871585131,5.));
#10568=CARTESIAN_POINT('Ctrl Pts',(26.8171907216311,37.9508871585131,3.));
#10569=CARTESIAN_POINT('Ctrl Pts',(26.6895548485364,37.9544888543798,5.));
#10570=CARTESIAN_POINT('Ctrl Pts',(26.6895548485364,37.9544888543798,3.));
#10571=CARTESIAN_POINT('Ctrl Pts',(26.4591036472832,37.9609918469861,5.));
#10572=CARTESIAN_POINT('Ctrl Pts',(26.4591036472832,37.9609918469861,3.));
#10573=CARTESIAN_POINT('Ctrl Pts',(26.2602672391243,38.0756997391894,5.));
#10574=CARTESIAN_POINT('Ctrl Pts',(26.2602672391243,38.0756997391894,3.));
#10575=CARTESIAN_POINT('Ctrl Pts',(26.1715567857027,38.1268764287233,5.));
#10576=CARTESIAN_POINT('Ctrl Pts',(26.1715567857027,38.1268764287233,3.));
#10577=CARTESIAN_POINT('',(26.8171907216311,37.9508871585131,5.));
#10578=CARTESIAN_POINT('',(26.1715567857027,38.1268764287233,5.));
#10579=CARTESIAN_POINT('Ctrl Pts',(26.8171907216311,37.9508871585131,5.));
#10580=CARTESIAN_POINT('Ctrl Pts',(26.6895548485364,37.9544888543798,5.));
#10581=CARTESIAN_POINT('Ctrl Pts',(26.4591036472832,37.9609918469861,5.));
#10582=CARTESIAN_POINT('Ctrl Pts',(26.2602672391243,38.0756997391894,5.));
#10583=CARTESIAN_POINT('Ctrl Pts',(26.1715567857027,38.1268764287233,5.));
#10584=CARTESIAN_POINT('',(26.8171907216311,37.9508871585131,3.));
#10585=CARTESIAN_POINT('',(26.8171907216311,37.9508871585131,5.));
#10586=CARTESIAN_POINT('',(26.1715567857027,38.1268764287233,3.));
#10587=CARTESIAN_POINT('Ctrl Pts',(26.8171907216311,37.9508871585131,3.));
#10588=CARTESIAN_POINT('Ctrl Pts',(26.6895548485364,37.9544888543798,3.));
#10589=CARTESIAN_POINT('Ctrl Pts',(26.4591036472832,37.9609918469861,3.));
#10590=CARTESIAN_POINT('Ctrl Pts',(26.2602672391243,38.0756997391894,3.));
#10591=CARTESIAN_POINT('Ctrl Pts',(26.1715567857027,38.1268764287233,3.));
#10592=CARTESIAN_POINT('',(26.1715567857027,38.1268764287233,5.));
#10593=CARTESIAN_POINT('Ctrl Pts',(27.2755814343691,38.0399049073458,5.));
#10594=CARTESIAN_POINT('Ctrl Pts',(27.2755814343691,38.0399049073458,3.));
#10595=CARTESIAN_POINT('Ctrl Pts',(27.2043497334406,38.0139512963538,5.));
#10596=CARTESIAN_POINT('Ctrl Pts',(27.2043497334406,38.0139512963538,3.));
#10597=CARTESIAN_POINT('Ctrl Pts',(27.0563600684969,37.9600305539775,5.));
#10598=CARTESIAN_POINT('Ctrl Pts',(27.0563600684969,37.9600305539775,3.));
#10599=CARTESIAN_POINT('Ctrl Pts',(26.8988741289502,37.9540098985539,5.));
#10600=CARTESIAN_POINT('Ctrl Pts',(26.8988741289502,37.9540098985539,3.));
#10601=CARTESIAN_POINT('Ctrl Pts',(26.8171907216311,37.9508871585131,5.));
#10602=CARTESIAN_POINT('Ctrl Pts',(26.8171907216311,37.9508871585131,3.));
#10603=CARTESIAN_POINT('',(27.2755814343691,38.0399049073458,5.));
#10604=CARTESIAN_POINT('Ctrl Pts',(27.2755814343691,38.0399049073458,5.));
#10605=CARTESIAN_POINT('Ctrl Pts',(27.2043497334406,38.0139512963538,5.));
#10606=CARTESIAN_POINT('Ctrl Pts',(27.0563600684969,37.9600305539775,5.));
#10607=CARTESIAN_POINT('Ctrl Pts',(26.8988741289502,37.9540098985539,5.));
#10608=CARTESIAN_POINT('Ctrl Pts',(26.8171907216311,37.9508871585131,5.));
#10609=CARTESIAN_POINT('',(27.2755814343691,38.0399049073458,3.));
#10610=CARTESIAN_POINT('',(27.2755814343691,38.0399049073458,5.));
#10611=CARTESIAN_POINT('Ctrl Pts',(27.2755814343691,38.0399049073458,3.));
#10612=CARTESIAN_POINT('Ctrl Pts',(27.2043497334406,38.0139512963538,3.));
#10613=CARTESIAN_POINT('Ctrl Pts',(27.0563600684969,37.9600305539775,3.));
#10614=CARTESIAN_POINT('Ctrl Pts',(26.8988741289502,37.9540098985539,3.));
#10615=CARTESIAN_POINT('Ctrl Pts',(26.8171907216311,37.9508871585131,3.));
#10616=CARTESIAN_POINT('Ctrl Pts',(27.5856078416109,38.2916102558374,5.));
#10617=CARTESIAN_POINT('Ctrl Pts',(27.5856078416109,38.2916102558374,3.));
#10618=CARTESIAN_POINT('Ctrl Pts',(27.5447608605945,38.2399907594085,5.));
#10619=CARTESIAN_POINT('Ctrl Pts',(27.5447608605945,38.2399907594085,3.));
#10620=CARTESIAN_POINT('Ctrl Pts',(27.4602238911854,38.1331589769379,5.));
#10621=CARTESIAN_POINT('Ctrl Pts',(27.4602238911854,38.1331589769379,3.));
#10622=CARTESIAN_POINT('Ctrl Pts',(27.3384935312744,38.0716787970793,5.));
#10623=CARTESIAN_POINT('Ctrl Pts',(27.3384935312744,38.0716787970793,3.));
#10624=CARTESIAN_POINT('Ctrl Pts',(27.2755814343691,38.0399049073458,5.));
#10625=CARTESIAN_POINT('Ctrl Pts',(27.2755814343691,38.0399049073458,3.));
#10626=CARTESIAN_POINT('',(27.5856078416109,38.2916102558374,5.));
#10627=CARTESIAN_POINT('Ctrl Pts',(27.5856078416109,38.2916102558374,5.));
#10628=CARTESIAN_POINT('Ctrl Pts',(27.5447608605945,38.2399907594085,5.));
#10629=CARTESIAN_POINT('Ctrl Pts',(27.4602238911854,38.1331589769379,5.));
#10630=CARTESIAN_POINT('Ctrl Pts',(27.3384935312744,38.0716787970793,5.));
#10631=CARTESIAN_POINT('Ctrl Pts',(27.2755814343691,38.0399049073458,5.));
#10632=CARTESIAN_POINT('',(27.5856078416109,38.2916102558374,3.));
#10633=CARTESIAN_POINT('',(27.5856078416109,38.2916102558374,5.));
#10634=CARTESIAN_POINT('Ctrl Pts',(27.5856078416109,38.2916102558374,3.));
#10635=CARTESIAN_POINT('Ctrl Pts',(27.5447608605945,38.2399907594085,3.));
#10636=CARTESIAN_POINT('Ctrl Pts',(27.4602238911854,38.1331589769379,3.));
#10637=CARTESIAN_POINT('Ctrl Pts',(27.3384935312744,38.0716787970793,3.));
#10638=CARTESIAN_POINT('Ctrl Pts',(27.2755814343691,38.0399049073458,3.));
#10639=CARTESIAN_POINT('Ctrl Pts',(27.6930428296328,38.6384726315737,5.));
#10640=CARTESIAN_POINT('Ctrl Pts',(27.6930428296328,38.6384726315737,3.));
#10641=CARTESIAN_POINT('Ctrl Pts',(27.6883007736126,38.5775778832494,5.));
#10642=CARTESIAN_POINT('Ctrl Pts',(27.6883007736126,38.5775778832494,3.));
#10643=CARTESIAN_POINT('Ctrl Pts',(27.6786706240962,38.4539130575647,5.));
#10644=CARTESIAN_POINT('Ctrl Pts',(27.6786706240962,38.4539130575647,3.));
#10645=CARTESIAN_POINT('Ctrl Pts',(27.6169408053455,38.3462553853375,5.));
#10646=CARTESIAN_POINT('Ctrl Pts',(27.6169408053455,38.3462553853375,3.));
#10647=CARTESIAN_POINT('Ctrl Pts',(27.5856078416109,38.2916102558374,5.));
#10648=CARTESIAN_POINT('Ctrl Pts',(27.5856078416109,38.2916102558374,3.));
#10649=CARTESIAN_POINT('',(27.6930428296328,38.6384726315737,5.));
#10650=CARTESIAN_POINT('Ctrl Pts',(27.6930428296328,38.6384726315737,5.));
#10651=CARTESIAN_POINT('Ctrl Pts',(27.6883007736126,38.5775778832494,5.));
#10652=CARTESIAN_POINT('Ctrl Pts',(27.6786706240962,38.4539130575647,5.));
#10653=CARTESIAN_POINT('Ctrl Pts',(27.6169408053455,38.3462553853375,5.));
#10654=CARTESIAN_POINT('Ctrl Pts',(27.5856078416109,38.2916102558374,5.));
#10655=CARTESIAN_POINT('',(27.6930428296328,38.6384726315737,3.));
#10656=CARTESIAN_POINT('',(27.6930428296328,38.6384726315737,5.));
#10657=CARTESIAN_POINT('Ctrl Pts',(27.6930428296328,38.6384726315737,3.));
#10658=CARTESIAN_POINT('Ctrl Pts',(27.6883007736126,38.5775778832494,3.));
#10659=CARTESIAN_POINT('Ctrl Pts',(27.6786706240962,38.4539130575647,3.));
#10660=CARTESIAN_POINT('Ctrl Pts',(27.6169408053455,38.3462553853375,3.));
#10661=CARTESIAN_POINT('Ctrl Pts',(27.5856078416109,38.2916102558374,3.));
#10662=CARTESIAN_POINT('Ctrl Pts',(27.6050484925508,38.9536157995462,5.));
#10663=CARTESIAN_POINT('Ctrl Pts',(27.6050484925508,38.9536157995462,3.));
#10664=CARTESIAN_POINT('Ctrl Pts',(27.6306938555583,38.907258598525,5.));
#10665=CARTESIAN_POINT('Ctrl Pts',(27.6306938555583,38.907258598525,3.));
#10666=CARTESIAN_POINT('Ctrl Pts',(27.684850890037,38.8093629854538,5.));
#10667=CARTESIAN_POINT('Ctrl Pts',(27.684850890037,38.8093629854538,3.));
#10668=CARTESIAN_POINT('Ctrl Pts',(27.6902175054937,38.6974111328052,5.));
#10669=CARTESIAN_POINT('Ctrl Pts',(27.6902175054937,38.6974111328052,3.));
#10670=CARTESIAN_POINT('Ctrl Pts',(27.6930428296328,38.6384726315737,5.));
#10671=CARTESIAN_POINT('Ctrl Pts',(27.6930428296328,38.6384726315737,3.));
#10672=CARTESIAN_POINT('',(27.6050484925508,38.9536157995462,5.));
#10673=CARTESIAN_POINT('Ctrl Pts',(27.6050484925508,38.9536157995462,5.));
#10674=CARTESIAN_POINT('Ctrl Pts',(27.6306938555583,38.907258598525,5.));
#10675=CARTESIAN_POINT('Ctrl Pts',(27.684850890037,38.8093629854538,5.));
#10676=CARTESIAN_POINT('Ctrl Pts',(27.6902175054937,38.6974111328052,5.));
#10677=CARTESIAN_POINT('Ctrl Pts',(27.6930428296328,38.6384726315737,5.));
#10678=CARTESIAN_POINT('',(27.6050484925508,38.9536157995462,3.));
#10679=CARTESIAN_POINT('',(27.6050484925508,38.9536157995462,5.));
#10680=CARTESIAN_POINT('Ctrl Pts',(27.6050484925508,38.9536157995462,3.));
#10681=CARTESIAN_POINT('Ctrl Pts',(27.6306938555583,38.907258598525,3.));
#10682=CARTESIAN_POINT('Ctrl Pts',(27.684850890037,38.8093629854538,3.));
#10683=CARTESIAN_POINT('Ctrl Pts',(27.6902175054937,38.6974111328052,3.));
#10684=CARTESIAN_POINT('Ctrl Pts',(27.6930428296328,38.6384726315737,3.));
#10685=CARTESIAN_POINT('Ctrl Pts',(27.3625517636538,39.1469991952181,5.));
#10686=CARTESIAN_POINT('Ctrl Pts',(27.3625517636538,39.1469991952181,3.));
#10687=CARTESIAN_POINT('Ctrl Pts',(27.4109302187341,39.1228139218333,5.));
#10688=CARTESIAN_POINT('Ctrl Pts',(27.4109302187341,39.1228139218333,3.));
#10689=CARTESIAN_POINT('Ctrl Pts',(27.505541072767,39.0755162277224,5.));
#10690=CARTESIAN_POINT('Ctrl Pts',(27.505541072767,39.0755162277224,3.));
#10691=CARTESIAN_POINT('Ctrl Pts',(27.5723847572801,38.9936301354017,5.));
#10692=CARTESIAN_POINT('Ctrl Pts',(27.5723847572801,38.9936301354017,3.));
#10693=CARTESIAN_POINT('Ctrl Pts',(27.6050484925508,38.9536157995462,5.));
#10694=CARTESIAN_POINT('Ctrl Pts',(27.6050484925508,38.9536157995462,3.));
#10695=CARTESIAN_POINT('',(27.3625517636538,39.1469991952181,5.));
#10696=CARTESIAN_POINT('Ctrl Pts',(27.3625517636538,39.1469991952181,5.));
#10697=CARTESIAN_POINT('Ctrl Pts',(27.4109302187341,39.1228139218333,5.));
#10698=CARTESIAN_POINT('Ctrl Pts',(27.505541072767,39.0755162277224,5.));
#10699=CARTESIAN_POINT('Ctrl Pts',(27.5723847572801,38.9936301354017,5.));
#10700=CARTESIAN_POINT('Ctrl Pts',(27.6050484925508,38.9536157995462,5.));
#10701=CARTESIAN_POINT('',(27.3625517636538,39.1469991952181,3.));
#10702=CARTESIAN_POINT('',(27.3625517636538,39.1469991952181,5.));
#10703=CARTESIAN_POINT('Ctrl Pts',(27.3625517636538,39.1469991952181,3.));
#10704=CARTESIAN_POINT('Ctrl Pts',(27.4109302187341,39.1228139218333,3.));
#10705=CARTESIAN_POINT('Ctrl Pts',(27.505541072767,39.0755162277224,3.));
#10706=CARTESIAN_POINT('Ctrl Pts',(27.5723847572801,38.9936301354017,3.));
#10707=CARTESIAN_POINT('Ctrl Pts',(27.6050484925508,38.9536157995462,3.));
#10708=CARTESIAN_POINT('Ctrl Pts',(26.8171907216311,39.3178723007441,5.));
#10709=CARTESIAN_POINT('Ctrl Pts',(26.8171907216311,39.3178723007441,3.));
#10710=CARTESIAN_POINT('Ctrl Pts',(26.9284494773781,39.2883249424679,5.));
#10711=CARTESIAN_POINT('Ctrl Pts',(26.9284494773781,39.2883249424679,3.));
#10712=CARTESIAN_POINT('Ctrl Pts',(27.112800301123,39.2393662802833,5.));
#10713=CARTESIAN_POINT('Ctrl Pts',(27.112800301123,39.2393662802833,3.));
#10714=CARTESIAN_POINT('Ctrl Pts',(27.2916434128413,39.1732236569488,5.));
#10715=CARTESIAN_POINT('Ctrl Pts',(27.2916434128413,39.1732236569488,3.));
#10716=CARTESIAN_POINT('Ctrl Pts',(27.3625517636538,39.1469991952181,5.));
#10717=CARTESIAN_POINT('Ctrl Pts',(27.3625517636538,39.1469991952181,3.));
#10718=CARTESIAN_POINT('',(26.8171907216311,39.3178723007441,5.));
#10719=CARTESIAN_POINT('Ctrl Pts',(26.8171907216311,39.3178723007441,5.));
#10720=CARTESIAN_POINT('Ctrl Pts',(26.9284494773781,39.2883249424679,5.));
#10721=CARTESIAN_POINT('Ctrl Pts',(27.112800301123,39.2393662802833,5.));
#10722=CARTESIAN_POINT('Ctrl Pts',(27.2916434128413,39.1732236569488,5.));
#10723=CARTESIAN_POINT('Ctrl Pts',(27.3625517636538,39.1469991952181,5.));
#10724=CARTESIAN_POINT('',(26.8171907216311,39.3178723007441,3.));
#10725=CARTESIAN_POINT('',(26.8171907216311,39.3178723007441,5.));
#10726=CARTESIAN_POINT('Ctrl Pts',(26.8171907216311,39.3178723007441,3.));
#10727=CARTESIAN_POINT('Ctrl Pts',(26.9284494773781,39.2883249424679,3.));
#10728=CARTESIAN_POINT('Ctrl Pts',(27.112800301123,39.2393662802833,3.));
#10729=CARTESIAN_POINT('Ctrl Pts',(27.2916434128413,39.1732236569488,3.));
#10730=CARTESIAN_POINT('Ctrl Pts',(27.3625517636538,39.1469991952181,3.));
#10731=CARTESIAN_POINT('Ctrl Pts',(26.4918149262667,39.4120060652494,5.));
#10732=CARTESIAN_POINT('Ctrl Pts',(26.4918149262667,39.4120060652494,3.));
#10733=CARTESIAN_POINT('Ctrl Pts',(26.5280869899683,39.400576330082,5.));
#10734=CARTESIAN_POINT('Ctrl Pts',(26.5280869899683,39.400576330082,3.));
#10735=CARTESIAN_POINT('Ctrl Pts',(26.635791755111,39.3666373473988,5.));
#10736=CARTESIAN_POINT('Ctrl Pts',(26.635791755111,39.3666373473988,3.));
#10737=CARTESIAN_POINT('Ctrl Pts',(26.7448562264288,39.3373178086262,5.));
#10738=CARTESIAN_POINT('Ctrl Pts',(26.7448562264288,39.3373178086262,3.));
#10739=CARTESIAN_POINT('Ctrl Pts',(26.8171907216311,39.3178723007441,5.));
#10740=CARTESIAN_POINT('Ctrl Pts',(26.8171907216311,39.3178723007441,3.));
#10741=CARTESIAN_POINT('',(26.4918149262667,39.4120060652494,5.));
#10742=CARTESIAN_POINT('Ctrl Pts',(26.4918149262667,39.4120060652494,5.));
#10743=CARTESIAN_POINT('Ctrl Pts',(26.5280869899683,39.400576330082,5.));
#10744=CARTESIAN_POINT('Ctrl Pts',(26.635791755111,39.3666373473988,5.));
#10745=CARTESIAN_POINT('Ctrl Pts',(26.7448562264288,39.3373178086262,5.));
#10746=CARTESIAN_POINT('Ctrl Pts',(26.8171907216311,39.3178723007441,5.));
#10747=CARTESIAN_POINT('',(26.4918149262667,39.4120060652494,3.));
#10748=CARTESIAN_POINT('',(26.4918149262667,39.4120060652494,5.));
#10749=CARTESIAN_POINT('Ctrl Pts',(26.4918149262667,39.4120060652494,3.));
#10750=CARTESIAN_POINT('Ctrl Pts',(26.5280869899683,39.400576330082,3.));
#10751=CARTESIAN_POINT('Ctrl Pts',(26.635791755111,39.3666373473988,3.));
#10752=CARTESIAN_POINT('Ctrl Pts',(26.7448562264288,39.3373178086262,3.));
#10753=CARTESIAN_POINT('Ctrl Pts',(26.8171907216311,39.3178723007441,3.));
#10754=CARTESIAN_POINT('Ctrl Pts',(26.3506150990725,39.5102324336767,5.));
#10755=CARTESIAN_POINT('Ctrl Pts',(26.3506150990725,39.5102324336767,3.));
#10756=CARTESIAN_POINT('Ctrl Pts',(26.3689489773117,39.490843654222,5.));
#10757=CARTESIAN_POINT('Ctrl Pts',(26.3689489773117,39.490843654222,3.));
#10758=CARTESIAN_POINT('Ctrl Pts',(26.4090913258632,39.4483915809234,5.));
#10759=CARTESIAN_POINT('Ctrl Pts',(26.4090913258632,39.4483915809234,3.));
#10760=CARTESIAN_POINT('Ctrl Pts',(26.4626938393043,39.4248148134295,5.));
#10761=CARTESIAN_POINT('Ctrl Pts',(26.4626938393043,39.4248148134295,3.));
#10762=CARTESIAN_POINT('Ctrl Pts',(26.4918149262667,39.4120060652494,5.));
#10763=CARTESIAN_POINT('Ctrl Pts',(26.4918149262667,39.4120060652494,3.));
#10764=CARTESIAN_POINT('',(26.3506150990725,39.5102324336767,5.));
#10765=CARTESIAN_POINT('Ctrl Pts',(26.3506150990725,39.5102324336767,5.));
#10766=CARTESIAN_POINT('Ctrl Pts',(26.3689489773117,39.490843654222,5.));
#10767=CARTESIAN_POINT('Ctrl Pts',(26.4090913258632,39.4483915809234,5.));
#10768=CARTESIAN_POINT('Ctrl Pts',(26.4626938393043,39.4248148134295,5.));
#10769=CARTESIAN_POINT('Ctrl Pts',(26.4918149262667,39.4120060652494,5.));
#10770=CARTESIAN_POINT('',(26.3506150990725,39.5102324336767,3.));
#10771=CARTESIAN_POINT('',(26.3506150990725,39.5102324336767,5.));
#10772=CARTESIAN_POINT('Ctrl Pts',(26.3506150990725,39.5102324336767,3.));
#10773=CARTESIAN_POINT('Ctrl Pts',(26.3689489773117,39.490843654222,3.));
#10774=CARTESIAN_POINT('Ctrl Pts',(26.4090913258632,39.4483915809234,3.));
#10775=CARTESIAN_POINT('Ctrl Pts',(26.4626938393043,39.4248148134295,3.));
#10776=CARTESIAN_POINT('Ctrl Pts',(26.4918149262667,39.4120060652494,3.));
#10777=CARTESIAN_POINT('Ctrl Pts',(26.3055945187807,39.6391547471285,5.));
#10778=CARTESIAN_POINT('Ctrl Pts',(26.3055945187807,39.6391547471285,3.));
#10779=CARTESIAN_POINT('Ctrl Pts',(26.307505574979,39.615832769981,5.));
#10780=CARTESIAN_POINT('Ctrl Pts',(26.307505574979,39.615832769981,3.));
#10781=CARTESIAN_POINT('Ctrl Pts',(26.3113456750832,39.5689692989035,5.));
#10782=CARTESIAN_POINT('Ctrl Pts',(26.3113456750832,39.5689692989035,3.));
#10783=CARTESIAN_POINT('Ctrl Pts',(26.3374844781513,39.529872434294,5.));
#10784=CARTESIAN_POINT('Ctrl Pts',(26.3374844781513,39.529872434294,3.));
#10785=CARTESIAN_POINT('Ctrl Pts',(26.3506150990725,39.5102324336767,5.));
#10786=CARTESIAN_POINT('Ctrl Pts',(26.3506150990725,39.5102324336767,3.));
#10787=CARTESIAN_POINT('',(26.3055945187807,39.6391547471285,5.));
#10788=CARTESIAN_POINT('Ctrl Pts',(26.3055945187807,39.6391547471285,5.));
#10789=CARTESIAN_POINT('Ctrl Pts',(26.307505574979,39.615832769981,5.));
#10790=CARTESIAN_POINT('Ctrl Pts',(26.3113456750832,39.5689692989035,5.));
#10791=CARTESIAN_POINT('Ctrl Pts',(26.3374844781513,39.529872434294,5.));
#10792=CARTESIAN_POINT('Ctrl Pts',(26.3506150990725,39.5102324336767,5.));
#10793=CARTESIAN_POINT('',(26.3055945187807,39.6391547471285,3.));
#10794=CARTESIAN_POINT('',(26.3055945187807,39.6391547471285,5.));
#10795=CARTESIAN_POINT('Ctrl Pts',(26.3055945187807,39.6391547471285,3.));
#10796=CARTESIAN_POINT('Ctrl Pts',(26.307505574979,39.615832769981,3.));
#10797=CARTESIAN_POINT('Ctrl Pts',(26.3113456750832,39.5689692989035,3.));
#10798=CARTESIAN_POINT('Ctrl Pts',(26.3374844781513,39.529872434294,3.));
#10799=CARTESIAN_POINT('Ctrl Pts',(26.3506150990725,39.5102324336767,3.));
#10800=CARTESIAN_POINT('Ctrl Pts',(26.4140523225069,39.8356076329947,5.));
#10801=CARTESIAN_POINT('Ctrl Pts',(26.4140523225069,39.8356076329947,3.));
#10802=CARTESIAN_POINT('Ctrl Pts',(26.3824503729585,39.8076490252705,5.));
#10803=CARTESIAN_POINT('Ctrl Pts',(26.3824503729585,39.8076490252705,3.));
#10804=CARTESIAN_POINT('Ctrl Pts',(26.3226843934424,39.7547733767609,5.));
#10805=CARTESIAN_POINT('Ctrl Pts',(26.3226843934424,39.7547733767609,3.));
#10806=CARTESIAN_POINT('Ctrl Pts',(26.3110684149504,39.6761874572227,5.));
#10807=CARTESIAN_POINT('Ctrl Pts',(26.3110684149504,39.6761874572227,3.));
#10808=CARTESIAN_POINT('Ctrl Pts',(26.3055945187807,39.6391547471285,5.));
#10809=CARTESIAN_POINT('Ctrl Pts',(26.3055945187807,39.6391547471285,3.));
#10810=CARTESIAN_POINT('',(26.4140523225069,39.8356076329947,5.));
#10811=CARTESIAN_POINT('Ctrl Pts',(26.4140523225069,39.8356076329947,5.));
#10812=CARTESIAN_POINT('Ctrl Pts',(26.3824503729585,39.8076490252705,5.));
#10813=CARTESIAN_POINT('Ctrl Pts',(26.3226843934424,39.7547733767609,5.));
#10814=CARTESIAN_POINT('Ctrl Pts',(26.3110684149504,39.6761874572227,5.));
#10815=CARTESIAN_POINT('Ctrl Pts',(26.3055945187807,39.6391547471285,5.));
#10816=CARTESIAN_POINT('',(26.4140523225069,39.8356076329947,3.));
#10817=CARTESIAN_POINT('',(26.4140523225069,39.8356076329947,5.));
#10818=CARTESIAN_POINT('Ctrl Pts',(26.4140523225069,39.8356076329947,3.));
#10819=CARTESIAN_POINT('Ctrl Pts',(26.3824503729585,39.8076490252705,3.));
#10820=CARTESIAN_POINT('Ctrl Pts',(26.3226843934424,39.7547733767609,3.));
#10821=CARTESIAN_POINT('Ctrl Pts',(26.3110684149504,39.6761874572227,3.));
#10822=CARTESIAN_POINT('Ctrl Pts',(26.3055945187807,39.6391547471285,3.));
#10823=CARTESIAN_POINT('Ctrl Pts',(26.7762625962496,39.9195095151663,5.));
#10824=CARTESIAN_POINT('Ctrl Pts',(26.7762625962496,39.9195095151663,3.));
#10825=CARTESIAN_POINT('Ctrl Pts',(26.7021327010091,39.9189122275113,5.));
#10826=CARTESIAN_POINT('Ctrl Pts',(26.7021327010091,39.9189122275113,3.));
#10827=CARTESIAN_POINT('Ctrl Pts',(26.5744288483506,39.9178832777949,5.));
#10828=CARTESIAN_POINT('Ctrl Pts',(26.5744288483506,39.9178832777949,3.));
#10829=CARTESIAN_POINT('Ctrl Pts',(26.4614492166043,39.859922974675,5.));
#10830=CARTESIAN_POINT('Ctrl Pts',(26.4614492166043,39.859922974675,3.));
#10831=CARTESIAN_POINT('Ctrl Pts',(26.4140523225069,39.8356076329947,5.));
#10832=CARTESIAN_POINT('Ctrl Pts',(26.4140523225069,39.8356076329947,3.));
#10833=CARTESIAN_POINT('',(26.7762625962496,39.9195095151663,5.));
#10834=CARTESIAN_POINT('Ctrl Pts',(26.7762625962496,39.9195095151663,5.));
#10835=CARTESIAN_POINT('Ctrl Pts',(26.7021327010091,39.9189122275113,5.));
#10836=CARTESIAN_POINT('Ctrl Pts',(26.5744288483506,39.9178832777949,5.));
#10837=CARTESIAN_POINT('Ctrl Pts',(26.4614492166043,39.859922974675,5.));
#10838=CARTESIAN_POINT('Ctrl Pts',(26.4140523225069,39.8356076329947,5.));
#10839=CARTESIAN_POINT('',(26.7762625962496,39.9195095151663,3.));
#10840=CARTESIAN_POINT('',(26.7762625962496,39.9195095151663,5.));
#10841=CARTESIAN_POINT('Ctrl Pts',(26.7762625962496,39.9195095151663,3.));
#10842=CARTESIAN_POINT('Ctrl Pts',(26.7021327010091,39.9189122275113,3.));
#10843=CARTESIAN_POINT('Ctrl Pts',(26.5744288483506,39.9178832777949,3.));
#10844=CARTESIAN_POINT('Ctrl Pts',(26.4614492166043,39.859922974675,3.));
#10845=CARTESIAN_POINT('Ctrl Pts',(26.4140523225069,39.8356076329947,3.));
#10846=CARTESIAN_POINT('Ctrl Pts',(27.1088004857302,39.8253757506609,5.));
#10847=CARTESIAN_POINT('Ctrl Pts',(27.1088004857302,39.8253757506609,3.));
#10848=CARTESIAN_POINT('Ctrl Pts',(27.0626380904012,39.8527661284489,5.));
#10849=CARTESIAN_POINT('Ctrl Pts',(27.0626380904012,39.8527661284489,3.));
#10850=CARTESIAN_POINT('Ctrl Pts',(26.9605701790854,39.913327947892,5.));
#10851=CARTESIAN_POINT('Ctrl Pts',(26.9605701790854,39.913327947892,3.));
#10852=CARTESIAN_POINT('Ctrl Pts',(26.8414875565145,39.9173219085923,5.));
#10853=CARTESIAN_POINT('Ctrl Pts',(26.8414875565145,39.9173219085923,3.));
#10854=CARTESIAN_POINT('Ctrl Pts',(26.7762625962496,39.9195095151663,5.));
#10855=CARTESIAN_POINT('Ctrl Pts',(26.7762625962496,39.9195095151663,3.));
#10856=CARTESIAN_POINT('',(27.1088004857302,39.8253757506609,5.));
#10857=CARTESIAN_POINT('Ctrl Pts',(27.1088004857302,39.8253757506609,5.));
#10858=CARTESIAN_POINT('Ctrl Pts',(27.0626380904012,39.8527661284489,5.));
#10859=CARTESIAN_POINT('Ctrl Pts',(26.9605701790854,39.913327947892,5.));
#10860=CARTESIAN_POINT('Ctrl Pts',(26.8414875565145,39.9173219085923,5.));
#10861=CARTESIAN_POINT('Ctrl Pts',(26.7762625962496,39.9195095151663,5.));
#10862=CARTESIAN_POINT('',(27.1088004857302,39.8253757506609,3.));
#10863=CARTESIAN_POINT('',(27.1088004857302,39.8253757506609,5.));
#10864=CARTESIAN_POINT('Ctrl Pts',(27.1088004857302,39.8253757506609,3.));
#10865=CARTESIAN_POINT('Ctrl Pts',(27.0626380904012,39.8527661284489,3.));
#10866=CARTESIAN_POINT('Ctrl Pts',(26.9605701790854,39.913327947892,3.));
#10867=CARTESIAN_POINT('Ctrl Pts',(26.8414875565145,39.9173219085923,3.));
#10868=CARTESIAN_POINT('Ctrl Pts',(26.7762625962496,39.9195095151663,3.));
#10869=CARTESIAN_POINT('Ctrl Pts',(27.2510243207216,39.5634385198355,5.));
#10870=CARTESIAN_POINT('Ctrl Pts',(27.2510243207216,39.5634385198355,3.));
#10871=CARTESIAN_POINT('Ctrl Pts',(27.2396377887543,39.6157469658435,5.));
#10872=CARTESIAN_POINT('Ctrl Pts',(27.2396377887543,39.6157469658435,3.));
#10873=CARTESIAN_POINT('Ctrl Pts',(27.2175881482878,39.7170405318869,5.));
#10874=CARTESIAN_POINT('Ctrl Pts',(27.2175881482878,39.7170405318869,3.));
#10875=CARTESIAN_POINT('Ctrl Pts',(27.1442611145645,39.7900626012438,5.));
#10876=CARTESIAN_POINT('Ctrl Pts',(27.1442611145645,39.7900626012438,3.));
#10877=CARTESIAN_POINT('Ctrl Pts',(27.1088004857302,39.8253757506609,5.));
#10878=CARTESIAN_POINT('Ctrl Pts',(27.1088004857302,39.8253757506609,3.));
#10879=CARTESIAN_POINT('',(27.2510243207216,39.5634385198355,5.));
#10880=CARTESIAN_POINT('Ctrl Pts',(27.2510243207216,39.5634385198355,5.));
#10881=CARTESIAN_POINT('Ctrl Pts',(27.2396377887543,39.6157469658435,5.));
#10882=CARTESIAN_POINT('Ctrl Pts',(27.2175881482878,39.7170405318869,5.));
#10883=CARTESIAN_POINT('Ctrl Pts',(27.1442611145645,39.7900626012438,5.));
#10884=CARTESIAN_POINT('Ctrl Pts',(27.1088004857302,39.8253757506609,5.));
#10885=CARTESIAN_POINT('',(27.2510243207216,39.5634385198355,3.));
#10886=CARTESIAN_POINT('',(27.2510243207216,39.5634385198355,5.));
#10887=CARTESIAN_POINT('Ctrl Pts',(27.2510243207216,39.5634385198355,3.));
#10888=CARTESIAN_POINT('Ctrl Pts',(27.2396377887543,39.6157469658435,3.));
#10889=CARTESIAN_POINT('Ctrl Pts',(27.2175881482878,39.7170405318869,3.));
#10890=CARTESIAN_POINT('Ctrl Pts',(27.1442611145645,39.7900626012438,3.));
#10891=CARTESIAN_POINT('Ctrl Pts',(27.1088004857302,39.8253757506609,3.));
#10892=CARTESIAN_POINT('Origin',(27.6111877709627,39.6125517040491,5.));
#10893=CARTESIAN_POINT('',(27.6111877709627,39.6125517040491,5.));
#10894=CARTESIAN_POINT('',(33.7784936594887,40.4535477296099,5.));
#10895=CARTESIAN_POINT('',(27.6111877709627,39.6125517040491,3.));
#10896=CARTESIAN_POINT('',(27.6111877709627,39.6125517040491,5.));
#10897=CARTESIAN_POINT('',(27.6111877709627,39.6125517040491,3.));
#10898=CARTESIAN_POINT('Ctrl Pts',(27.4843121320009,39.94918204844,5.));
#10899=CARTESIAN_POINT('Ctrl Pts',(27.4843121320009,39.94918204844,3.));
#10900=CARTESIAN_POINT('Ctrl Pts',(27.5129916333097,39.9012238184037,5.));
#10901=CARTESIAN_POINT('Ctrl Pts',(27.5129916333097,39.9012238184037,3.));
#10902=CARTESIAN_POINT('Ctrl Pts',(27.5754238251403,39.7968239062418,5.));
#10903=CARTESIAN_POINT('Ctrl Pts',(27.5754238251403,39.7968239062418,3.));
#10904=CARTESIAN_POINT('Ctrl Pts',(27.5986376761281,39.6772155312564,5.));
#10905=CARTESIAN_POINT('Ctrl Pts',(27.5986376761281,39.6772155312564,3.));
#10906=CARTESIAN_POINT('Ctrl Pts',(27.6111877709627,39.6125517040491,5.));
#10907=CARTESIAN_POINT('Ctrl Pts',(27.6111877709627,39.6125517040491,3.));
#10908=CARTESIAN_POINT('',(27.4843121320009,39.94918204844,5.));
#10909=CARTESIAN_POINT('Ctrl Pts',(27.4843121320009,39.94918204844,5.));
#10910=CARTESIAN_POINT('Ctrl Pts',(27.5129916333097,39.9012238184037,5.));
#10911=CARTESIAN_POINT('Ctrl Pts',(27.5754238251403,39.7968239062418,5.));
#10912=CARTESIAN_POINT('Ctrl Pts',(27.5986376761281,39.6772155312564,5.));
#10913=CARTESIAN_POINT('Ctrl Pts',(27.6111877709627,39.6125517040491,5.));
#10914=CARTESIAN_POINT('',(27.4843121320009,39.94918204844,3.));
#10915=CARTESIAN_POINT('',(27.4843121320009,39.94918204844,5.));
#10916=CARTESIAN_POINT('Ctrl Pts',(27.4843121320009,39.94918204844,3.));
#10917=CARTESIAN_POINT('Ctrl Pts',(27.5129916333097,39.9012238184037,3.));
#10918=CARTESIAN_POINT('Ctrl Pts',(27.5754238251403,39.7968239062418,3.));
#10919=CARTESIAN_POINT('Ctrl Pts',(27.5986376761281,39.6772155312564,3.));
#10920=CARTESIAN_POINT('Ctrl Pts',(27.6111877709627,39.6125517040491,3.));
#10921=CARTESIAN_POINT('Ctrl Pts',(27.1988416463137,40.1487045735121,5.));
#10922=CARTESIAN_POINT('Ctrl Pts',(27.1988416463137,40.1487045735121,3.));
#10923=CARTESIAN_POINT('Ctrl Pts',(27.2576992937942,40.1237673252752,5.));
#10924=CARTESIAN_POINT('Ctrl Pts',(27.2576992937942,40.1237673252752,3.));
#10925=CARTESIAN_POINT('Ctrl Pts',(27.3672321529835,40.0773596243796,5.));
#10926=CARTESIAN_POINT('Ctrl Pts',(27.3672321529835,40.0773596243796,3.));
#10927=CARTESIAN_POINT('Ctrl Pts',(27.4472787123342,39.9897257349137,5.));
#10928=CARTESIAN_POINT('Ctrl Pts',(27.4472787123342,39.9897257349137,3.));
#10929=CARTESIAN_POINT('Ctrl Pts',(27.4843121320009,39.94918204844,5.));
#10930=CARTESIAN_POINT('Ctrl Pts',(27.4843121320009,39.94918204844,3.));
#10931=CARTESIAN_POINT('',(27.1988416463137,40.1487045735121,5.));
#10932=CARTESIAN_POINT('Ctrl Pts',(27.1988416463137,40.1487045735121,5.));
#10933=CARTESIAN_POINT('Ctrl Pts',(27.2576992937942,40.1237673252752,5.));
#10934=CARTESIAN_POINT('Ctrl Pts',(27.3672321529835,40.0773596243796,5.));
#10935=CARTESIAN_POINT('Ctrl Pts',(27.4472787123342,39.9897257349137,5.));
#10936=CARTESIAN_POINT('Ctrl Pts',(27.4843121320009,39.94918204844,5.));
#10937=CARTESIAN_POINT('',(27.1988416463137,40.1487045735121,3.));
#10938=CARTESIAN_POINT('',(27.1988416463137,40.1487045735121,5.));
#10939=CARTESIAN_POINT('Ctrl Pts',(27.1988416463137,40.1487045735121,3.));
#10940=CARTESIAN_POINT('Ctrl Pts',(27.2576992937942,40.1237673252752,3.));
#10941=CARTESIAN_POINT('Ctrl Pts',(27.3672321529835,40.0773596243796,3.));
#10942=CARTESIAN_POINT('Ctrl Pts',(27.4472787123342,39.9897257349137,3.));
#10943=CARTESIAN_POINT('Ctrl Pts',(27.4843121320009,39.94918204844,3.));
#10944=CARTESIAN_POINT('Ctrl Pts',(26.7496598511934,40.2223744243383,5.));
#10945=CARTESIAN_POINT('Ctrl Pts',(26.7496598511934,40.2223744243383,3.));
#10946=CARTESIAN_POINT('Ctrl Pts',(26.8303653603965,40.2200262134078,5.));
#10947=CARTESIAN_POINT('Ctrl Pts',(26.8303653603965,40.2200262134078,3.));
#10948=CARTESIAN_POINT('Ctrl Pts',(26.9834913753033,40.2155708523611,5.));
#10949=CARTESIAN_POINT('Ctrl Pts',(26.9834913753033,40.2155708523611,3.));
#10950=CARTESIAN_POINT('Ctrl Pts',(27.1296950441502,40.1701745998094,5.));
#10951=CARTESIAN_POINT('Ctrl Pts',(27.1296950441502,40.1701745998094,3.));
#10952=CARTESIAN_POINT('Ctrl Pts',(27.1988416463137,40.1487045735121,5.));
#10953=CARTESIAN_POINT('Ctrl Pts',(27.1988416463137,40.1487045735121,3.));
#10954=CARTESIAN_POINT('',(26.7496598511934,40.2223744243383,5.));
#10955=CARTESIAN_POINT('Ctrl Pts',(26.7496598511934,40.2223744243383,5.));
#10956=CARTESIAN_POINT('Ctrl Pts',(26.8303653603965,40.2200262134078,5.));
#10957=CARTESIAN_POINT('Ctrl Pts',(26.9834913753033,40.2155708523611,5.));
#10958=CARTESIAN_POINT('Ctrl Pts',(27.1296950441502,40.1701745998094,5.));
#10959=CARTESIAN_POINT('Ctrl Pts',(27.1988416463137,40.1487045735121,5.));
#10960=CARTESIAN_POINT('',(26.7496598511934,40.2223744243383,3.));
#10961=CARTESIAN_POINT('',(26.7496598511934,40.2223744243383,5.));
#10962=CARTESIAN_POINT('Ctrl Pts',(26.7496598511934,40.2223744243383,3.));
#10963=CARTESIAN_POINT('Ctrl Pts',(26.8303653603965,40.2200262134078,3.));
#10964=CARTESIAN_POINT('Ctrl Pts',(26.9834913753033,40.2155708523611,3.));
#10965=CARTESIAN_POINT('Ctrl Pts',(27.1296950441502,40.1701745998094,3.));
#10966=CARTESIAN_POINT('Ctrl Pts',(27.1988416463137,40.1487045735121,3.));
#10967=CARTESIAN_POINT('Ctrl Pts',(26.4314473420382,40.1783771067858,5.));
#10968=CARTESIAN_POINT('Ctrl Pts',(26.4314473420382,40.1783771067858,3.));
#10969=CARTESIAN_POINT('Ctrl Pts',(26.4824358485597,40.1912076770088,5.));
#10970=CARTESIAN_POINT('Ctrl Pts',(26.4824358485597,40.1912076770088,3.));
#10971=CARTESIAN_POINT('Ctrl Pts',(26.5868803050595,40.2174897163339,5.));
#10972=CARTESIAN_POINT('Ctrl Pts',(26.5868803050595,40.2174897163339,3.));
#10973=CARTESIAN_POINT('Ctrl Pts',(26.6945521065732,40.2207207445755,5.));
#10974=CARTESIAN_POINT('Ctrl Pts',(26.6945521065732,40.2207207445755,3.));
#10975=CARTESIAN_POINT('Ctrl Pts',(26.7496598511934,40.2223744243383,5.));
#10976=CARTESIAN_POINT('Ctrl Pts',(26.7496598511934,40.2223744243383,3.));
#10977=CARTESIAN_POINT('',(26.4314473420382,40.1783771067858,5.));
#10978=CARTESIAN_POINT('Ctrl Pts',(26.4314473420382,40.1783771067858,5.));
#10979=CARTESIAN_POINT('Ctrl Pts',(26.4824358485597,40.1912076770088,5.));
#10980=CARTESIAN_POINT('Ctrl Pts',(26.5868803050595,40.2174897163339,5.));
#10981=CARTESIAN_POINT('Ctrl Pts',(26.6945521065732,40.2207207445755,5.));
#10982=CARTESIAN_POINT('Ctrl Pts',(26.7496598511934,40.2223744243383,5.));
#10983=CARTESIAN_POINT('',(26.4314473420382,40.1783771067858,3.));
#10984=CARTESIAN_POINT('',(26.4314473420382,40.1783771067858,5.));
#10985=CARTESIAN_POINT('Ctrl Pts',(26.4314473420382,40.1783771067858,3.));
#10986=CARTESIAN_POINT('Ctrl Pts',(26.4824358485597,40.1912076770088,3.));
#10987=CARTESIAN_POINT('Ctrl Pts',(26.5868803050595,40.2174897163339,3.));
#10988=CARTESIAN_POINT('Ctrl Pts',(26.6945521065732,40.2207207445755,3.));
#10989=CARTESIAN_POINT('Ctrl Pts',(26.7496598511934,40.2223744243383,3.));
#10990=CARTESIAN_POINT('Ctrl Pts',(26.1971355229616,40.0709419697523,5.));
#10991=CARTESIAN_POINT('Ctrl Pts',(26.1971355229616,40.0709419697523,3.));
#10992=CARTESIAN_POINT('Ctrl Pts',(26.2303464965779,40.0918340280379,5.));
#10993=CARTESIAN_POINT('Ctrl Pts',(26.2303464965779,40.0918340280379,3.));
#10994=CARTESIAN_POINT('Ctrl Pts',(26.3036321686562,40.1379359144278,5.));
#10995=CARTESIAN_POINT('Ctrl Pts',(26.3036321686562,40.1379359144278,3.));
#10996=CARTESIAN_POINT('Ctrl Pts',(26.3862626402968,40.1640805004721,5.));
#10997=CARTESIAN_POINT('Ctrl Pts',(26.3862626402968,40.1640805004721,3.));
#10998=CARTESIAN_POINT('Ctrl Pts',(26.4314473420382,40.1783771067858,5.));
#10999=CARTESIAN_POINT('Ctrl Pts',(26.4314473420382,40.1783771067858,3.));
#11000=CARTESIAN_POINT('',(26.1971355229616,40.0709419697523,5.));
#11001=CARTESIAN_POINT('Ctrl Pts',(26.1971355229616,40.0709419697523,5.));
#11002=CARTESIAN_POINT('Ctrl Pts',(26.2303464965779,40.0918340280379,5.));
#11003=CARTESIAN_POINT('Ctrl Pts',(26.3036321686562,40.1379359144278,5.));
#11004=CARTESIAN_POINT('Ctrl Pts',(26.3862626402968,40.1640805004721,5.));
#11005=CARTESIAN_POINT('Ctrl Pts',(26.4314473420382,40.1783771067858,5.));
#11006=CARTESIAN_POINT('',(26.1971355229616,40.0709419697523,3.));
#11007=CARTESIAN_POINT('',(26.1971355229616,40.0709419697523,5.));
#11008=CARTESIAN_POINT('Ctrl Pts',(26.1971355229616,40.0709419697523,3.));
#11009=CARTESIAN_POINT('Ctrl Pts',(26.2303464965779,40.0918340280379,3.));
#11010=CARTESIAN_POINT('Ctrl Pts',(26.3036321686562,40.1379359144278,3.));
#11011=CARTESIAN_POINT('Ctrl Pts',(26.3862626402968,40.1640805004721,3.));
#11012=CARTESIAN_POINT('Ctrl Pts',(26.4314473420382,40.1783771067858,3.));
#11013=CARTESIAN_POINT('Ctrl Pts',(26.0160303860903,39.86528031528,5.));
#11014=CARTESIAN_POINT('Ctrl Pts',(26.0160303860903,39.86528031528,3.));
#11015=CARTESIAN_POINT('Ctrl Pts',(26.04021365912,39.9048084178032,5.));
#11016=CARTESIAN_POINT('Ctrl Pts',(26.04021365912,39.9048084178032,3.));
#11017=CARTESIAN_POINT('Ctrl Pts',(26.0886061040686,39.9839069551654,5.));
#11018=CARTESIAN_POINT('Ctrl Pts',(26.0886061040686,39.9839069551654,3.));
#11019=CARTESIAN_POINT('Ctrl Pts',(26.1609461449064,40.0419199490039,5.));
#11020=CARTESIAN_POINT('Ctrl Pts',(26.1609461449064,40.0419199490039,3.));
#11021=CARTESIAN_POINT('Ctrl Pts',(26.1971355229616,40.0709419697523,5.));
#11022=CARTESIAN_POINT('Ctrl Pts',(26.1971355229616,40.0709419697523,3.));
#11023=CARTESIAN_POINT('',(26.0160303860903,39.86528031528,5.));
#11024=CARTESIAN_POINT('Ctrl Pts',(26.0160303860903,39.86528031528,5.));
#11025=CARTESIAN_POINT('Ctrl Pts',(26.04021365912,39.9048084178032,5.));
#11026=CARTESIAN_POINT('Ctrl Pts',(26.0886061040686,39.9839069551654,5.));
#11027=CARTESIAN_POINT('Ctrl Pts',(26.1609461449064,40.0419199490039,5.));
#11028=CARTESIAN_POINT('Ctrl Pts',(26.1971355229616,40.0709419697523,5.));
#11029=CARTESIAN_POINT('',(26.0160303860903,39.86528031528,3.));
#11030=CARTESIAN_POINT('',(26.0160303860903,39.86528031528,5.));
#11031=CARTESIAN_POINT('Ctrl Pts',(26.0160303860903,39.86528031528,3.));
#11032=CARTESIAN_POINT('Ctrl Pts',(26.04021365912,39.9048084178032,3.));
#11033=CARTESIAN_POINT('Ctrl Pts',(26.0886061040686,39.9839069551654,3.));
#11034=CARTESIAN_POINT('Ctrl Pts',(26.1609461449064,40.0419199490039,3.));
#11035=CARTESIAN_POINT('Ctrl Pts',(26.1971355229616,40.0709419697523,3.));
#11036=CARTESIAN_POINT('Ctrl Pts',(25.9495235234499,39.5961806923151,5.));
#11037=CARTESIAN_POINT('Ctrl Pts',(25.9495235234499,39.5961806923151,3.));
#11038=CARTESIAN_POINT('Ctrl Pts',(25.9521965841943,39.6435336176519,5.));
#11039=CARTESIAN_POINT('Ctrl Pts',(25.9521965841943,39.6435336176519,3.));
#11040=CARTESIAN_POINT('Ctrl Pts',(25.9574965705114,39.737422189726,5.));
#11041=CARTESIAN_POINT('Ctrl Pts',(25.9574965705114,39.737422189726,3.));
#11042=CARTESIAN_POINT('Ctrl Pts',(25.9966326711731,39.8229089877865,5.));
#11043=CARTESIAN_POINT('Ctrl Pts',(25.9966326711731,39.8229089877865,3.));
#11044=CARTESIAN_POINT('Ctrl Pts',(26.0160303860903,39.86528031528,5.));
#11045=CARTESIAN_POINT('Ctrl Pts',(26.0160303860903,39.86528031528,3.));
#11046=CARTESIAN_POINT('',(25.9495235234499,39.5961806923151,5.));
#11047=CARTESIAN_POINT('Ctrl Pts',(25.9495235234499,39.5961806923151,5.));
#11048=CARTESIAN_POINT('Ctrl Pts',(25.9521965841943,39.6435336176519,5.));
#11049=CARTESIAN_POINT('Ctrl Pts',(25.9574965705114,39.737422189726,5.));
#11050=CARTESIAN_POINT('Ctrl Pts',(25.9966326711731,39.8229089877865,5.));
#11051=CARTESIAN_POINT('Ctrl Pts',(26.0160303860903,39.86528031528,5.));
#11052=CARTESIAN_POINT('',(25.9495235234499,39.5961806923151,3.));
#11053=CARTESIAN_POINT('',(25.9495235234499,39.5961806923151,5.));
#11054=CARTESIAN_POINT('Ctrl Pts',(25.9495235234499,39.5961806923151,3.));
#11055=CARTESIAN_POINT('Ctrl Pts',(25.9521965841943,39.6435336176519,3.));
#11056=CARTESIAN_POINT('Ctrl Pts',(25.9574965705114,39.737422189726,3.));
#11057=CARTESIAN_POINT('Ctrl Pts',(25.9966326711731,39.8229089877865,3.));
#11058=CARTESIAN_POINT('Ctrl Pts',(26.0160303860903,39.86528031528,3.));
#11059=CARTESIAN_POINT('Ctrl Pts',(26.0303557664156,39.3045707792044,5.));
#11060=CARTESIAN_POINT('Ctrl Pts',(26.0303557664156,39.3045707792044,3.));
#11061=CARTESIAN_POINT('Ctrl Pts',(26.0067802876612,39.349932608206,5.));
#11062=CARTESIAN_POINT('Ctrl Pts',(26.0067802876612,39.349932608206,3.));
#11063=CARTESIAN_POINT('Ctrl Pts',(25.9592418498499,39.4414018211739,5.));
#11064=CARTESIAN_POINT('Ctrl Pts',(25.9592418498499,39.4414018211739,3.));
#11065=CARTESIAN_POINT('Ctrl Pts',(25.952780520765,39.5443081427638,5.));
#11066=CARTESIAN_POINT('Ctrl Pts',(25.952780520765,39.5443081427638,3.));
#11067=CARTESIAN_POINT('Ctrl Pts',(25.9495235234499,39.5961806923151,5.));
#11068=CARTESIAN_POINT('Ctrl Pts',(25.9495235234499,39.5961806923151,3.));
#11069=CARTESIAN_POINT('',(26.0303557664156,39.3045707792044,5.));
#11070=CARTESIAN_POINT('Ctrl Pts',(26.0303557664156,39.3045707792044,5.));
#11071=CARTESIAN_POINT('Ctrl Pts',(26.0067802876612,39.349932608206,5.));
#11072=CARTESIAN_POINT('Ctrl Pts',(25.9592418498499,39.4414018211739,5.));
#11073=CARTESIAN_POINT('Ctrl Pts',(25.952780520765,39.5443081427638,5.));
#11074=CARTESIAN_POINT('Ctrl Pts',(25.9495235234499,39.5961806923151,5.));
#11075=CARTESIAN_POINT('',(26.0303557664156,39.3045707792044,3.));
#11076=CARTESIAN_POINT('',(26.0303557664156,39.3045707792044,5.));
#11077=CARTESIAN_POINT('Ctrl Pts',(26.0303557664156,39.3045707792044,3.));
#11078=CARTESIAN_POINT('Ctrl Pts',(26.0067802876612,39.349932608206,3.));
#11079=CARTESIAN_POINT('Ctrl Pts',(25.9592418498499,39.4414018211739,3.));
#11080=CARTESIAN_POINT('Ctrl Pts',(25.952780520765,39.5443081427638,3.));
#11081=CARTESIAN_POINT('Ctrl Pts',(25.9495235234499,39.5961806923151,3.));
#11082=CARTESIAN_POINT('Ctrl Pts',(26.2677360326052,39.0978858619928,5.));
#11083=CARTESIAN_POINT('Ctrl Pts',(26.2677360326052,39.0978858619928,3.));
#11084=CARTESIAN_POINT('Ctrl Pts',(26.2191477020941,39.1244678009224,5.));
#11085=CARTESIAN_POINT('Ctrl Pts',(26.2191477020941,39.1244678009224,3.));
#11086=CARTESIAN_POINT('Ctrl Pts',(26.1248270259824,39.1760692127393,5.));
#11087=CARTESIAN_POINT('Ctrl Pts',(26.1248270259824,39.1760692127393,3.));
#11088=CARTESIAN_POINT('Ctrl Pts',(26.0612040283025,39.262610398943,5.));
#11089=CARTESIAN_POINT('Ctrl Pts',(26.0612040283025,39.262610398943,3.));
#11090=CARTESIAN_POINT('Ctrl Pts',(26.0303557664156,39.3045707792044,5.));
#11091=CARTESIAN_POINT('Ctrl Pts',(26.0303557664156,39.3045707792044,3.));
#11092=CARTESIAN_POINT('',(26.2677360326052,39.0978858619928,5.));
#11093=CARTESIAN_POINT('Ctrl Pts',(26.2677360326052,39.0978858619928,5.));
#11094=CARTESIAN_POINT('Ctrl Pts',(26.2191477020941,39.1244678009224,5.));
#11095=CARTESIAN_POINT('Ctrl Pts',(26.1248270259824,39.1760692127393,5.));
#11096=CARTESIAN_POINT('Ctrl Pts',(26.0612040283025,39.262610398943,5.));
#11097=CARTESIAN_POINT('Ctrl Pts',(26.0303557664156,39.3045707792044,5.));
#11098=CARTESIAN_POINT('',(26.2677360326052,39.0978858619928,3.));
#11099=CARTESIAN_POINT('',(26.2677360326052,39.0978858619928,5.));
#11100=CARTESIAN_POINT('Ctrl Pts',(26.2677360326052,39.0978858619928,3.));
#11101=CARTESIAN_POINT('Ctrl Pts',(26.2191477020941,39.1244678009224,3.));
#11102=CARTESIAN_POINT('Ctrl Pts',(26.1248270259824,39.1760692127393,3.));
#11103=CARTESIAN_POINT('Ctrl Pts',(26.0612040283025,39.262610398943,3.));
#11104=CARTESIAN_POINT('Ctrl Pts',(26.0303557664156,39.3045707792044,3.));
#11105=CARTESIAN_POINT('Ctrl Pts',(26.8294692784548,38.920873478055,5.));
#11106=CARTESIAN_POINT('Ctrl Pts',(26.8294692784548,38.920873478055,3.));
#11107=CARTESIAN_POINT('Ctrl Pts',(26.7141774831202,38.9497536323299,5.));
#11108=CARTESIAN_POINT('Ctrl Pts',(26.7141774831202,38.9497536323299,3.));
#11109=CARTESIAN_POINT('Ctrl Pts',(26.523296972177,38.9975684710884,5.));
#11110=CARTESIAN_POINT('Ctrl Pts',(26.523296972177,38.9975684710884,3.));
#11111=CARTESIAN_POINT('Ctrl Pts',(26.3402304194127,39.0694290573186,5.));
#11112=CARTESIAN_POINT('Ctrl Pts',(26.3402304194127,39.0694290573186,3.));
#11113=CARTESIAN_POINT('Ctrl Pts',(26.2677360326052,39.0978858619928,5.));
#11114=CARTESIAN_POINT('Ctrl Pts',(26.2677360326052,39.0978858619928,3.));
#11115=CARTESIAN_POINT('',(26.8294692784548,38.920873478055,5.));
#11116=CARTESIAN_POINT('Ctrl Pts',(26.8294692784548,38.920873478055,5.));
#11117=CARTESIAN_POINT('Ctrl Pts',(26.7141774831202,38.9497536323299,5.));
#11118=CARTESIAN_POINT('Ctrl Pts',(26.523296972177,38.9975684710884,5.));
#11119=CARTESIAN_POINT('Ctrl Pts',(26.3402304194127,39.0694290573186,5.));
#11120=CARTESIAN_POINT('Ctrl Pts',(26.2677360326052,39.0978858619928,5.));
#11121=CARTESIAN_POINT('',(26.8294692784548,38.920873478055,3.));
#11122=CARTESIAN_POINT('',(26.8294692784548,38.920873478055,5.));
#11123=CARTESIAN_POINT('Ctrl Pts',(26.8294692784548,38.920873478055,3.));
#11124=CARTESIAN_POINT('Ctrl Pts',(26.7141774831202,38.9497536323299,3.));
#11125=CARTESIAN_POINT('Ctrl Pts',(26.523296972177,38.9975684710884,3.));
#11126=CARTESIAN_POINT('Ctrl Pts',(26.3402304194127,39.0694290573186,3.));
#11127=CARTESIAN_POINT('Ctrl Pts',(26.2677360326052,39.0978858619928,3.));
#11128=CARTESIAN_POINT('Ctrl Pts',(27.2060037404299,38.7960440665483,5.));
#11129=CARTESIAN_POINT('Ctrl Pts',(27.2060037404299,38.7960440665483,3.));
#11130=CARTESIAN_POINT('Ctrl Pts',(27.1623614657026,38.8156428215359,5.));
#11131=CARTESIAN_POINT('Ctrl Pts',(27.1623614657026,38.8156428215359,3.));
#11132=CARTESIAN_POINT('Ctrl Pts',(27.0413228134982,38.8699985329055,5.));
#11133=CARTESIAN_POINT('Ctrl Pts',(27.0413228134982,38.8699985329055,3.));
#11134=CARTESIAN_POINT('Ctrl Pts',(26.9120993271634,38.9010305276181,5.));
#11135=CARTESIAN_POINT('Ctrl Pts',(26.9120993271634,38.9010305276181,3.));
#11136=CARTESIAN_POINT('Ctrl Pts',(26.8294692784548,38.920873478055,5.));
#11137=CARTESIAN_POINT('Ctrl Pts',(26.8294692784548,38.920873478055,3.));
#11138=CARTESIAN_POINT('',(27.2060037404299,38.7960440665483,5.));
#11139=CARTESIAN_POINT('Ctrl Pts',(27.2060037404299,38.7960440665483,5.));
#11140=CARTESIAN_POINT('Ctrl Pts',(27.1623614657026,38.8156428215359,5.));
#11141=CARTESIAN_POINT('Ctrl Pts',(27.0413228134982,38.8699985329055,5.));
#11142=CARTESIAN_POINT('Ctrl Pts',(26.9120993271634,38.9010305276181,5.));
#11143=CARTESIAN_POINT('Ctrl Pts',(26.8294692784548,38.920873478055,5.));
#11144=CARTESIAN_POINT('',(27.2060037404299,38.7960440665483,3.));
#11145=CARTESIAN_POINT('',(27.2060037404299,38.7960440665483,5.));
#11146=CARTESIAN_POINT('Ctrl Pts',(27.2060037404299,38.7960440665483,3.));
#11147=CARTESIAN_POINT('Ctrl Pts',(27.1623614657026,38.8156428215359,3.));
#11148=CARTESIAN_POINT('Ctrl Pts',(27.0413228134982,38.8699985329055,3.));
#11149=CARTESIAN_POINT('Ctrl Pts',(26.9120993271634,38.9010305276181,3.));
#11150=CARTESIAN_POINT('Ctrl Pts',(26.8294692784548,38.920873478055,3.));
#11151=CARTESIAN_POINT('Ctrl Pts',(27.314462736249,38.5995913296938,5.));
#11152=CARTESIAN_POINT('Ctrl Pts',(27.314462736249,38.5995913296938,3.));
#11153=CARTESIAN_POINT('Ctrl Pts',(27.3097279061943,38.6391250242982,5.));
#11154=CARTESIAN_POINT('Ctrl Pts',(27.3097279061943,38.6391250242982,3.));
#11155=CARTESIAN_POINT('Ctrl Pts',(27.300141922223,38.7191636652685,5.));
#11156=CARTESIAN_POINT('Ctrl Pts',(27.300141922223,38.7191636652685,3.));
#11157=CARTESIAN_POINT('Ctrl Pts',(27.2376359664883,38.770210784171,5.));
#11158=CARTESIAN_POINT('Ctrl Pts',(27.2376359664883,38.770210784171,3.));
#11159=CARTESIAN_POINT('Ctrl Pts',(27.2060037404299,38.7960440665483,5.));
#11160=CARTESIAN_POINT('Ctrl Pts',(27.2060037404299,38.7960440665483,3.));
#11161=CARTESIAN_POINT('',(27.314462736249,38.5995913296938,5.));
#11162=CARTESIAN_POINT('Ctrl Pts',(27.314462736249,38.5995913296938,5.));
#11163=CARTESIAN_POINT('Ctrl Pts',(27.3097279061943,38.6391250242982,5.));
#11164=CARTESIAN_POINT('Ctrl Pts',(27.300141922223,38.7191636652685,5.));
#11165=CARTESIAN_POINT('Ctrl Pts',(27.2376359664883,38.770210784171,5.));
#11166=CARTESIAN_POINT('Ctrl Pts',(27.2060037404299,38.7960440665483,5.));
#11167=CARTESIAN_POINT('',(27.314462736249,38.5995913296938,3.));
#11168=CARTESIAN_POINT('',(27.314462736249,38.5995913296938,5.));
#11169=CARTESIAN_POINT('Ctrl Pts',(27.314462736249,38.5995913296938,3.));
#11170=CARTESIAN_POINT('Ctrl Pts',(27.3097279061943,38.6391250242982,3.));
#11171=CARTESIAN_POINT('Ctrl Pts',(27.300141922223,38.7191636652685,3.));
#11172=CARTESIAN_POINT('Ctrl Pts',(27.2376359664883,38.770210784171,3.));
#11173=CARTESIAN_POINT('Ctrl Pts',(27.2060037404299,38.7960440665483,3.));
#11174=CARTESIAN_POINT('Ctrl Pts',(27.1916795521975,38.3570946007967,5.));
#11175=CARTESIAN_POINT('Ctrl Pts',(27.1916795521975,38.3570946007967,3.));
#11176=CARTESIAN_POINT('Ctrl Pts',(27.2274730222873,38.3920059414153,5.));
#11177=CARTESIAN_POINT('Ctrl Pts',(27.2274730222873,38.3920059414153,3.));
#11178=CARTESIAN_POINT('Ctrl Pts',(27.2962367898243,38.4590750270523,5.));
#11179=CARTESIAN_POINT('Ctrl Pts',(27.2962367898243,38.4590750270523,3.));
#11180=CARTESIAN_POINT('Ctrl Pts',(27.3085560139041,38.5540523620433,5.));
#11181=CARTESIAN_POINT('Ctrl Pts',(27.3085560139041,38.5540523620433,3.));
#11182=CARTESIAN_POINT('Ctrl Pts',(27.314462736249,38.5995913296938,5.));
#11183=CARTESIAN_POINT('Ctrl Pts',(27.314462736249,38.5995913296938,3.));
#11184=CARTESIAN_POINT('',(27.1916795521975,38.3570946007967,5.));
#11185=CARTESIAN_POINT('Ctrl Pts',(27.1916795521975,38.3570946007967,5.));
#11186=CARTESIAN_POINT('Ctrl Pts',(27.2274730222873,38.3920059414153,5.));
#11187=CARTESIAN_POINT('Ctrl Pts',(27.2962367898243,38.4590750270523,5.));
#11188=CARTESIAN_POINT('Ctrl Pts',(27.3085560139041,38.5540523620433,5.));
#11189=CARTESIAN_POINT('Ctrl Pts',(27.314462736249,38.5995913296938,5.));
#11190=CARTESIAN_POINT('',(27.1916795521975,38.3570946007967,3.));
#11191=CARTESIAN_POINT('',(27.1916795521975,38.3570946007967,5.));
#11192=CARTESIAN_POINT('Ctrl Pts',(27.1916795521975,38.3570946007967,3.));
#11193=CARTESIAN_POINT('Ctrl Pts',(27.2274730222873,38.3920059414153,3.));
#11194=CARTESIAN_POINT('Ctrl Pts',(27.2962367898243,38.4590750270523,3.));
#11195=CARTESIAN_POINT('Ctrl Pts',(27.3085560139041,38.5540523620433,3.));
#11196=CARTESIAN_POINT('Ctrl Pts',(27.314462736249,38.5995913296938,3.));
#11197=CARTESIAN_POINT('Ctrl Pts',(26.8151438981295,38.2537520676851,5.));
#11198=CARTESIAN_POINT('Ctrl Pts',(26.8151438981295,38.2537520676851,3.));
#11199=CARTESIAN_POINT('Ctrl Pts',(26.8908594080343,38.2554935310143,5.));
#11200=CARTESIAN_POINT('Ctrl Pts',(26.8908594080343,38.2554935310143,3.));
#11201=CARTESIAN_POINT('Ctrl Pts',(27.0257032008004,38.2585949500044,5.));
#11202=CARTESIAN_POINT('Ctrl Pts',(27.0257032008004,38.2585949500044,3.));
#11203=CARTESIAN_POINT('Ctrl Pts',(27.1410851734863,38.3270690664772,5.));
#11204=CARTESIAN_POINT('Ctrl Pts',(27.1410851734863,38.3270690664772,3.));
#11205=CARTESIAN_POINT('Ctrl Pts',(27.1916795521975,38.3570946007967,5.));
#11206=CARTESIAN_POINT('Ctrl Pts',(27.1916795521975,38.3570946007967,3.));
#11207=CARTESIAN_POINT('',(26.8151438981295,38.2537520676851,5.));
#11208=CARTESIAN_POINT('Ctrl Pts',(26.8151438981295,38.2537520676851,5.));
#11209=CARTESIAN_POINT('Ctrl Pts',(26.8908594080343,38.2554935310143,5.));
#11210=CARTESIAN_POINT('Ctrl Pts',(27.0257032008004,38.2585949500044,5.));
#11211=CARTESIAN_POINT('Ctrl Pts',(27.1410851734863,38.3270690664772,5.));
#11212=CARTESIAN_POINT('Ctrl Pts',(27.1916795521975,38.3570946007967,5.));
#11213=CARTESIAN_POINT('',(26.8151438981295,38.2537520676851,3.));
#11214=CARTESIAN_POINT('',(26.8151438981295,38.2537520676851,5.));
#11215=CARTESIAN_POINT('Ctrl Pts',(26.8151438981295,38.2537520676851,3.));
#11216=CARTESIAN_POINT('Ctrl Pts',(26.8908594080343,38.2554935310143,3.));
#11217=CARTESIAN_POINT('Ctrl Pts',(27.0257032008004,38.2585949500044,3.));
#11218=CARTESIAN_POINT('Ctrl Pts',(27.1410851734863,38.3270690664772,3.));
#11219=CARTESIAN_POINT('Ctrl Pts',(27.1916795521975,38.3570946007967,3.));
#11220=CARTESIAN_POINT('Ctrl Pts',(26.4232612401247,38.370396271348,5.));
#11221=CARTESIAN_POINT('Ctrl Pts',(26.4232612401247,38.370396271348,3.));
#11222=CARTESIAN_POINT('Ctrl Pts',(26.4777739149736,38.3364431530004,5.));
#11223=CARTESIAN_POINT('Ctrl Pts',(26.4777739149736,38.3364431530004,3.));
#11224=CARTESIAN_POINT('Ctrl Pts',(26.5972283923558,38.2620411534845,5.));
#11225=CARTESIAN_POINT('Ctrl Pts',(26.5972283923558,38.2620411534845,3.));
#11226=CARTESIAN_POINT('Ctrl Pts',(26.7383970909195,38.2566713682991,5.));
#11227=CARTESIAN_POINT('Ctrl Pts',(26.7383970909195,38.2566713682991,3.));
#11228=CARTESIAN_POINT('Ctrl Pts',(26.8151438981295,38.2537520676851,5.));
#11229=CARTESIAN_POINT('Ctrl Pts',(26.8151438981295,38.2537520676851,3.));
#11230=CARTESIAN_POINT('',(26.4232612401247,38.370396271348,5.));
#11231=CARTESIAN_POINT('Ctrl Pts',(26.4232612401247,38.370396271348,5.));
#11232=CARTESIAN_POINT('Ctrl Pts',(26.4777739149736,38.3364431530004,5.));
#11233=CARTESIAN_POINT('Ctrl Pts',(26.5972283923558,38.2620411534845,5.));
#11234=CARTESIAN_POINT('Ctrl Pts',(26.7383970909195,38.2566713682991,5.));
#11235=CARTESIAN_POINT('Ctrl Pts',(26.8151438981295,38.2537520676851,5.));
#11236=CARTESIAN_POINT('',(26.4232612401247,38.370396271348,3.));
#11237=CARTESIAN_POINT('',(26.4232612401247,38.370396271348,5.));
#11238=CARTESIAN_POINT('Ctrl Pts',(26.4232612401247,38.370396271348,3.));
#11239=CARTESIAN_POINT('Ctrl Pts',(26.4777739149736,38.3364431530004,3.));
#11240=CARTESIAN_POINT('Ctrl Pts',(26.5972283923558,38.2620411534845,3.));
#11241=CARTESIAN_POINT('Ctrl Pts',(26.7383970909195,38.2566713682991,3.));
#11242=CARTESIAN_POINT('Ctrl Pts',(26.8151438981295,38.2537520676851,3.));
#11243=CARTESIAN_POINT('Ctrl Pts',(26.2523890286684,38.7060032039881,5.));
#11244=CARTESIAN_POINT('Ctrl Pts',(26.2523890286684,38.7060032039881,3.));
#11245=CARTESIAN_POINT('Ctrl Pts',(26.2658288994005,38.63845388616,5.));
#11246=CARTESIAN_POINT('Ctrl Pts',(26.2658288994005,38.63845388616,3.));
#11247=CARTESIAN_POINT('Ctrl Pts',(26.2913518190353,38.5101746902751,5.));
#11248=CARTESIAN_POINT('Ctrl Pts',(26.2913518190353,38.5101746902751,3.));
#11249=CARTESIAN_POINT('Ctrl Pts',(26.3808778619606,38.415308011083,5.));
#11250=CARTESIAN_POINT('Ctrl Pts',(26.3808778619606,38.415308011083,3.));
#11251=CARTESIAN_POINT('Ctrl Pts',(26.4232612401247,38.370396271348,5.));
#11252=CARTESIAN_POINT('Ctrl Pts',(26.4232612401247,38.370396271348,3.));
#11253=CARTESIAN_POINT('',(26.2523890286684,38.7060032039881,5.));
#11254=CARTESIAN_POINT('Ctrl Pts',(26.2523890286684,38.7060032039881,5.));
#11255=CARTESIAN_POINT('Ctrl Pts',(26.2658288994005,38.63845388616,5.));
#11256=CARTESIAN_POINT('Ctrl Pts',(26.2913518190353,38.5101746902751,5.));
#11257=CARTESIAN_POINT('Ctrl Pts',(26.3808778619606,38.415308011083,5.));
#11258=CARTESIAN_POINT('Ctrl Pts',(26.4232612401247,38.370396271348,5.));
#11259=CARTESIAN_POINT('',(26.2523890286684,38.7060032039881,3.));
#11260=CARTESIAN_POINT('',(26.2523890286684,38.7060032039881,5.));
#11261=CARTESIAN_POINT('Ctrl Pts',(26.2523890286684,38.7060032039881,3.));
#11262=CARTESIAN_POINT('Ctrl Pts',(26.2658288994005,38.63845388616,3.));
#11263=CARTESIAN_POINT('Ctrl Pts',(26.2913518190353,38.5101746902751,3.));
#11264=CARTESIAN_POINT('Ctrl Pts',(26.3808778619606,38.415308011083,3.));
#11265=CARTESIAN_POINT('Ctrl Pts',(26.4232612401247,38.370396271348,3.));
#11266=CARTESIAN_POINT('Origin',(25.8881319314241,38.6487043648958,5.));
#11267=CARTESIAN_POINT('',(25.8881319314241,38.6487043648958,5.));
#11268=CARTESIAN_POINT('',(32.5541416840314,39.6972896171577,5.));
#11269=CARTESIAN_POINT('',(25.8881319314241,38.6487043648958,3.));
#11270=CARTESIAN_POINT('',(25.8881319314241,38.6487043648958,5.));
#11271=CARTESIAN_POINT('',(25.8881319314241,38.6487043648958,3.));
#11272=CARTESIAN_POINT('Ctrl Pts',(26.1715567857027,38.1268764287233,5.));
#11273=CARTESIAN_POINT('Ctrl Pts',(26.1715567857027,38.1268764287233,3.));
#11274=CARTESIAN_POINT('Ctrl Pts',(26.1037464227843,38.1956867937374,5.));
#11275=CARTESIAN_POINT('Ctrl Pts',(26.1037464227843,38.1956867937374,3.));
#11276=CARTESIAN_POINT('Ctrl Pts',(25.9596162243059,38.3419424859357,5.));
#11277=CARTESIAN_POINT('Ctrl Pts',(25.9596162243059,38.3419424859357,3.));
#11278=CARTESIAN_POINT('Ctrl Pts',(25.9128798045722,38.5425033553998,5.));
#11279=CARTESIAN_POINT('Ctrl Pts',(25.9128798045722,38.5425033553998,3.));
#11280=CARTESIAN_POINT('Ctrl Pts',(25.8881319314241,38.6487043648958,5.));
#11281=CARTESIAN_POINT('Ctrl Pts',(25.8881319314241,38.6487043648958,3.));
#11282=CARTESIAN_POINT('Ctrl Pts',(26.1715567857027,38.1268764287233,5.));
#11283=CARTESIAN_POINT('Ctrl Pts',(26.1037464227843,38.1956867937374,5.));
#11284=CARTESIAN_POINT('Ctrl Pts',(25.9596162243059,38.3419424859357,5.));
#11285=CARTESIAN_POINT('Ctrl Pts',(25.9128798045722,38.5425033553998,5.));
#11286=CARTESIAN_POINT('Ctrl Pts',(25.8881319314241,38.6487043648958,5.));
#11287=CARTESIAN_POINT('Ctrl Pts',(26.1715567857027,38.1268764287233,3.));
#11288=CARTESIAN_POINT('Ctrl Pts',(26.1037464227843,38.1956867937374,3.));
#11289=CARTESIAN_POINT('Ctrl Pts',(25.9596162243059,38.3419424859357,3.));
#11290=CARTESIAN_POINT('Ctrl Pts',(25.9128798045722,38.5425033553998,3.));
#11291=CARTESIAN_POINT('Ctrl Pts',(25.8881319314241,38.6487043648958,3.));
#11292=CARTESIAN_POINT('Origin',(28.6763299629092,39.0835612267256,3.));
#11293=CARTESIAN_POINT('Ctrl Pts',(34.1145969182253,38.5873130708933,5.));
#11294=CARTESIAN_POINT('Ctrl Pts',(34.1145969182253,38.5873130708933,3.));
#11295=CARTESIAN_POINT('Ctrl Pts',(34.1318183708737,38.6383924444423,5.));
#11296=CARTESIAN_POINT('Ctrl Pts',(34.1318183708737,38.6383924444423,3.));
#11297=CARTESIAN_POINT('Ctrl Pts',(34.1719996201334,38.7575713013314,5.));
#11298=CARTESIAN_POINT('Ctrl Pts',(34.1719996201334,38.7575713013314,3.));
#11299=CARTESIAN_POINT('Ctrl Pts',(34.1732354986606,38.883631056746,5.));
#11300=CARTESIAN_POINT('Ctrl Pts',(34.1732354986606,38.883631056746,3.));
#11301=CARTESIAN_POINT('Ctrl Pts',(34.1739416867495,38.9556623250246,5.));
#11302=CARTESIAN_POINT('Ctrl Pts',(34.1739416867495,38.9556623250246,3.));
#11303=CARTESIAN_POINT('',(34.1145969182253,38.5873130708933,5.));
#11304=CARTESIAN_POINT('',(34.1739416867495,38.9556623250246,5.));
#11305=CARTESIAN_POINT('Ctrl Pts',(34.1145969182253,38.5873130708933,5.));
#11306=CARTESIAN_POINT('Ctrl Pts',(34.1318183708737,38.6383924444423,5.));
#11307=CARTESIAN_POINT('Ctrl Pts',(34.1719996201334,38.7575713013314,5.));
#11308=CARTESIAN_POINT('Ctrl Pts',(34.1732354986606,38.883631056746,5.));
#11309=CARTESIAN_POINT('Ctrl Pts',(34.1739416867495,38.9556623250246,5.));
#11310=CARTESIAN_POINT('',(34.1145969182253,38.5873130708933,3.));
#11311=CARTESIAN_POINT('',(34.1145969182253,38.5873130708933,5.));
#11312=CARTESIAN_POINT('',(34.1739416867495,38.9556623250246,3.));
#11313=CARTESIAN_POINT('Ctrl Pts',(34.1145969182253,38.5873130708933,3.));
#11314=CARTESIAN_POINT('Ctrl Pts',(34.1318183708737,38.6383924444423,3.));
#11315=CARTESIAN_POINT('Ctrl Pts',(34.1719996201334,38.7575713013314,3.));
#11316=CARTESIAN_POINT('Ctrl Pts',(34.1732354986606,38.883631056746,3.));
#11317=CARTESIAN_POINT('Ctrl Pts',(34.1739416867495,38.9556623250246,3.));
#11318=CARTESIAN_POINT('',(34.1739416867495,38.9556623250246,5.));
#11319=CARTESIAN_POINT('Ctrl Pts',(33.8710785657167,38.3325380831957,5.));
#11320=CARTESIAN_POINT('Ctrl Pts',(33.8710785657167,38.3325380831957,3.));
#11321=CARTESIAN_POINT('Ctrl Pts',(33.9224539488863,38.3660001808423,5.));
#11322=CARTESIAN_POINT('Ctrl Pts',(33.9224539488863,38.3660001808423,3.));
#11323=CARTESIAN_POINT('Ctrl Pts',(34.0236303518645,38.4318989531166,5.));
#11324=CARTESIAN_POINT('Ctrl Pts',(34.0236303518645,38.4318989531166,3.));
#11325=CARTESIAN_POINT('Ctrl Pts',(34.0845909233577,38.5360485744204,5.));
#11326=CARTESIAN_POINT('Ctrl Pts',(34.0845909233577,38.5360485744204,3.));
#11327=CARTESIAN_POINT('Ctrl Pts',(34.1145969182253,38.5873130708933,5.));
#11328=CARTESIAN_POINT('Ctrl Pts',(34.1145969182253,38.5873130708933,3.));
#11329=CARTESIAN_POINT('',(33.8710785657167,38.3325380831957,5.));
#11330=CARTESIAN_POINT('Ctrl Pts',(33.8710785657167,38.3325380831957,5.));
#11331=CARTESIAN_POINT('Ctrl Pts',(33.9224539488863,38.3660001808423,5.));
#11332=CARTESIAN_POINT('Ctrl Pts',(34.0236303518645,38.4318989531166,5.));
#11333=CARTESIAN_POINT('Ctrl Pts',(34.0845909233577,38.5360485744204,5.));
#11334=CARTESIAN_POINT('Ctrl Pts',(34.1145969182253,38.5873130708933,5.));
#11335=CARTESIAN_POINT('',(33.8710785657167,38.3325380831957,3.));
#11336=CARTESIAN_POINT('',(33.8710785657167,38.3325380831957,5.));
#11337=CARTESIAN_POINT('Ctrl Pts',(33.8710785657167,38.3325380831957,3.));
#11338=CARTESIAN_POINT('Ctrl Pts',(33.9224539488863,38.3660001808423,3.));
#11339=CARTESIAN_POINT('Ctrl Pts',(34.0236303518645,38.4318989531166,3.));
#11340=CARTESIAN_POINT('Ctrl Pts',(34.0845909233577,38.5360485744204,3.));
#11341=CARTESIAN_POINT('Ctrl Pts',(34.1145969182253,38.5873130708933,3.));
#11342=CARTESIAN_POINT('Ctrl Pts',(33.4924960881472,38.2394275814295,5.));
#11343=CARTESIAN_POINT('Ctrl Pts',(33.4924960881472,38.2394275814295,3.));
#11344=CARTESIAN_POINT('Ctrl Pts',(33.5606057150473,38.242826934698,5.));
#11345=CARTESIAN_POINT('Ctrl Pts',(33.5606057150473,38.242826934698,3.));
#11346=CARTESIAN_POINT('Ctrl Pts',(33.6929093521251,38.2494302127015,5.));
#11347=CARTESIAN_POINT('Ctrl Pts',(33.6929093521251,38.2494302127015,3.));
#11348=CARTESIAN_POINT('Ctrl Pts',(33.8128722896091,38.3053874910188,5.));
#11349=CARTESIAN_POINT('Ctrl Pts',(33.8128722896091,38.3053874910188,3.));
#11350=CARTESIAN_POINT('Ctrl Pts',(33.8710785657167,38.3325380831957,5.));
#11351=CARTESIAN_POINT('Ctrl Pts',(33.8710785657167,38.3325380831957,3.));
#11352=CARTESIAN_POINT('',(33.4924960881472,38.2394275814295,5.));
#11353=CARTESIAN_POINT('Ctrl Pts',(33.4924960881472,38.2394275814295,5.));
#11354=CARTESIAN_POINT('Ctrl Pts',(33.5606057150473,38.242826934698,5.));
#11355=CARTESIAN_POINT('Ctrl Pts',(33.6929093521251,38.2494302127015,5.));
#11356=CARTESIAN_POINT('Ctrl Pts',(33.8128722896091,38.3053874910188,5.));
#11357=CARTESIAN_POINT('Ctrl Pts',(33.8710785657167,38.3325380831957,5.));
#11358=CARTESIAN_POINT('',(33.4924960881472,38.2394275814295,3.));
#11359=CARTESIAN_POINT('',(33.4924960881472,38.2394275814295,5.));
#11360=CARTESIAN_POINT('Ctrl Pts',(33.4924960881472,38.2394275814295,3.));
#11361=CARTESIAN_POINT('Ctrl Pts',(33.5606057150473,38.242826934698,3.));
#11362=CARTESIAN_POINT('Ctrl Pts',(33.6929093521251,38.2494302127015,3.));
#11363=CARTESIAN_POINT('Ctrl Pts',(33.8128722896091,38.3053874910188,3.));
#11364=CARTESIAN_POINT('Ctrl Pts',(33.8710785657167,38.3325380831957,3.));
#11365=CARTESIAN_POINT('Ctrl Pts',(33.1660986691713,38.3376539498568,5.));
#11366=CARTESIAN_POINT('Ctrl Pts',(33.1660986691713,38.3376539498568,3.));
#11367=CARTESIAN_POINT('Ctrl Pts',(33.210595874432,38.3090793945466,5.));
#11368=CARTESIAN_POINT('Ctrl Pts',(33.210595874432,38.3090793945466,3.));
#11369=CARTESIAN_POINT('Ctrl Pts',(33.3095112529037,38.2455593838716,5.));
#11370=CARTESIAN_POINT('Ctrl Pts',(33.3095112529037,38.2455593838716,3.));
#11371=CARTESIAN_POINT('Ctrl Pts',(33.4275546558905,38.241603761944,5.));
#11372=CARTESIAN_POINT('Ctrl Pts',(33.4275546558905,38.241603761944,3.));
#11373=CARTESIAN_POINT('Ctrl Pts',(33.4924960881472,38.2394275814295,5.));
#11374=CARTESIAN_POINT('Ctrl Pts',(33.4924960881472,38.2394275814295,3.));
#11375=CARTESIAN_POINT('',(33.1660986691713,38.3376539498568,5.));
#11376=CARTESIAN_POINT('Ctrl Pts',(33.1660986691713,38.3376539498568,5.));
#11377=CARTESIAN_POINT('Ctrl Pts',(33.210595874432,38.3090793945466,5.));
#11378=CARTESIAN_POINT('Ctrl Pts',(33.3095112529037,38.2455593838716,5.));
#11379=CARTESIAN_POINT('Ctrl Pts',(33.4275546558905,38.241603761944,5.));
#11380=CARTESIAN_POINT('Ctrl Pts',(33.4924960881472,38.2394275814295,5.));
#11381=CARTESIAN_POINT('',(33.1660986691713,38.3376539498568,3.));
#11382=CARTESIAN_POINT('',(33.1660986691713,38.3376539498568,5.));
#11383=CARTESIAN_POINT('Ctrl Pts',(33.1660986691713,38.3376539498568,3.));
#11384=CARTESIAN_POINT('Ctrl Pts',(33.210595874432,38.3090793945466,3.));
#11385=CARTESIAN_POINT('Ctrl Pts',(33.3095112529037,38.2455593838716,3.));
#11386=CARTESIAN_POINT('Ctrl Pts',(33.4275546558905,38.241603761944,3.));
#11387=CARTESIAN_POINT('Ctrl Pts',(33.4924960881472,38.2394275814295,3.));
#11388=CARTESIAN_POINT('Ctrl Pts',(33.0545712262392,38.5832200199366,5.));
#11389=CARTESIAN_POINT('Ctrl Pts',(33.0545712262392,38.5832200199366,3.));
#11390=CARTESIAN_POINT('Ctrl Pts',(33.0592634204733,38.5361128639159,5.));
#11391=CARTESIAN_POINT('Ctrl Pts',(33.0592634204733,38.5361128639159,3.));
#11392=CARTESIAN_POINT('Ctrl Pts',(33.0686710815899,38.4416649067558,5.));
#11393=CARTESIAN_POINT('Ctrl Pts',(33.0686710815899,38.4416649067558,3.));
#11394=CARTESIAN_POINT('Ctrl Pts',(33.1335692916346,38.3723813999448,5.));
#11395=CARTESIAN_POINT('Ctrl Pts',(33.1335692916346,38.3723813999448,3.));
#11396=CARTESIAN_POINT('Ctrl Pts',(33.1660986691713,38.3376539498568,5.));
#11397=CARTESIAN_POINT('Ctrl Pts',(33.1660986691713,38.3376539498568,3.));
#11398=CARTESIAN_POINT('',(33.0545712262392,38.5832200199366,5.));
#11399=CARTESIAN_POINT('Ctrl Pts',(33.0545712262392,38.5832200199366,5.));
#11400=CARTESIAN_POINT('Ctrl Pts',(33.0592634204733,38.5361128639159,5.));
#11401=CARTESIAN_POINT('Ctrl Pts',(33.0686710815899,38.4416649067558,5.));
#11402=CARTESIAN_POINT('Ctrl Pts',(33.1335692916346,38.3723813999448,5.));
#11403=CARTESIAN_POINT('Ctrl Pts',(33.1660986691713,38.3376539498568,5.));
#11404=CARTESIAN_POINT('',(33.0545712262392,38.5832200199366,3.));
#11405=CARTESIAN_POINT('',(33.0545712262392,38.5832200199366,5.));
#11406=CARTESIAN_POINT('Ctrl Pts',(33.0545712262392,38.5832200199366,3.));
#11407=CARTESIAN_POINT('Ctrl Pts',(33.0592634204733,38.5361128639159,3.));
#11408=CARTESIAN_POINT('Ctrl Pts',(33.0686710815899,38.4416649067558,3.));
#11409=CARTESIAN_POINT('Ctrl Pts',(33.1335692916346,38.3723813999448,3.));
#11410=CARTESIAN_POINT('Ctrl Pts',(33.1660986691713,38.3376539498568,3.));
#11411=CARTESIAN_POINT('Ctrl Pts',(33.1057310849428,38.7581861764193,5.));
#11412=CARTESIAN_POINT('Ctrl Pts',(33.1057310849428,38.7581861764193,3.));
#11413=CARTESIAN_POINT('Ctrl Pts',(33.0908090324852,38.7311001381462,5.));
#11414=CARTESIAN_POINT('Ctrl Pts',(33.0908090324852,38.7311001381462,3.));
#11415=CARTESIAN_POINT('Ctrl Pts',(33.0607766193176,38.6765862504083,5.));
#11416=CARTESIAN_POINT('Ctrl Pts',(33.0607766193176,38.6765862504083,3.));
#11417=CARTESIAN_POINT('Ctrl Pts',(33.0566483189765,38.6144719191749,5.));
#11418=CARTESIAN_POINT('Ctrl Pts',(33.0566483189765,38.6144719191749,3.));
#11419=CARTESIAN_POINT('Ctrl Pts',(33.0545712262392,38.5832200199366,5.));
#11420=CARTESIAN_POINT('Ctrl Pts',(33.0545712262392,38.5832200199366,3.));
#11421=CARTESIAN_POINT('',(33.1057310849428,38.7581861764193,5.));
#11422=CARTESIAN_POINT('Ctrl Pts',(33.1057310849428,38.7581861764193,5.));
#11423=CARTESIAN_POINT('Ctrl Pts',(33.0908090324852,38.7311001381462,5.));
#11424=CARTESIAN_POINT('Ctrl Pts',(33.0607766193176,38.6765862504083,5.));
#11425=CARTESIAN_POINT('Ctrl Pts',(33.0566483189765,38.6144719191749,5.));
#11426=CARTESIAN_POINT('Ctrl Pts',(33.0545712262392,38.5832200199366,5.));
#11427=CARTESIAN_POINT('',(33.1057310849428,38.7581861764193,3.));
#11428=CARTESIAN_POINT('',(33.1057310849428,38.7581861764193,5.));
#11429=CARTESIAN_POINT('Ctrl Pts',(33.1057310849428,38.7581861764193,3.));
#11430=CARTESIAN_POINT('Ctrl Pts',(33.0908090324852,38.7311001381462,3.));
#11431=CARTESIAN_POINT('Ctrl Pts',(33.0607766193176,38.6765862504083,3.));
#11432=CARTESIAN_POINT('Ctrl Pts',(33.0566483189765,38.6144719191749,3.));
#11433=CARTESIAN_POINT('Ctrl Pts',(33.0545712262392,38.5832200199366,3.));
#11434=CARTESIAN_POINT('Ctrl Pts',(33.2510233670473,38.8778994232416,5.));
#11435=CARTESIAN_POINT('Ctrl Pts',(33.2510233670473,38.8778994232416,3.));
#11436=CARTESIAN_POINT('Ctrl Pts',(33.221649517547,38.8630028268931,5.));
#11437=CARTESIAN_POINT('Ctrl Pts',(33.221649517547,38.8630028268931,3.));
#11438=CARTESIAN_POINT('Ctrl Pts',(33.1642569004783,38.8338968477858,5.));
#11439=CARTESIAN_POINT('Ctrl Pts',(33.1642569004783,38.8338968477858,3.));
#11440=CARTESIAN_POINT('Ctrl Pts',(33.1249301791761,38.7830226746505,5.));
#11441=CARTESIAN_POINT('Ctrl Pts',(33.1249301791761,38.7830226746505,3.));
#11442=CARTESIAN_POINT('Ctrl Pts',(33.1057310849428,38.7581861764193,5.));
#11443=CARTESIAN_POINT('Ctrl Pts',(33.1057310849428,38.7581861764193,3.));
#11444=CARTESIAN_POINT('',(33.2510233670473,38.8778994232416,5.));
#11445=CARTESIAN_POINT('Ctrl Pts',(33.2510233670473,38.8778994232416,5.));
#11446=CARTESIAN_POINT('Ctrl Pts',(33.221649517547,38.8630028268931,5.));
#11447=CARTESIAN_POINT('Ctrl Pts',(33.1642569004783,38.8338968477858,5.));
#11448=CARTESIAN_POINT('Ctrl Pts',(33.1249301791761,38.7830226746505,5.));
#11449=CARTESIAN_POINT('Ctrl Pts',(33.1057310849428,38.7581861764193,5.));
#11450=CARTESIAN_POINT('',(33.2510233670473,38.8778994232416,3.));
#11451=CARTESIAN_POINT('',(33.2510233670473,38.8778994232416,5.));
#11452=CARTESIAN_POINT('Ctrl Pts',(33.2510233670473,38.8778994232416,3.));
#11453=CARTESIAN_POINT('Ctrl Pts',(33.221649517547,38.8630028268931,3.));
#11454=CARTESIAN_POINT('Ctrl Pts',(33.1642569004783,38.8338968477858,3.));
#11455=CARTESIAN_POINT('Ctrl Pts',(33.1249301791761,38.7830226746505,3.));
#11456=CARTESIAN_POINT('Ctrl Pts',(33.1057310849428,38.7581861764193,3.));
#11457=CARTESIAN_POINT('Ctrl Pts',(33.5723067075014,38.9515692740679,5.));
#11458=CARTESIAN_POINT('Ctrl Pts',(33.5723067075014,38.9515692740679,3.));
#11459=CARTESIAN_POINT('Ctrl Pts',(33.5071292286979,38.9422321675312,5.));
#11460=CARTESIAN_POINT('Ctrl Pts',(33.5071292286979,38.9422321675312,3.));
#11461=CARTESIAN_POINT('Ctrl Pts',(33.3978845727244,38.9265821453132,5.));
#11462=CARTESIAN_POINT('Ctrl Pts',(33.3978845727244,38.9265821453132,3.));
#11463=CARTESIAN_POINT('Ctrl Pts',(33.2932364085149,38.8918925384152,5.));
#11464=CARTESIAN_POINT('Ctrl Pts',(33.2932364085149,38.8918925384152,3.));
#11465=CARTESIAN_POINT('Ctrl Pts',(33.2510233670473,38.8778994232416,5.));
#11466=CARTESIAN_POINT('Ctrl Pts',(33.2510233670473,38.8778994232416,3.));
#11467=CARTESIAN_POINT('',(33.5723067075014,38.9515692740679,5.));
#11468=CARTESIAN_POINT('Ctrl Pts',(33.5723067075014,38.9515692740679,5.));
#11469=CARTESIAN_POINT('Ctrl Pts',(33.5071292286979,38.9422321675312,5.));
#11470=CARTESIAN_POINT('Ctrl Pts',(33.3978845727244,38.9265821453132,5.));
#11471=CARTESIAN_POINT('Ctrl Pts',(33.2932364085149,38.8918925384152,5.));
#11472=CARTESIAN_POINT('Ctrl Pts',(33.2510233670473,38.8778994232416,5.));
#11473=CARTESIAN_POINT('',(33.5723067075014,38.9515692740679,3.));
#11474=CARTESIAN_POINT('',(33.5723067075014,38.9515692740679,5.));
#11475=CARTESIAN_POINT('Ctrl Pts',(33.5723067075014,38.9515692740679,3.));
#11476=CARTESIAN_POINT('Ctrl Pts',(33.5071292286979,38.9422321675312,3.));
#11477=CARTESIAN_POINT('Ctrl Pts',(33.3978845727244,38.9265821453132,3.));
#11478=CARTESIAN_POINT('Ctrl Pts',(33.2932364085149,38.8918925384152,3.));
#11479=CARTESIAN_POINT('Ctrl Pts',(33.2510233670473,38.8778994232416,3.));
#11480=CARTESIAN_POINT('Ctrl Pts',(34.1739416867495,39.0907234698534,5.));
#11481=CARTESIAN_POINT('Ctrl Pts',(34.1739416867495,39.0907234698534,3.));
#11482=CARTESIAN_POINT('Ctrl Pts',(34.0908761416327,39.0634286650627,5.));
#11483=CARTESIAN_POINT('Ctrl Pts',(34.0908761416327,39.0634286650627,3.));
#11484=CARTESIAN_POINT('Ctrl Pts',(33.8946814200914,38.9989603392615,5.));
#11485=CARTESIAN_POINT('Ctrl Pts',(33.8946814200914,38.9989603392615,3.));
#11486=CARTESIAN_POINT('Ctrl Pts',(33.6902089645699,38.9689016308967,5.));
#11487=CARTESIAN_POINT('Ctrl Pts',(33.6902089645699,38.9689016308967,3.));
#11488=CARTESIAN_POINT('Ctrl Pts',(33.5723067075014,38.9515692740679,5.));
#11489=CARTESIAN_POINT('Ctrl Pts',(33.5723067075014,38.9515692740679,3.));
#11490=CARTESIAN_POINT('',(34.1739416867495,39.0907234698534,5.));
#11491=CARTESIAN_POINT('Ctrl Pts',(34.1739416867495,39.0907234698534,5.));
#11492=CARTESIAN_POINT('Ctrl Pts',(34.0908761416327,39.0634286650627,5.));
#11493=CARTESIAN_POINT('Ctrl Pts',(33.8946814200914,38.9989603392615,5.));
#11494=CARTESIAN_POINT('Ctrl Pts',(33.6902089645699,38.9689016308967,5.));
#11495=CARTESIAN_POINT('Ctrl Pts',(33.5723067075014,38.9515692740679,5.));
#11496=CARTESIAN_POINT('',(34.1739416867495,39.0907234698534,3.));
#11497=CARTESIAN_POINT('',(34.1739416867495,39.0907234698534,5.));
#11498=CARTESIAN_POINT('Ctrl Pts',(34.1739416867495,39.0907234698534,3.));
#11499=CARTESIAN_POINT('Ctrl Pts',(34.0908761416327,39.0634286650627,3.));
#11500=CARTESIAN_POINT('Ctrl Pts',(33.8946814200914,38.9989603392615,3.));
#11501=CARTESIAN_POINT('Ctrl Pts',(33.6902089645699,38.9689016308967,3.));
#11502=CARTESIAN_POINT('Ctrl Pts',(33.5723067075014,38.9515692740679,3.));
#11503=CARTESIAN_POINT('Origin',(34.1739416867495,38.9556623250246,5.));
#11504=CARTESIAN_POINT('',(34.1739416867495,20.7371474796748,5.));
#11505=CARTESIAN_POINT('',(34.1739416867495,38.9556623250246,3.));
#11506=CARTESIAN_POINT('Origin',(34.6630287915468,38.0000004917383,5.));
#11507=CARTESIAN_POINT('',(34.6630287915468,38.0000004917383,5.));
#11508=CARTESIAN_POINT('',(34.2783094197512,38.0000004917383,5.));
#11509=CARTESIAN_POINT('',(39.9482255624345,38.0000004917383,5.));
#11510=CARTESIAN_POINT('',(34.6630287915468,38.0000004917383,3.));
#11511=CARTESIAN_POINT('',(34.6630287915468,38.0000004917383,5.));
#11512=CARTESIAN_POINT('',(34.2783094197512,38.0000004917383,3.));
#11513=CARTESIAN_POINT('',(34.6630287915468,38.0000004917383,3.));
#11514=CARTESIAN_POINT('',(34.2783094197512,38.0000004917383,5.));
#11515=CARTESIAN_POINT('Ctrl Pts',(34.5699191838503,38.2609144598246,5.));
#11516=CARTESIAN_POINT('Ctrl Pts',(34.5699191838503,38.2609144598246,3.));
#11517=CARTESIAN_POINT('Ctrl Pts',(34.5797812836913,38.2158432809133,5.));
#11518=CARTESIAN_POINT('Ctrl Pts',(34.5797812836913,38.2158432809133,3.));
#11519=CARTESIAN_POINT('Ctrl Pts',(34.5996793303098,38.1249064182185,5.));
#11520=CARTESIAN_POINT('Ctrl Pts',(34.5996793303098,38.1249064182185,3.));
#11521=CARTESIAN_POINT('Ctrl Pts',(34.6417896667516,38.0418776049508,5.));
#11522=CARTESIAN_POINT('Ctrl Pts',(34.6417896667516,38.0418776049508,3.));
#11523=CARTESIAN_POINT('Ctrl Pts',(34.6630287915468,38.0000004917383,5.));
#11524=CARTESIAN_POINT('Ctrl Pts',(34.6630287915468,38.0000004917383,3.));
#11525=CARTESIAN_POINT('',(34.5699191838503,38.2609144598246,5.));
#11526=CARTESIAN_POINT('Ctrl Pts',(34.5699191838503,38.2609144598246,5.));
#11527=CARTESIAN_POINT('Ctrl Pts',(34.5797812836913,38.2158432809133,5.));
#11528=CARTESIAN_POINT('Ctrl Pts',(34.5996793303098,38.1249064182185,5.));
#11529=CARTESIAN_POINT('Ctrl Pts',(34.6417896667516,38.0418776049508,5.));
#11530=CARTESIAN_POINT('Ctrl Pts',(34.6630287915468,38.0000004917383,5.));
#11531=CARTESIAN_POINT('',(34.5699191838503,38.2609144598246,3.));
#11532=CARTESIAN_POINT('',(34.5699191838503,38.2609144598246,5.));
#11533=CARTESIAN_POINT('Ctrl Pts',(34.5699191838503,38.2609144598246,3.));
#11534=CARTESIAN_POINT('Ctrl Pts',(34.5797812836913,38.2158432809133,3.));
#11535=CARTESIAN_POINT('Ctrl Pts',(34.5996793303098,38.1249064182185,3.));
#11536=CARTESIAN_POINT('Ctrl Pts',(34.6417896667516,38.0418776049508,3.));
#11537=CARTESIAN_POINT('Ctrl Pts',(34.6630287915468,38.0000004917383,3.));
#11538=CARTESIAN_POINT('Ctrl Pts',(34.5463848859072,38.9106417447329,5.));
#11539=CARTESIAN_POINT('Ctrl Pts',(34.5463848859072,38.9106417447329,3.));
#11540=CARTESIAN_POINT('Ctrl Pts',(34.545538660667,38.7707636234015,5.));
#11541=CARTESIAN_POINT('Ctrl Pts',(34.545538660667,38.7707636234015,3.));
#11542=CARTESIAN_POINT('Ctrl Pts',(34.5442259275529,38.553773355209,5.));
#11543=CARTESIAN_POINT('Ctrl Pts',(34.5442259275529,38.553773355209,3.));
#11544=CARTESIAN_POINT('Ctrl Pts',(34.5631825436476,38.3377005621976,5.));
#11545=CARTESIAN_POINT('Ctrl Pts',(34.5631825436476,38.3377005621976,3.));
#11546=CARTESIAN_POINT('Ctrl Pts',(34.5699191838503,38.2609144598246,5.));
#11547=CARTESIAN_POINT('Ctrl Pts',(34.5699191838503,38.2609144598246,3.));
#11548=CARTESIAN_POINT('',(34.5463848859072,38.9106417447329,5.));
#11549=CARTESIAN_POINT('Ctrl Pts',(34.5463848859072,38.9106417447329,5.));
#11550=CARTESIAN_POINT('Ctrl Pts',(34.545538660667,38.7707636234015,5.));
#11551=CARTESIAN_POINT('Ctrl Pts',(34.5442259275529,38.553773355209,5.));
#11552=CARTESIAN_POINT('Ctrl Pts',(34.5631825436476,38.3377005621976,5.));
#11553=CARTESIAN_POINT('Ctrl Pts',(34.5699191838503,38.2609144598246,5.));
#11554=CARTESIAN_POINT('',(34.5463848859072,38.9106417447329,3.));
#11555=CARTESIAN_POINT('',(34.5463848859072,38.9106417447329,5.));
#11556=CARTESIAN_POINT('Ctrl Pts',(34.5463848859072,38.9106417447329,3.));
#11557=CARTESIAN_POINT('Ctrl Pts',(34.545538660667,38.7707636234015,3.));
#11558=CARTESIAN_POINT('Ctrl Pts',(34.5442259275529,38.553773355209,3.));
#11559=CARTESIAN_POINT('Ctrl Pts',(34.5631825436476,38.3377005621976,3.));
#11560=CARTESIAN_POINT('Ctrl Pts',(34.5699191838503,38.2609144598246,3.));
#11561=CARTESIAN_POINT('Origin',(34.5463848859072,39.4017740339041,5.));
#11562=CARTESIAN_POINT('',(34.5463848859072,39.4017740339041,5.));
#11563=CARTESIAN_POINT('',(34.5463848859072,20.9602033341146,5.));
#11564=CARTESIAN_POINT('',(34.5463848859072,39.4017740339041,3.));
#11565=CARTESIAN_POINT('',(34.5463848859072,39.4017740339041,5.));
#11566=CARTESIAN_POINT('',(34.5463848859072,39.4017740339041,3.));
#11567=CARTESIAN_POINT('Ctrl Pts',(34.5279670506716,39.7414740175009,5.));
#11568=CARTESIAN_POINT('Ctrl Pts',(34.5279670506716,39.7414740175009,3.));
#11569=CARTESIAN_POINT('Ctrl Pts',(34.5332780811042,39.69752141626,5.));
#11570=CARTESIAN_POINT('Ctrl Pts',(34.5332780811042,39.69752141626,3.));
#11571=CARTESIAN_POINT('Ctrl Pts',(34.5469034126426,39.5847619863384,5.));
#11572=CARTESIAN_POINT('Ctrl Pts',(34.5469034126426,39.5847619863384,3.));
#11573=CARTESIAN_POINT('Ctrl Pts',(34.5465813881677,39.4711196314325,5.));
#11574=CARTESIAN_POINT('Ctrl Pts',(34.5465813881677,39.4711196314325,3.));
#11575=CARTESIAN_POINT('Ctrl Pts',(34.5463848859072,39.4017740339041,5.));
#11576=CARTESIAN_POINT('Ctrl Pts',(34.5463848859072,39.4017740339041,3.));
#11577=CARTESIAN_POINT('',(34.5279670506716,39.7414740175009,5.));
#11578=CARTESIAN_POINT('Ctrl Pts',(34.5279670506716,39.7414740175009,5.));
#11579=CARTESIAN_POINT('Ctrl Pts',(34.5332780811042,39.69752141626,5.));
#11580=CARTESIAN_POINT('Ctrl Pts',(34.5469034126426,39.5847619863384,5.));
#11581=CARTESIAN_POINT('Ctrl Pts',(34.5465813881677,39.4711196314325,5.));
#11582=CARTESIAN_POINT('Ctrl Pts',(34.5463848859072,39.4017740339041,5.));
#11583=CARTESIAN_POINT('',(34.5279670506716,39.7414740175009,3.));
#11584=CARTESIAN_POINT('',(34.5279670506716,39.7414740175009,5.));
#11585=CARTESIAN_POINT('Ctrl Pts',(34.5279670506716,39.7414740175009,3.));
#11586=CARTESIAN_POINT('Ctrl Pts',(34.5332780811042,39.69752141626,3.));
#11587=CARTESIAN_POINT('Ctrl Pts',(34.5469034126426,39.5847619863384,3.));
#11588=CARTESIAN_POINT('Ctrl Pts',(34.5465813881677,39.4711196314325,3.));
#11589=CARTESIAN_POINT('Ctrl Pts',(34.5463848859072,39.4017740339041,3.));
#11590=CARTESIAN_POINT('Ctrl Pts',(34.4133711606264,39.9921561032534,5.));
#11591=CARTESIAN_POINT('Ctrl Pts',(34.4133711606264,39.9921561032534,3.));
#11592=CARTESIAN_POINT('Ctrl Pts',(34.4388395519112,39.9557811137806,5.));
#11593=CARTESIAN_POINT('Ctrl Pts',(34.4388395519112,39.9557811137806,3.));
#11594=CARTESIAN_POINT('Ctrl Pts',(34.4923642820659,39.8793349231225,5.));
#11595=CARTESIAN_POINT('Ctrl Pts',(34.4923642820659,39.8793349231225,3.));
#11596=CARTESIAN_POINT('Ctrl Pts',(34.5157229926732,39.7888854124639,5.));
#11597=CARTESIAN_POINT('Ctrl Pts',(34.5157229926732,39.7888854124639,3.));
#11598=CARTESIAN_POINT('Ctrl Pts',(34.5279670506716,39.7414740175009,5.));
#11599=CARTESIAN_POINT('Ctrl Pts',(34.5279670506716,39.7414740175009,3.));
#11600=CARTESIAN_POINT('',(34.4133711606264,39.9921561032534,5.));
#11601=CARTESIAN_POINT('Ctrl Pts',(34.4133711606264,39.9921561032534,5.));
#11602=CARTESIAN_POINT('Ctrl Pts',(34.4388395519112,39.9557811137806,5.));
#11603=CARTESIAN_POINT('Ctrl Pts',(34.4923642820659,39.8793349231225,5.));
#11604=CARTESIAN_POINT('Ctrl Pts',(34.5157229926732,39.7888854124639,5.));
#11605=CARTESIAN_POINT('Ctrl Pts',(34.5279670506716,39.7414740175009,5.));
#11606=CARTESIAN_POINT('',(34.4133711606264,39.9921561032534,3.));
#11607=CARTESIAN_POINT('',(34.4133711606264,39.9921561032534,5.));
#11608=CARTESIAN_POINT('Ctrl Pts',(34.4133711606264,39.9921561032534,3.));
#11609=CARTESIAN_POINT('Ctrl Pts',(34.4388395519112,39.9557811137806,3.));
#11610=CARTESIAN_POINT('Ctrl Pts',(34.4923642820659,39.8793349231225,3.));
#11611=CARTESIAN_POINT('Ctrl Pts',(34.5157229926732,39.7888854124639,3.));
#11612=CARTESIAN_POINT('Ctrl Pts',(34.5279670506716,39.7414740175009,3.));
#11613=CARTESIAN_POINT('Ctrl Pts',(34.1575718671083,40.1568900793791,5.));
#11614=CARTESIAN_POINT('Ctrl Pts',(34.1575718671083,40.1568900793791,3.));
#11615=CARTESIAN_POINT('Ctrl Pts',(34.2100585715037,40.1355421449192,5.));
#11616=CARTESIAN_POINT('Ctrl Pts',(34.2100585715037,40.1355421449192,3.));
#11617=CARTESIAN_POINT('Ctrl Pts',(34.3058728589928,40.0965715684046,5.));
#11618=CARTESIAN_POINT('Ctrl Pts',(34.3058728589928,40.0965715684046,3.));
#11619=CARTESIAN_POINT('Ctrl Pts',(34.379897113045,40.0246701820397,5.));
#11620=CARTESIAN_POINT('Ctrl Pts',(34.379897113045,40.0246701820397,3.));
#11621=CARTESIAN_POINT('Ctrl Pts',(34.4133711606264,39.9921561032534,5.));
#11622=CARTESIAN_POINT('Ctrl Pts',(34.4133711606264,39.9921561032534,3.));
#11623=CARTESIAN_POINT('',(34.1575718671083,40.1568900793791,5.));
#11624=CARTESIAN_POINT('Ctrl Pts',(34.1575718671083,40.1568900793791,5.));
#11625=CARTESIAN_POINT('Ctrl Pts',(34.2100585715037,40.1355421449192,5.));
#11626=CARTESIAN_POINT('Ctrl Pts',(34.3058728589928,40.0965715684046,5.));
#11627=CARTESIAN_POINT('Ctrl Pts',(34.379897113045,40.0246701820397,5.));
#11628=CARTESIAN_POINT('Ctrl Pts',(34.4133711606264,39.9921561032534,5.));
#11629=CARTESIAN_POINT('',(34.1575718671083,40.1568900793791,3.));
#11630=CARTESIAN_POINT('',(34.1575718671083,40.1568900793791,5.));
#11631=CARTESIAN_POINT('Ctrl Pts',(34.1575718671083,40.1568900793791,3.));
#11632=CARTESIAN_POINT('Ctrl Pts',(34.2100585715037,40.1355421449192,3.));
#11633=CARTESIAN_POINT('Ctrl Pts',(34.3058728589928,40.0965715684046,3.));
#11634=CARTESIAN_POINT('Ctrl Pts',(34.379897113045,40.0246701820397,3.));
#11635=CARTESIAN_POINT('Ctrl Pts',(34.4133711606264,39.9921561032534,3.));
#11636=CARTESIAN_POINT('Ctrl Pts',(33.7053204327822,40.2223744243383,5.));
#11637=CARTESIAN_POINT('Ctrl Pts',(33.7053204327822,40.2223744243383,3.));
#11638=CARTESIAN_POINT('Ctrl Pts',(33.7900139090728,40.2209483685448,5.));
#11639=CARTESIAN_POINT('Ctrl Pts',(33.7900139090728,40.2209483685448,3.));
#11640=CARTESIAN_POINT('Ctrl Pts',(33.9437271501337,40.2183601685137,5.));
#11641=CARTESIAN_POINT('Ctrl Pts',(33.9437271501337,40.2183601685137,3.));
#11642=CARTESIAN_POINT('Ctrl Pts',(34.0913063757956,40.175938226629,5.));
#11643=CARTESIAN_POINT('Ctrl Pts',(34.0913063757956,40.175938226629,3.));
#11644=CARTESIAN_POINT('Ctrl Pts',(34.1575718671083,40.1568900793791,5.));
#11645=CARTESIAN_POINT('Ctrl Pts',(34.1575718671083,40.1568900793791,3.));
#11646=CARTESIAN_POINT('',(33.7053204327822,40.2223744243383,5.));
#11647=CARTESIAN_POINT('Ctrl Pts',(33.7053204327822,40.2223744243383,5.));
#11648=CARTESIAN_POINT('Ctrl Pts',(33.7900139090728,40.2209483685448,5.));
#11649=CARTESIAN_POINT('Ctrl Pts',(33.9437271501337,40.2183601685137,5.));
#11650=CARTESIAN_POINT('Ctrl Pts',(34.0913063757956,40.175938226629,5.));
#11651=CARTESIAN_POINT('Ctrl Pts',(34.1575718671083,40.1568900793791,5.));
#11652=CARTESIAN_POINT('',(33.7053204327822,40.2223744243383,3.));
#11653=CARTESIAN_POINT('',(33.7053204327822,40.2223744243383,5.));
#11654=CARTESIAN_POINT('Ctrl Pts',(33.7053204327822,40.2223744243383,3.));
#11655=CARTESIAN_POINT('Ctrl Pts',(33.7900139090728,40.2209483685448,3.));
#11656=CARTESIAN_POINT('Ctrl Pts',(33.9437271501337,40.2183601685137,3.));
#11657=CARTESIAN_POINT('Ctrl Pts',(34.0913063757956,40.175938226629,3.));
#11658=CARTESIAN_POINT('Ctrl Pts',(34.1575718671083,40.1568900793791,3.));
#11659=CARTESIAN_POINT('Ctrl Pts',(33.2121420651674,40.1456349343061,5.));
#11660=CARTESIAN_POINT('Ctrl Pts',(33.2121420651674,40.1456349343061,3.));
#11661=CARTESIAN_POINT('Ctrl Pts',(33.288200851653,40.1679991612943,5.));
#11662=CARTESIAN_POINT('Ctrl Pts',(33.288200851653,40.1679991612943,3.));
#11663=CARTESIAN_POINT('Ctrl Pts',(33.4491066068064,40.2153116809679,5.));
#11664=CARTESIAN_POINT('Ctrl Pts',(33.4491066068064,40.2153116809679,3.));
#11665=CARTESIAN_POINT('Ctrl Pts',(33.616861732806,40.2199359880266,5.));
#11666=CARTESIAN_POINT('Ctrl Pts',(33.616861732806,40.2199359880266,3.));
#11667=CARTESIAN_POINT('Ctrl Pts',(33.7053204327822,40.2223744243383,5.));
#11668=CARTESIAN_POINT('Ctrl Pts',(33.7053204327822,40.2223744243383,3.));
#11669=CARTESIAN_POINT('',(33.2121420651674,40.1456349343061,5.));
#11670=CARTESIAN_POINT('Ctrl Pts',(33.2121420651674,40.1456349343061,5.));
#11671=CARTESIAN_POINT('Ctrl Pts',(33.288200851653,40.1679991612943,5.));
#11672=CARTESIAN_POINT('Ctrl Pts',(33.4491066068064,40.2153116809679,5.));
#11673=CARTESIAN_POINT('Ctrl Pts',(33.616861732806,40.2199359880266,5.));
#11674=CARTESIAN_POINT('Ctrl Pts',(33.7053204327822,40.2223744243383,5.));
#11675=CARTESIAN_POINT('',(33.2121420651674,40.1456349343061,3.));
#11676=CARTESIAN_POINT('',(33.2121420651674,40.1456349343061,5.));
#11677=CARTESIAN_POINT('Ctrl Pts',(33.2121420651674,40.1456349343061,3.));
#11678=CARTESIAN_POINT('Ctrl Pts',(33.288200851653,40.1679991612943,3.));
#11679=CARTESIAN_POINT('Ctrl Pts',(33.4491066068064,40.2153116809679,3.));
#11680=CARTESIAN_POINT('Ctrl Pts',(33.616861732806,40.2199359880266,3.));
#11681=CARTESIAN_POINT('Ctrl Pts',(33.7053204327822,40.2223744243383,3.));
#11682=CARTESIAN_POINT('Ctrl Pts',(32.8867674618959,39.9266717582941,5.));
#11683=CARTESIAN_POINT('Ctrl Pts',(32.8867674618959,39.9266717582941,3.));
#11684=CARTESIAN_POINT('Ctrl Pts',(32.9303294234114,39.9719970781914,5.));
#11685=CARTESIAN_POINT('Ctrl Pts',(32.9303294234114,39.9719970781914,3.));
#11686=CARTESIAN_POINT('Ctrl Pts',(33.0228457843583,40.0682584380971,5.));
#11687=CARTESIAN_POINT('Ctrl Pts',(33.0228457843583,40.0682584380971,3.));
#11688=CARTESIAN_POINT('Ctrl Pts',(33.1466381708162,40.1188596494919,5.));
#11689=CARTESIAN_POINT('Ctrl Pts',(33.1466381708162,40.1188596494919,3.));
#11690=CARTESIAN_POINT('Ctrl Pts',(33.2121420651674,40.1456349343061,5.));
#11691=CARTESIAN_POINT('Ctrl Pts',(33.2121420651674,40.1456349343061,3.));
#11692=CARTESIAN_POINT('',(32.8867674618959,39.9266717582941,5.));
#11693=CARTESIAN_POINT('Ctrl Pts',(32.8867674618959,39.9266717582941,5.));
#11694=CARTESIAN_POINT('Ctrl Pts',(32.9303294234114,39.9719970781914,5.));
#11695=CARTESIAN_POINT('Ctrl Pts',(33.0228457843583,40.0682584380971,5.));
#11696=CARTESIAN_POINT('Ctrl Pts',(33.1466381708162,40.1188596494919,5.));
#11697=CARTESIAN_POINT('Ctrl Pts',(33.2121420651674,40.1456349343061,5.));
#11698=CARTESIAN_POINT('',(32.8867674618959,39.9266717582941,3.));
#11699=CARTESIAN_POINT('',(32.8867674618959,39.9266717582941,5.));
#11700=CARTESIAN_POINT('Ctrl Pts',(32.8867674618959,39.9266717582941,3.));
#11701=CARTESIAN_POINT('Ctrl Pts',(32.9303294234114,39.9719970781914,3.));
#11702=CARTESIAN_POINT('Ctrl Pts',(33.0228457843583,40.0682584380971,3.));
#11703=CARTESIAN_POINT('Ctrl Pts',(33.1466381708162,40.1188596494919,3.));
#11704=CARTESIAN_POINT('Ctrl Pts',(33.2121420651674,40.1456349343061,3.));
#11705=CARTESIAN_POINT('Ctrl Pts',(32.7251029759645,39.5532066375017,5.));
#11706=CARTESIAN_POINT('Ctrl Pts',(32.7251029759645,39.5532066375017,3.));
#11707=CARTESIAN_POINT('Ctrl Pts',(32.7426694300366,39.6246783069896,5.));
#11708=CARTESIAN_POINT('Ctrl Pts',(32.7426694300366,39.6246783069896,3.));
#11709=CARTESIAN_POINT('Ctrl Pts',(32.7755501714835,39.7584583786855,5.));
#11710=CARTESIAN_POINT('Ctrl Pts',(32.7755501714835,39.7584583786855,3.));
#11711=CARTESIAN_POINT('Ctrl Pts',(32.851427436419,39.873220850626,5.));
#11712=CARTESIAN_POINT('Ctrl Pts',(32.851427436419,39.873220850626,3.));
#11713=CARTESIAN_POINT('Ctrl Pts',(32.8867674618959,39.9266717582941,5.));
#11714=CARTESIAN_POINT('Ctrl Pts',(32.8867674618959,39.9266717582941,3.));
#11715=CARTESIAN_POINT('',(32.7251029759645,39.5532066375017,5.));
#11716=CARTESIAN_POINT('Ctrl Pts',(32.7251029759645,39.5532066375017,5.));
#11717=CARTESIAN_POINT('Ctrl Pts',(32.7426694300366,39.6246783069896,5.));
#11718=CARTESIAN_POINT('Ctrl Pts',(32.7755501714835,39.7584583786855,5.));
#11719=CARTESIAN_POINT('Ctrl Pts',(32.851427436419,39.873220850626,5.));
#11720=CARTESIAN_POINT('Ctrl Pts',(32.8867674618959,39.9266717582941,5.));
#11721=CARTESIAN_POINT('',(32.7251029759645,39.5532066375017,3.));
#11722=CARTESIAN_POINT('',(32.7251029759645,39.5532066375017,5.));
#11723=CARTESIAN_POINT('Ctrl Pts',(32.7251029759645,39.5532066375017,3.));
#11724=CARTESIAN_POINT('Ctrl Pts',(32.7426694300366,39.6246783069896,3.));
#11725=CARTESIAN_POINT('Ctrl Pts',(32.7755501714835,39.7584583786855,3.));
#11726=CARTESIAN_POINT('Ctrl Pts',(32.851427436419,39.873220850626,3.));
#11727=CARTESIAN_POINT('Ctrl Pts',(32.8867674618959,39.9266717582941,3.));
#11728=CARTESIAN_POINT('Origin',(33.0852652341127,39.5040933042765,5.));
#11729=CARTESIAN_POINT('',(33.0852652341127,39.5040933042765,5.));
#11730=CARTESIAN_POINT('',(41.5241713286679,38.3533263993557,5.));
#11731=CARTESIAN_POINT('',(33.0852652341127,39.5040933042765,3.));
#11732=CARTESIAN_POINT('',(33.0852652341127,39.5040933042765,5.));
#11733=CARTESIAN_POINT('',(33.0852652341127,39.5040933042765,3.));
#11734=CARTESIAN_POINT('Ctrl Pts',(33.2684183865786,39.8263990134001,5.));
#11735=CARTESIAN_POINT('Ctrl Pts',(33.2684183865786,39.8263990134001,3.));
#11736=CARTESIAN_POINT('Ctrl Pts',(33.2289815872188,39.7864702033402,5.));
#11737=CARTESIAN_POINT('Ctrl Pts',(33.2289815872188,39.7864702033402,3.));
#11738=CARTESIAN_POINT('Ctrl Pts',(33.1395550212843,39.6959279579382,5.));
#11739=CARTESIAN_POINT('Ctrl Pts',(33.1395550212843,39.6959279579382,3.));
#11740=CARTESIAN_POINT('Ctrl Pts',(33.1047316319103,39.5728784271161,5.));
#11741=CARTESIAN_POINT('Ctrl Pts',(33.1047316319103,39.5728784271161,3.));
#11742=CARTESIAN_POINT('Ctrl Pts',(33.0852652341127,39.5040933042765,5.));
#11743=CARTESIAN_POINT('Ctrl Pts',(33.0852652341127,39.5040933042765,3.));
#11744=CARTESIAN_POINT('',(33.2684183865786,39.8263990134001,5.));
#11745=CARTESIAN_POINT('Ctrl Pts',(33.2684183865786,39.8263990134001,5.));
#11746=CARTESIAN_POINT('Ctrl Pts',(33.2289815872188,39.7864702033402,5.));
#11747=CARTESIAN_POINT('Ctrl Pts',(33.1395550212843,39.6959279579382,5.));
#11748=CARTESIAN_POINT('Ctrl Pts',(33.1047316319103,39.5728784271161,5.));
#11749=CARTESIAN_POINT('Ctrl Pts',(33.0852652341127,39.5040933042765,5.));
#11750=CARTESIAN_POINT('',(33.2684183865786,39.8263990134001,3.));
#11751=CARTESIAN_POINT('',(33.2684183865786,39.8263990134001,5.));
#11752=CARTESIAN_POINT('Ctrl Pts',(33.2684183865786,39.8263990134001,3.));
#11753=CARTESIAN_POINT('Ctrl Pts',(33.2289815872188,39.7864702033402,3.));
#11754=CARTESIAN_POINT('Ctrl Pts',(33.1395550212843,39.6959279579382,3.));
#11755=CARTESIAN_POINT('Ctrl Pts',(33.1047316319103,39.5728784271161,3.));
#11756=CARTESIAN_POINT('Ctrl Pts',(33.0852652341127,39.5040933042765,3.));
#11757=CARTESIAN_POINT('Ctrl Pts',(33.6521149426699,39.9174629896879,5.));
#11758=CARTESIAN_POINT('Ctrl Pts',(33.6521149426699,39.9174629896879,3.));
#11759=CARTESIAN_POINT('Ctrl Pts',(33.5751635464204,39.9162649775189,5.));
#11760=CARTESIAN_POINT('Ctrl Pts',(33.5751635464204,39.9162649775189,3.));
#11761=CARTESIAN_POINT('Ctrl Pts',(33.4399180797597,39.9141594183898,5.));
#11762=CARTESIAN_POINT('Ctrl Pts',(33.4399180797597,39.9141594183898,3.));
#11763=CARTESIAN_POINT('Ctrl Pts',(33.3200740603549,39.8528324300817,5.));
#11764=CARTESIAN_POINT('Ctrl Pts',(33.3200740603549,39.8528324300817,3.));
#11765=CARTESIAN_POINT('Ctrl Pts',(33.2684183865786,39.8263990134001,5.));
#11766=CARTESIAN_POINT('Ctrl Pts',(33.2684183865786,39.8263990134001,3.));
#11767=CARTESIAN_POINT('',(33.6521149426699,39.9174629896879,5.));
#11768=CARTESIAN_POINT('Ctrl Pts',(33.6521149426699,39.9174629896879,5.));
#11769=CARTESIAN_POINT('Ctrl Pts',(33.5751635464204,39.9162649775189,5.));
#11770=CARTESIAN_POINT('Ctrl Pts',(33.4399180797597,39.9141594183898,5.));
#11771=CARTESIAN_POINT('Ctrl Pts',(33.3200740603549,39.8528324300817,5.));
#11772=CARTESIAN_POINT('Ctrl Pts',(33.2684183865786,39.8263990134001,5.));
#11773=CARTESIAN_POINT('',(33.6521149426699,39.9174629896879,3.));
#11774=CARTESIAN_POINT('',(33.6521149426699,39.9174629896879,5.));
#11775=CARTESIAN_POINT('Ctrl Pts',(33.6521149426699,39.9174629896879,3.));
#11776=CARTESIAN_POINT('Ctrl Pts',(33.5751635464204,39.9162649775189,3.));
#11777=CARTESIAN_POINT('Ctrl Pts',(33.4399180797597,39.9141594183898,3.));
#11778=CARTESIAN_POINT('Ctrl Pts',(33.3200740603549,39.8528324300817,3.));
#11779=CARTESIAN_POINT('Ctrl Pts',(33.2684183865786,39.8263990134001,3.));
#11780=CARTESIAN_POINT('Ctrl Pts',(34.071624353528,39.7926335781813,5.));
#11781=CARTESIAN_POINT('Ctrl Pts',(34.071624353528,39.7926335781813,3.));
#11782=CARTESIAN_POINT('Ctrl Pts',(34.0147562373981,39.8289366195633,5.));
#11783=CARTESIAN_POINT('Ctrl Pts',(34.0147562373981,39.8289366195633,3.));
#11784=CARTESIAN_POINT('Ctrl Pts',(33.88754521523,39.9101446376285,5.));
#11785=CARTESIAN_POINT('Ctrl Pts',(33.88754521523,39.9101446376285,3.));
#11786=CARTESIAN_POINT('Ctrl Pts',(33.7359444554091,39.9148571485592,5.));
#11787=CARTESIAN_POINT('Ctrl Pts',(33.7359444554091,39.9148571485592,3.));
#11788=CARTESIAN_POINT('Ctrl Pts',(33.6521149426699,39.9174629896879,5.));
#11789=CARTESIAN_POINT('Ctrl Pts',(33.6521149426699,39.9174629896879,3.));
#11790=CARTESIAN_POINT('',(34.071624353528,39.7926335781813,5.));
#11791=CARTESIAN_POINT('Ctrl Pts',(34.071624353528,39.7926335781813,5.));
#11792=CARTESIAN_POINT('Ctrl Pts',(34.0147562373981,39.8289366195633,5.));
#11793=CARTESIAN_POINT('Ctrl Pts',(33.88754521523,39.9101446376285,5.));
#11794=CARTESIAN_POINT('Ctrl Pts',(33.7359444554091,39.9148571485592,5.));
#11795=CARTESIAN_POINT('Ctrl Pts',(33.6521149426699,39.9174629896879,5.));
#11796=CARTESIAN_POINT('',(34.071624353528,39.7926335781813,3.));
#11797=CARTESIAN_POINT('',(34.071624353528,39.7926335781813,5.));
#11798=CARTESIAN_POINT('Ctrl Pts',(34.071624353528,39.7926335781813,3.));
#11799=CARTESIAN_POINT('Ctrl Pts',(34.0147562373981,39.8289366195633,3.));
#11800=CARTESIAN_POINT('Ctrl Pts',(33.88754521523,39.9101446376285,3.));
#11801=CARTESIAN_POINT('Ctrl Pts',(33.7359444554091,39.9148571485592,3.));
#11802=CARTESIAN_POINT('Ctrl Pts',(33.6521149426699,39.9174629896879,3.));
#11803=CARTESIAN_POINT('Ctrl Pts',(34.1759897023439,39.4754438847303,5.));
#11804=CARTESIAN_POINT('Ctrl Pts',(34.1759897023439,39.4754438847303,3.));
#11805=CARTESIAN_POINT('Ctrl Pts',(34.1745207873631,39.5420048254773,5.));
#11806=CARTESIAN_POINT('Ctrl Pts',(34.1745207873631,39.5420048254773,3.));
#11807=CARTESIAN_POINT('Ctrl Pts',(34.1719307356253,39.6593678332007,5.));
#11808=CARTESIAN_POINT('Ctrl Pts',(34.1719307356253,39.6593678332007,3.));
#11809=CARTESIAN_POINT('Ctrl Pts',(34.1019265524273,39.7523744737611,5.));
#11810=CARTESIAN_POINT('Ctrl Pts',(34.1019265524273,39.7523744737611,3.));
#11811=CARTESIAN_POINT('Ctrl Pts',(34.071624353528,39.7926335781813,5.));
#11812=CARTESIAN_POINT('Ctrl Pts',(34.071624353528,39.7926335781813,3.));
#11813=CARTESIAN_POINT('',(34.1759897023439,39.4754438847303,5.));
#11814=CARTESIAN_POINT('Ctrl Pts',(34.1759897023439,39.4754438847303,5.));
#11815=CARTESIAN_POINT('Ctrl Pts',(34.1745207873631,39.5420048254773,5.));
#11816=CARTESIAN_POINT('Ctrl Pts',(34.1719307356253,39.6593678332007,5.));
#11817=CARTESIAN_POINT('Ctrl Pts',(34.1019265524273,39.7523744737611,5.));
#11818=CARTESIAN_POINT('Ctrl Pts',(34.071624353528,39.7926335781813,5.));
#11819=CARTESIAN_POINT('',(34.1759897023439,39.4754438847303,3.));
#11820=CARTESIAN_POINT('',(34.1759897023439,39.4754438847303,5.));
#11821=CARTESIAN_POINT('Ctrl Pts',(34.1759897023439,39.4754438847303,3.));
#11822=CARTESIAN_POINT('Ctrl Pts',(34.1745207873631,39.5420048254773,3.));
#11823=CARTESIAN_POINT('Ctrl Pts',(34.1719307356253,39.6593678332007,3.));
#11824=CARTESIAN_POINT('Ctrl Pts',(34.1019265524273,39.7523744737611,3.));
#11825=CARTESIAN_POINT('Ctrl Pts',(34.071624353528,39.7926335781813,3.));
#11826=CARTESIAN_POINT('Ctrl Pts',(34.1739416867495,39.3792638927698,5.));
#11827=CARTESIAN_POINT('Ctrl Pts',(34.1739416867495,39.3792638927698,3.));
#11828=CARTESIAN_POINT('Ctrl Pts',(34.174518876435,39.3998969759796,5.));
#11829=CARTESIAN_POINT('Ctrl Pts',(34.174518876435,39.3998969759796,3.));
#11830=CARTESIAN_POINT('Ctrl Pts',(34.1754156034811,39.4319527181769,5.));
#11831=CARTESIAN_POINT('Ctrl Pts',(34.1754156034811,39.4319527181769,3.));
#11832=CARTESIAN_POINT('Ctrl Pts',(34.1758388749134,39.4640178720212,5.));
#11833=CARTESIAN_POINT('Ctrl Pts',(34.1758388749134,39.4640178720212,3.));
#11834=CARTESIAN_POINT('Ctrl Pts',(34.1759897023439,39.4754438847303,5.));
#11835=CARTESIAN_POINT('Ctrl Pts',(34.1759897023439,39.4754438847303,3.));
#11836=CARTESIAN_POINT('',(34.1739416867495,39.3792638927698,5.));
#11837=CARTESIAN_POINT('Ctrl Pts',(34.1739416867495,39.3792638927698,5.));
#11838=CARTESIAN_POINT('Ctrl Pts',(34.174518876435,39.3998969759796,5.));
#11839=CARTESIAN_POINT('Ctrl Pts',(34.1754156034811,39.4319527181769,5.));
#11840=CARTESIAN_POINT('Ctrl Pts',(34.1758388749134,39.4640178720212,5.));
#11841=CARTESIAN_POINT('Ctrl Pts',(34.1759897023439,39.4754438847303,5.));
#11842=CARTESIAN_POINT('',(34.1739416867495,39.3792638927698,3.));
#11843=CARTESIAN_POINT('',(34.1739416867495,39.3792638927698,5.));
#11844=CARTESIAN_POINT('Ctrl Pts',(34.1739416867495,39.3792638927698,3.));
#11845=CARTESIAN_POINT('Ctrl Pts',(34.174518876435,39.3998969759796,3.));
#11846=CARTESIAN_POINT('Ctrl Pts',(34.1754156034811,39.4319527181769,3.));
#11847=CARTESIAN_POINT('Ctrl Pts',(34.1758388749134,39.4640178720212,3.));
#11848=CARTESIAN_POINT('Ctrl Pts',(34.1759897023439,39.4754438847303,3.));
#11849=CARTESIAN_POINT('Ctrl Pts',(33.5170532017946,39.2523879557848,5.));
#11850=CARTESIAN_POINT('Ctrl Pts',(33.5170532017946,39.2523879557848,3.));
#11851=CARTESIAN_POINT('Ctrl Pts',(33.6468979947722,39.2681068628511,5.));
#11852=CARTESIAN_POINT('Ctrl Pts',(33.6468979947722,39.2681068628511,3.));
#11853=CARTESIAN_POINT('Ctrl Pts',(33.8689718581742,39.294990947616,5.));
#11854=CARTESIAN_POINT('Ctrl Pts',(33.8689718581742,39.294990947616,3.));
#11855=CARTESIAN_POINT('Ctrl Pts',(34.0844513232503,39.3545348350457,5.));
#11856=CARTESIAN_POINT('Ctrl Pts',(34.0844513232503,39.3545348350457,3.));
#11857=CARTESIAN_POINT('Ctrl Pts',(34.1739416867495,39.3792638927698,5.));
#11858=CARTESIAN_POINT('Ctrl Pts',(34.1739416867495,39.3792638927698,3.));
#11859=CARTESIAN_POINT('',(33.5170532017946,39.2523879557848,5.));
#11860=CARTESIAN_POINT('Ctrl Pts',(33.5170532017946,39.2523879557848,5.));
#11861=CARTESIAN_POINT('Ctrl Pts',(33.6468979947722,39.2681068628511,5.));
#11862=CARTESIAN_POINT('Ctrl Pts',(33.8689718581742,39.294990947616,5.));
#11863=CARTESIAN_POINT('Ctrl Pts',(34.0844513232503,39.3545348350457,5.));
#11864=CARTESIAN_POINT('Ctrl Pts',(34.1739416867495,39.3792638927698,5.));
#11865=CARTESIAN_POINT('',(33.5170532017946,39.2523879557848,3.));
#11866=CARTESIAN_POINT('',(33.5170532017946,39.2523879557848,5.));
#11867=CARTESIAN_POINT('Ctrl Pts',(33.5170532017946,39.2523879557848,3.));
#11868=CARTESIAN_POINT('Ctrl Pts',(33.6468979947722,39.2681068628511,3.));
#11869=CARTESIAN_POINT('Ctrl Pts',(33.8689718581742,39.294990947616,3.));
#11870=CARTESIAN_POINT('Ctrl Pts',(34.0844513232503,39.3545348350457,3.));
#11871=CARTESIAN_POINT('Ctrl Pts',(34.1739416867495,39.3792638927698,3.));
#11872=CARTESIAN_POINT('Ctrl Pts',(33.1896329671144,39.1971356421709,5.));
#11873=CARTESIAN_POINT('Ctrl Pts',(33.1896329671144,39.1971356421709,3.));
#11874=CARTESIAN_POINT('Ctrl Pts',(33.2348896467245,39.2071171456853,5.));
#11875=CARTESIAN_POINT('Ctrl Pts',(33.2348896467245,39.2071171456853,3.));
#11876=CARTESIAN_POINT('Ctrl Pts',(33.3430820129987,39.2309793135134,5.));
#11877=CARTESIAN_POINT('Ctrl Pts',(33.3430820129987,39.2309793135134,3.));
#11878=CARTESIAN_POINT('Ctrl Pts',(33.4530718963415,39.2445145090952,5.));
#11879=CARTESIAN_POINT('Ctrl Pts',(33.4530718963415,39.2445145090952,3.));
#11880=CARTESIAN_POINT('Ctrl Pts',(33.5170532017946,39.2523879557848,5.));
#11881=CARTESIAN_POINT('Ctrl Pts',(33.5170532017946,39.2523879557848,3.));
#11882=CARTESIAN_POINT('',(33.1896329671144,39.1971356421709,5.));
#11883=CARTESIAN_POINT('Ctrl Pts',(33.1896329671144,39.1971356421709,5.));
#11884=CARTESIAN_POINT('Ctrl Pts',(33.2348896467245,39.2071171456853,5.));
#11885=CARTESIAN_POINT('Ctrl Pts',(33.3430820129987,39.2309793135134,5.));
#11886=CARTESIAN_POINT('Ctrl Pts',(33.4530718963415,39.2445145090952,5.));
#11887=CARTESIAN_POINT('Ctrl Pts',(33.5170532017946,39.2523879557848,5.));
#11888=CARTESIAN_POINT('',(33.1896329671144,39.1971356421709,3.));
#11889=CARTESIAN_POINT('',(33.1896329671144,39.1971356421709,5.));
#11890=CARTESIAN_POINT('Ctrl Pts',(33.1896329671144,39.1971356421709,3.));
#11891=CARTESIAN_POINT('Ctrl Pts',(33.2348896467245,39.2071171456853,3.));
#11892=CARTESIAN_POINT('Ctrl Pts',(33.3430820129987,39.2309793135134,3.));
#11893=CARTESIAN_POINT('Ctrl Pts',(33.4530718963415,39.2445145090952,3.));
#11894=CARTESIAN_POINT('Ctrl Pts',(33.5170532017946,39.2523879557848,3.));
#11895=CARTESIAN_POINT('Ctrl Pts',(32.9246259480715,39.0763986855745,5.));
#11896=CARTESIAN_POINT('Ctrl Pts',(32.9246259480715,39.0763986855745,3.));
#11897=CARTESIAN_POINT('Ctrl Pts',(32.9655241913283,39.1015026207332,5.));
#11898=CARTESIAN_POINT('Ctrl Pts',(32.9655241913283,39.1015026207332,3.));
#11899=CARTESIAN_POINT('Ctrl Pts',(33.0488682491998,39.152660412806,5.));
#11900=CARTESIAN_POINT('Ctrl Pts',(33.0488682491998,39.152660412806,3.));
#11901=CARTESIAN_POINT('Ctrl Pts',(33.1421341263667,39.1821281753275,5.));
#11902=CARTESIAN_POINT('Ctrl Pts',(33.1421341263667,39.1821281753275,3.));
#11903=CARTESIAN_POINT('Ctrl Pts',(33.1896329671144,39.1971356421709,5.));
#11904=CARTESIAN_POINT('Ctrl Pts',(33.1896329671144,39.1971356421709,3.));
#11905=CARTESIAN_POINT('',(32.9246259480715,39.0763986855745,5.));
#11906=CARTESIAN_POINT('Ctrl Pts',(32.9246259480715,39.0763986855745,5.));
#11907=CARTESIAN_POINT('Ctrl Pts',(32.9655241913283,39.1015026207332,5.));
#11908=CARTESIAN_POINT('Ctrl Pts',(33.0488682491998,39.152660412806,5.));
#11909=CARTESIAN_POINT('Ctrl Pts',(33.1421341263667,39.1821281753275,5.));
#11910=CARTESIAN_POINT('Ctrl Pts',(33.1896329671144,39.1971356421709,5.));
#11911=CARTESIAN_POINT('',(32.9246259480715,39.0763986855745,3.));
#11912=CARTESIAN_POINT('',(32.9246259480715,39.0763986855745,5.));
#11913=CARTESIAN_POINT('Ctrl Pts',(32.9246259480715,39.0763986855745,3.));
#11914=CARTESIAN_POINT('Ctrl Pts',(32.9655241913283,39.1015026207332,3.));
#11915=CARTESIAN_POINT('Ctrl Pts',(33.0488682491998,39.152660412806,3.));
#11916=CARTESIAN_POINT('Ctrl Pts',(33.1421341263667,39.1821281753275,3.));
#11917=CARTESIAN_POINT('Ctrl Pts',(33.1896329671144,39.1971356421709,3.));
#11918=CARTESIAN_POINT('Ctrl Pts',(32.7343107014894,38.8645980507135,5.));
#11919=CARTESIAN_POINT('Ctrl Pts',(32.7343107014894,38.8645980507135,3.));
#11920=CARTESIAN_POINT('Ctrl Pts',(32.7600976932715,38.9062130482108,5.));
#11921=CARTESIAN_POINT('Ctrl Pts',(32.7600976932715,38.9062130482108,3.));
#11922=CARTESIAN_POINT('Ctrl Pts',(32.8109044947753,38.9882049662789,5.));
#11923=CARTESIAN_POINT('Ctrl Pts',(32.8109044947753,38.9882049662789,3.));
#11924=CARTESIAN_POINT('Ctrl Pts',(32.8871023257341,39.0472982149117,5.));
#11925=CARTESIAN_POINT('Ctrl Pts',(32.8871023257341,39.0472982149117,3.));
#11926=CARTESIAN_POINT('Ctrl Pts',(32.9246259480715,39.0763986855745,5.));
#11927=CARTESIAN_POINT('Ctrl Pts',(32.9246259480715,39.0763986855745,3.));
#11928=CARTESIAN_POINT('',(32.7343107014894,38.8645980507135,5.));
#11929=CARTESIAN_POINT('Ctrl Pts',(32.7343107014894,38.8645980507135,5.));
#11930=CARTESIAN_POINT('Ctrl Pts',(32.7600976932715,38.9062130482108,5.));
#11931=CARTESIAN_POINT('Ctrl Pts',(32.8109044947753,38.9882049662789,5.));
#11932=CARTESIAN_POINT('Ctrl Pts',(32.8871023257341,39.0472982149117,5.));
#11933=CARTESIAN_POINT('Ctrl Pts',(32.9246259480715,39.0763986855745,5.));
#11934=CARTESIAN_POINT('',(32.7343107014894,38.8645980507135,3.));
#11935=CARTESIAN_POINT('',(32.7343107014894,38.8645980507135,5.));
#11936=CARTESIAN_POINT('Ctrl Pts',(32.7343107014894,38.8645980507135,3.));
#11937=CARTESIAN_POINT('Ctrl Pts',(32.7600976932715,38.9062130482108,3.));
#11938=CARTESIAN_POINT('Ctrl Pts',(32.8109044947753,38.9882049662789,3.));
#11939=CARTESIAN_POINT('Ctrl Pts',(32.8871023257341,39.0472982149117,3.));
#11940=CARTESIAN_POINT('Ctrl Pts',(32.9246259480715,39.0763986855745,3.));
#11941=CARTESIAN_POINT('Ctrl Pts',(32.6616645604372,38.5729882866144,5.));
#11942=CARTESIAN_POINT('Ctrl Pts',(32.6616645604372,38.5729882866144,3.));
#11943=CARTESIAN_POINT('Ctrl Pts',(32.6645034621677,38.624699492698,5.));
#11944=CARTESIAN_POINT('Ctrl Pts',(32.6645034621677,38.624699492698,3.));
#11945=CARTESIAN_POINT('Ctrl Pts',(32.6700966373746,38.7265803830006,5.));
#11946=CARTESIAN_POINT('Ctrl Pts',(32.6700966373746,38.7265803830006,3.));
#11947=CARTESIAN_POINT('Ctrl Pts',(32.7131230188438,38.8190585792082,5.));
#11948=CARTESIAN_POINT('Ctrl Pts',(32.7131230188438,38.8190585792082,3.));
#11949=CARTESIAN_POINT('Ctrl Pts',(32.7343107014894,38.8645980507135,5.));
#11950=CARTESIAN_POINT('Ctrl Pts',(32.7343107014894,38.8645980507135,3.));
#11951=CARTESIAN_POINT('',(32.6616645604372,38.5729882866144,5.));
#11952=CARTESIAN_POINT('Ctrl Pts',(32.6616645604372,38.5729882866144,5.));
#11953=CARTESIAN_POINT('Ctrl Pts',(32.6645034621677,38.624699492698,5.));
#11954=CARTESIAN_POINT('Ctrl Pts',(32.6700966373746,38.7265803830006,5.));
#11955=CARTESIAN_POINT('Ctrl Pts',(32.7131230188438,38.8190585792082,5.));
#11956=CARTESIAN_POINT('Ctrl Pts',(32.7343107014894,38.8645980507135,5.));
#11957=CARTESIAN_POINT('',(32.6616645604372,38.5729882866144,3.));
#11958=CARTESIAN_POINT('',(32.6616645604372,38.5729882866144,5.));
#11959=CARTESIAN_POINT('Ctrl Pts',(32.6616645604372,38.5729882866144,3.));
#11960=CARTESIAN_POINT('Ctrl Pts',(32.6645034621677,38.624699492698,3.));
#11961=CARTESIAN_POINT('Ctrl Pts',(32.6700966373746,38.7265803830006,3.));
#11962=CARTESIAN_POINT('Ctrl Pts',(32.7131230188438,38.8190585792082,3.));
#11963=CARTESIAN_POINT('Ctrl Pts',(32.7343107014894,38.8645980507135,3.));
#11964=CARTESIAN_POINT('Ctrl Pts',(32.8540254384279,38.1258530169725,5.));
#11965=CARTESIAN_POINT('Ctrl Pts',(32.8540254384279,38.1258530169725,3.));
#11966=CARTESIAN_POINT('Ctrl Pts',(32.7979234475035,38.1888011336054,5.));
#11967=CARTESIAN_POINT('Ctrl Pts',(32.7979234475035,38.1888011336054,3.));
#11968=CARTESIAN_POINT('Ctrl Pts',(32.6842416318636,38.3163555407132,5.));
#11969=CARTESIAN_POINT('Ctrl Pts',(32.6842416318636,38.3163555407132,3.));
#11970=CARTESIAN_POINT('Ctrl Pts',(32.669255190847,38.4867058681197,5.));
#11971=CARTESIAN_POINT('Ctrl Pts',(32.669255190847,38.4867058681197,3.));
#11972=CARTESIAN_POINT('Ctrl Pts',(32.6616645604372,38.5729882866144,5.));
#11973=CARTESIAN_POINT('Ctrl Pts',(32.6616645604372,38.5729882866144,3.));
#11974=CARTESIAN_POINT('',(32.8540254384279,38.1258530169725,5.));
#11975=CARTESIAN_POINT('Ctrl Pts',(32.8540254384279,38.1258530169725,5.));
#11976=CARTESIAN_POINT('Ctrl Pts',(32.7979234475035,38.1888011336054,5.));
#11977=CARTESIAN_POINT('Ctrl Pts',(32.6842416318636,38.3163555407132,5.));
#11978=CARTESIAN_POINT('Ctrl Pts',(32.669255190847,38.4867058681197,5.));
#11979=CARTESIAN_POINT('Ctrl Pts',(32.6616645604372,38.5729882866144,5.));
#11980=CARTESIAN_POINT('',(32.8540254384279,38.1258530169725,3.));
#11981=CARTESIAN_POINT('',(32.8540254384279,38.1258530169725,5.));
#11982=CARTESIAN_POINT('Ctrl Pts',(32.8540254384279,38.1258530169725,3.));
#11983=CARTESIAN_POINT('Ctrl Pts',(32.7979234475035,38.1888011336054,3.));
#11984=CARTESIAN_POINT('Ctrl Pts',(32.6842416318636,38.3163555407132,3.));
#11985=CARTESIAN_POINT('Ctrl Pts',(32.669255190847,38.4867058681197,3.));
#11986=CARTESIAN_POINT('Ctrl Pts',(32.6616645604372,38.5729882866144,3.));
#11987=CARTESIAN_POINT('Ctrl Pts',(33.4045029431581,37.9508871585131,5.));
#11988=CARTESIAN_POINT('Ctrl Pts',(33.4045029431581,37.9508871585131,3.));
#11989=CARTESIAN_POINT('Ctrl Pts',(33.2955073865323,37.9552492991948,5.));
#11990=CARTESIAN_POINT('Ctrl Pts',(33.2955073865323,37.9552492991948,3.));
#11991=CARTESIAN_POINT('Ctrl Pts',(33.0951019434295,37.9632697796921,5.));
#11992=CARTESIAN_POINT('Ctrl Pts',(33.0951019434295,37.9632697796921,3.));
#11993=CARTESIAN_POINT('Ctrl Pts',(32.9295416081446,38.0749245229682,5.));
#11994=CARTESIAN_POINT('Ctrl Pts',(32.9295416081446,38.0749245229682,3.));
#11995=CARTESIAN_POINT('Ctrl Pts',(32.8540254384279,38.1258530169725,5.));
#11996=CARTESIAN_POINT('Ctrl Pts',(32.8540254384279,38.1258530169725,3.));
#11997=CARTESIAN_POINT('',(33.4045029431581,37.9508871585131,5.));
#11998=CARTESIAN_POINT('Ctrl Pts',(33.4045029431581,37.9508871585131,5.));
#11999=CARTESIAN_POINT('Ctrl Pts',(33.2955073865323,37.9552492991948,5.));
#12000=CARTESIAN_POINT('Ctrl Pts',(33.0951019434295,37.9632697796921,5.));
#12001=CARTESIAN_POINT('Ctrl Pts',(32.9295416081446,38.0749245229682,5.));
#12002=CARTESIAN_POINT('Ctrl Pts',(32.8540254384279,38.1258530169725,5.));
#12003=CARTESIAN_POINT('',(33.4045029431581,37.9508871585131,3.));
#12004=CARTESIAN_POINT('',(33.4045029431581,37.9508871585131,5.));
#12005=CARTESIAN_POINT('Ctrl Pts',(33.4045029431581,37.9508871585131,3.));
#12006=CARTESIAN_POINT('Ctrl Pts',(33.2955073865323,37.9552492991948,3.));
#12007=CARTESIAN_POINT('Ctrl Pts',(33.0951019434295,37.9632697796921,3.));
#12008=CARTESIAN_POINT('Ctrl Pts',(32.9295416081446,38.0749245229682,3.));
#12009=CARTESIAN_POINT('Ctrl Pts',(32.8540254384279,38.1258530169725,3.));
#12010=CARTESIAN_POINT('Ctrl Pts',(33.8107085973024,38.0225107818842,5.));
#12011=CARTESIAN_POINT('Ctrl Pts',(33.8107085973024,38.0225107818842,3.));
#12012=CARTESIAN_POINT('Ctrl Pts',(33.7458404561889,38.0016223696529,5.));
#12013=CARTESIAN_POINT('Ctrl Pts',(33.7458404561889,38.0016223696529,3.));
#12014=CARTESIAN_POINT('Ctrl Pts',(33.6137594968696,37.9590905276916,5.));
#12015=CARTESIAN_POINT('Ctrl Pts',(33.6137594968696,37.9590905276916,3.));
#12016=CARTESIAN_POINT('Ctrl Pts',(33.47507575721,37.9536537855905,5.));
#12017=CARTESIAN_POINT('Ctrl Pts',(33.47507575721,37.9536537855905,3.));
#12018=CARTESIAN_POINT('Ctrl Pts',(33.4045029431581,37.9508871585131,5.));
#12019=CARTESIAN_POINT('Ctrl Pts',(33.4045029431581,37.9508871585131,3.));
#12020=CARTESIAN_POINT('',(33.8107085973024,38.0225107818842,5.));
#12021=CARTESIAN_POINT('Ctrl Pts',(33.8107085973024,38.0225107818842,5.));
#12022=CARTESIAN_POINT('Ctrl Pts',(33.7458404561889,38.0016223696529,5.));
#12023=CARTESIAN_POINT('Ctrl Pts',(33.6137594968696,37.9590905276916,5.));
#12024=CARTESIAN_POINT('Ctrl Pts',(33.47507575721,37.9536537855905,5.));
#12025=CARTESIAN_POINT('Ctrl Pts',(33.4045029431581,37.9508871585131,5.));
#12026=CARTESIAN_POINT('',(33.8107085973024,38.0225107818842,3.));
#12027=CARTESIAN_POINT('',(33.8107085973024,38.0225107818842,5.));
#12028=CARTESIAN_POINT('Ctrl Pts',(33.8107085973024,38.0225107818842,3.));
#12029=CARTESIAN_POINT('Ctrl Pts',(33.7458404561889,38.0016223696529,3.));
#12030=CARTESIAN_POINT('Ctrl Pts',(33.6137594968696,37.9590905276916,3.));
#12031=CARTESIAN_POINT('Ctrl Pts',(33.47507575721,37.9536537855905,3.));
#12032=CARTESIAN_POINT('Ctrl Pts',(33.4045029431581,37.9508871585131,3.));
#12033=CARTESIAN_POINT('Ctrl Pts',(34.2046380788088,38.268076851964,5.));
#12034=CARTESIAN_POINT('Ctrl Pts',(34.2046380788088,38.268076851964,3.));
#12035=CARTESIAN_POINT('Ctrl Pts',(34.1396882044131,38.2153964855974,5.));
#12036=CARTESIAN_POINT('Ctrl Pts',(34.1396882044131,38.2153964855974,3.));
#12037=CARTESIAN_POINT('Ctrl Pts',(34.0184914545358,38.1170946914002,5.));
#12038=CARTESIAN_POINT('Ctrl Pts',(34.0184914545358,38.1170946914002,3.));
#12039=CARTESIAN_POINT('Ctrl Pts',(33.8765725384521,38.052492413348,5.));
#12040=CARTESIAN_POINT('Ctrl Pts',(33.8765725384521,38.052492413348,3.));
#12041=CARTESIAN_POINT('Ctrl Pts',(33.8107085973024,38.0225107818842,5.));
#12042=CARTESIAN_POINT('Ctrl Pts',(33.8107085973024,38.0225107818842,3.));
#12043=CARTESIAN_POINT('',(34.2046380788088,38.268076851964,5.));
#12044=CARTESIAN_POINT('Ctrl Pts',(34.2046380788088,38.268076851964,5.));
#12045=CARTESIAN_POINT('Ctrl Pts',(34.1396882044131,38.2153964855974,5.));
#12046=CARTESIAN_POINT('Ctrl Pts',(34.0184914545358,38.1170946914002,5.));
#12047=CARTESIAN_POINT('Ctrl Pts',(33.8765725384521,38.052492413348,5.));
#12048=CARTESIAN_POINT('Ctrl Pts',(33.8107085973024,38.0225107818842,5.));
#12049=CARTESIAN_POINT('',(34.2046380788088,38.268076851964,3.));
#12050=CARTESIAN_POINT('',(34.2046380788088,38.268076851964,5.));
#12051=CARTESIAN_POINT('Ctrl Pts',(34.2046380788088,38.268076851964,3.));
#12052=CARTESIAN_POINT('Ctrl Pts',(34.1396882044131,38.2153964855974,3.));
#12053=CARTESIAN_POINT('Ctrl Pts',(34.0184914545358,38.1170946914002,3.));
#12054=CARTESIAN_POINT('Ctrl Pts',(33.8765725384521,38.052492413348,3.));
#12055=CARTESIAN_POINT('Ctrl Pts',(33.8107085973024,38.0225107818842,3.));
#12056=CARTESIAN_POINT('Ctrl Pts',(34.2783094197512,38.0000004917383,5.));
#12057=CARTESIAN_POINT('Ctrl Pts',(34.2783094197512,38.0000004917383,3.));
#12058=CARTESIAN_POINT('Ctrl Pts',(34.2608038342635,38.0409324080628,5.));
#12059=CARTESIAN_POINT('Ctrl Pts',(34.2608038342635,38.0409324080628,3.));
#12060=CARTESIAN_POINT('Ctrl Pts',(34.2240452731507,38.1268820239003,5.));
#12061=CARTESIAN_POINT('Ctrl Pts',(34.2240452731507,38.1268820239003,3.));
#12062=CARTESIAN_POINT('Ctrl Pts',(34.2113089587985,38.2195436257498,5.));
#12063=CARTESIAN_POINT('Ctrl Pts',(34.2113089587985,38.2195436257498,3.));
#12064=CARTESIAN_POINT('Ctrl Pts',(34.2046380788088,38.268076851964,5.));
#12065=CARTESIAN_POINT('Ctrl Pts',(34.2046380788088,38.268076851964,3.));
#12066=CARTESIAN_POINT('Ctrl Pts',(34.2783094197512,38.0000004917383,5.));
#12067=CARTESIAN_POINT('Ctrl Pts',(34.2608038342635,38.0409324080628,5.));
#12068=CARTESIAN_POINT('Ctrl Pts',(34.2240452731507,38.1268820239003,5.));
#12069=CARTESIAN_POINT('Ctrl Pts',(34.2113089587985,38.2195436257498,5.));
#12070=CARTESIAN_POINT('Ctrl Pts',(34.2046380788088,38.268076851964,5.));
#12071=CARTESIAN_POINT('Ctrl Pts',(34.2783094197512,38.0000004917383,3.));
#12072=CARTESIAN_POINT('Ctrl Pts',(34.2608038342635,38.0409324080628,3.));
#12073=CARTESIAN_POINT('Ctrl Pts',(34.2240452731507,38.1268820239003,3.));
#12074=CARTESIAN_POINT('Ctrl Pts',(34.2113089587985,38.2195436257498,3.));
#12075=CARTESIAN_POINT('Ctrl Pts',(34.2046380788088,38.268076851964,3.));
#12076=CARTESIAN_POINT('Origin',(28.6763299629092,39.0835612267256,3.));
#12077=CARTESIAN_POINT('Origin',(37.5770808011293,39.1377902776003,5.));
#12078=CARTESIAN_POINT('',(37.5770808011293,39.1377902776003,5.));
#12079=CARTESIAN_POINT('',(37.5770808011293,38.0000004917383,5.));
#12080=CARTESIAN_POINT('',(37.5770808011293,20.8282114559627,5.));
#12081=CARTESIAN_POINT('',(37.5770808011293,39.1377902776003,3.));
#12082=CARTESIAN_POINT('',(37.5770808011293,39.1377902776003,5.));
#12083=CARTESIAN_POINT('',(37.5770808011293,38.0000004917383,3.));
#12084=CARTESIAN_POINT('',(37.5770808011293,39.1377902776003,3.));
#12085=CARTESIAN_POINT('',(37.5770808011293,38.0000004917383,5.));
#12086=CARTESIAN_POINT('Ctrl Pts',(37.6384712010622,39.567531272769,5.));
#12087=CARTESIAN_POINT('Ctrl Pts',(37.6384712010622,39.567531272769,3.));
#12088=CARTESIAN_POINT('Ctrl Pts',(37.6205715627877,39.4993482997349,5.));
#12089=CARTESIAN_POINT('Ctrl Pts',(37.6205715627877,39.4993482997349,3.));
#12090=CARTESIAN_POINT('Ctrl Pts',(37.5835958116479,39.3585009482844,5.));
#12091=CARTESIAN_POINT('Ctrl Pts',(37.5835958116479,39.3585009482844,3.));
#12092=CARTESIAN_POINT('Ctrl Pts',(37.5792980525656,39.2129046692318,5.));
#12093=CARTESIAN_POINT('Ctrl Pts',(37.5792980525656,39.2129046692318,3.));
#12094=CARTESIAN_POINT('Ctrl Pts',(37.5770808011293,39.1377902776003,5.));
#12095=CARTESIAN_POINT('Ctrl Pts',(37.5770808011293,39.1377902776003,3.));
#12096=CARTESIAN_POINT('',(37.6384712010622,39.567531272769,5.));
#12097=CARTESIAN_POINT('Ctrl Pts',(37.6384712010622,39.567531272769,5.));
#12098=CARTESIAN_POINT('Ctrl Pts',(37.6205715627877,39.4993482997349,5.));
#12099=CARTESIAN_POINT('Ctrl Pts',(37.5835958116479,39.3585009482844,5.));
#12100=CARTESIAN_POINT('Ctrl Pts',(37.5792980525656,39.2129046692318,5.));
#12101=CARTESIAN_POINT('Ctrl Pts',(37.5770808011293,39.1377902776003,5.));
#12102=CARTESIAN_POINT('',(37.6384712010622,39.567531272769,3.));
#12103=CARTESIAN_POINT('',(37.6384712010622,39.567531272769,5.));
#12104=CARTESIAN_POINT('Ctrl Pts',(37.6384712010622,39.567531272769,3.));
#12105=CARTESIAN_POINT('Ctrl Pts',(37.6205715627877,39.4993482997349,3.));
#12106=CARTESIAN_POINT('Ctrl Pts',(37.5835958116479,39.3585009482844,3.));
#12107=CARTESIAN_POINT('Ctrl Pts',(37.5792980525656,39.2129046692318,3.));
#12108=CARTESIAN_POINT('Ctrl Pts',(37.5770808011293,39.1377902776003,3.));
#12109=CARTESIAN_POINT('Ctrl Pts',(37.7755809575319,39.7691001743078,5.));
#12110=CARTESIAN_POINT('Ctrl Pts',(37.7755809575319,39.7691001743078,3.));
#12111=CARTESIAN_POINT('Ctrl Pts',(37.7456294787621,39.7419107923297,5.));
#12112=CARTESIAN_POINT('Ctrl Pts',(37.7456294787621,39.7419107923297,3.));
#12113=CARTESIAN_POINT('Ctrl Pts',(37.6838147101634,39.6857965227058,5.));
#12114=CARTESIAN_POINT('Ctrl Pts',(37.6838147101634,39.6857965227058,3.));
#12115=CARTESIAN_POINT('Ctrl Pts',(37.653894165592,39.6077575541275,5.));
#12116=CARTESIAN_POINT('Ctrl Pts',(37.653894165592,39.6077575541275,3.));
#12117=CARTESIAN_POINT('Ctrl Pts',(37.6384712010622,39.567531272769,5.));
#12118=CARTESIAN_POINT('Ctrl Pts',(37.6384712010622,39.567531272769,3.));
#12119=CARTESIAN_POINT('',(37.7755809575319,39.7691001743078,5.));
#12120=CARTESIAN_POINT('Ctrl Pts',(37.7755809575319,39.7691001743078,5.));
#12121=CARTESIAN_POINT('Ctrl Pts',(37.7456294787621,39.7419107923297,5.));
#12122=CARTESIAN_POINT('Ctrl Pts',(37.6838147101634,39.6857965227058,5.));
#12123=CARTESIAN_POINT('Ctrl Pts',(37.653894165592,39.6077575541275,5.));
#12124=CARTESIAN_POINT('Ctrl Pts',(37.6384712010622,39.567531272769,5.));
#12125=CARTESIAN_POINT('',(37.7755809575319,39.7691001743078,3.));
#12126=CARTESIAN_POINT('',(37.7755809575319,39.7691001743078,5.));
#12127=CARTESIAN_POINT('Ctrl Pts',(37.7755809575319,39.7691001743078,3.));
#12128=CARTESIAN_POINT('Ctrl Pts',(37.7456294787621,39.7419107923297,3.));
#12129=CARTESIAN_POINT('Ctrl Pts',(37.6838147101634,39.6857965227058,3.));
#12130=CARTESIAN_POINT('Ctrl Pts',(37.653894165592,39.6077575541275,3.));
#12131=CARTESIAN_POINT('Ctrl Pts',(37.6384712010622,39.567531272769,3.));
#12132=CARTESIAN_POINT('Ctrl Pts',(37.9924965649843,39.8417467623949,5.));
#12133=CARTESIAN_POINT('Ctrl Pts',(37.9924965649843,39.8417467623949,3.));
#12134=CARTESIAN_POINT('Ctrl Pts',(37.9532821188705,39.8387252379743,5.));
#12135=CARTESIAN_POINT('Ctrl Pts',(37.9532821188705,39.8387252379743,3.));
#12136=CARTESIAN_POINT('Ctrl Pts',(37.8748883952437,39.8326848989198,5.));
#12137=CARTESIAN_POINT('Ctrl Pts',(37.8748883952437,39.8326848989198,3.));
#12138=CARTESIAN_POINT('Ctrl Pts',(37.8086735351092,39.7902887426612,5.));
#12139=CARTESIAN_POINT('Ctrl Pts',(37.8086735351092,39.7902887426612,3.));
#12140=CARTESIAN_POINT('Ctrl Pts',(37.7755809575319,39.7691001743078,5.));
#12141=CARTESIAN_POINT('Ctrl Pts',(37.7755809575319,39.7691001743078,3.));
#12142=CARTESIAN_POINT('',(37.9924965649843,39.8417467623949,5.));
#12143=CARTESIAN_POINT('Ctrl Pts',(37.9924965649843,39.8417467623949,5.));
#12144=CARTESIAN_POINT('Ctrl Pts',(37.9532821188705,39.8387252379743,5.));
#12145=CARTESIAN_POINT('Ctrl Pts',(37.8748883952437,39.8326848989198,5.));
#12146=CARTESIAN_POINT('Ctrl Pts',(37.8086735351092,39.7902887426612,5.));
#12147=CARTESIAN_POINT('Ctrl Pts',(37.7755809575319,39.7691001743078,5.));
#12148=CARTESIAN_POINT('',(37.9924965649843,39.8417467623949,3.));
#12149=CARTESIAN_POINT('',(37.9924965649843,39.8417467623949,5.));
#12150=CARTESIAN_POINT('Ctrl Pts',(37.9924965649843,39.8417467623949,3.));
#12151=CARTESIAN_POINT('Ctrl Pts',(37.9532821188705,39.8387252379743,3.));
#12152=CARTESIAN_POINT('Ctrl Pts',(37.8748883952437,39.8326848989198,3.));
#12153=CARTESIAN_POINT('Ctrl Pts',(37.8086735351092,39.7902887426612,3.));
#12154=CARTESIAN_POINT('Ctrl Pts',(37.7755809575319,39.7691001743078,3.));
#12155=CARTESIAN_POINT('Ctrl Pts',(38.2626200467348,39.7619377821684,5.));
#12156=CARTESIAN_POINT('Ctrl Pts',(38.2626200467348,39.7619377821684,3.));
#12157=CARTESIAN_POINT('Ctrl Pts',(38.2185594854836,39.7852046651117,5.));
#12158=CARTESIAN_POINT('Ctrl Pts',(38.2185594854836,39.7852046651117,3.));
#12159=CARTESIAN_POINT('Ctrl Pts',(38.1337798389617,39.8299739112489,5.));
#12160=CARTESIAN_POINT('Ctrl Pts',(38.1337798389617,39.8299739112489,3.));
#12161=CARTESIAN_POINT('Ctrl Pts',(38.0383370734758,39.8379269649926,5.));
#12162=CARTESIAN_POINT('Ctrl Pts',(38.0383370734758,39.8379269649926,3.));
#12163=CARTESIAN_POINT('Ctrl Pts',(37.9924965649843,39.8417467623949,5.));
#12164=CARTESIAN_POINT('Ctrl Pts',(37.9924965649843,39.8417467623949,3.));
#12165=CARTESIAN_POINT('',(38.2626200467348,39.7619377821684,5.));
#12166=CARTESIAN_POINT('Ctrl Pts',(38.2626200467348,39.7619377821684,5.));
#12167=CARTESIAN_POINT('Ctrl Pts',(38.2185594854836,39.7852046651117,5.));
#12168=CARTESIAN_POINT('Ctrl Pts',(38.1337798389617,39.8299739112489,5.));
#12169=CARTESIAN_POINT('Ctrl Pts',(38.0383370734758,39.8379269649926,5.));
#12170=CARTESIAN_POINT('Ctrl Pts',(37.9924965649843,39.8417467623949,5.));
#12171=CARTESIAN_POINT('',(38.2626200467348,39.7619377821684,3.));
#12172=CARTESIAN_POINT('',(38.2626200467348,39.7619377821684,5.));
#12173=CARTESIAN_POINT('Ctrl Pts',(38.2626200467348,39.7619377821684,3.));
#12174=CARTESIAN_POINT('Ctrl Pts',(38.2185594854836,39.7852046651117,3.));
#12175=CARTESIAN_POINT('Ctrl Pts',(38.1337798389617,39.8299739112489,3.));
#12176=CARTESIAN_POINT('Ctrl Pts',(38.0383370734758,39.8379269649926,3.));
#12177=CARTESIAN_POINT('Ctrl Pts',(37.9924965649843,39.8417467623949,3.));
#12178=CARTESIAN_POINT('Origin',(38.3894944936037,40.1036839932203,5.));
#12179=CARTESIAN_POINT('',(38.3894944936037,40.1036839932203,5.));
#12180=CARTESIAN_POINT('',(32.6723414450675,24.7040866703627,5.));
#12181=CARTESIAN_POINT('',(38.3894944936037,40.1036839932203,3.));
#12182=CARTESIAN_POINT('',(38.3894944936037,40.1036839932203,5.));
#12183=CARTESIAN_POINT('',(38.3894944936037,40.1036839932203,3.));
#12184=CARTESIAN_POINT('Ctrl Pts',(38.0109144002199,40.2223742753267,5.));
#12185=CARTESIAN_POINT('Ctrl Pts',(38.0109144002199,40.2223742753267,3.));
#12186=CARTESIAN_POINT('Ctrl Pts',(38.0747242082483,40.2164913554628,5.));
#12187=CARTESIAN_POINT('Ctrl Pts',(38.0747242082483,40.2164913554628,3.));
#12188=CARTESIAN_POINT('Ctrl Pts',(38.209219535172,40.2040916123072,5.));
#12189=CARTESIAN_POINT('Ctrl Pts',(38.209219535172,40.2040916123072,3.));
#12190=CARTESIAN_POINT('Ctrl Pts',(38.3273891400084,40.1382747691179,5.));
#12191=CARTESIAN_POINT('Ctrl Pts',(38.3273891400084,40.1382747691179,3.));
#12192=CARTESIAN_POINT('Ctrl Pts',(38.3894944936037,40.1036839932203,5.));
#12193=CARTESIAN_POINT('Ctrl Pts',(38.3894944936037,40.1036839932203,3.));
#12194=CARTESIAN_POINT('',(38.0109144002199,40.2223742753267,5.));
#12195=CARTESIAN_POINT('Ctrl Pts',(38.0109144002199,40.2223742753267,5.));
#12196=CARTESIAN_POINT('Ctrl Pts',(38.0747242082483,40.2164913554628,5.));
#12197=CARTESIAN_POINT('Ctrl Pts',(38.209219535172,40.2040916123072,5.));
#12198=CARTESIAN_POINT('Ctrl Pts',(38.3273891400084,40.1382747691179,5.));
#12199=CARTESIAN_POINT('Ctrl Pts',(38.3894944936037,40.1036839932203,5.));
#12200=CARTESIAN_POINT('',(38.0109144002199,40.2223742753267,3.));
#12201=CARTESIAN_POINT('',(38.0109144002199,40.2223742753267,5.));
#12202=CARTESIAN_POINT('Ctrl Pts',(38.0109144002199,40.2223742753267,3.));
#12203=CARTESIAN_POINT('Ctrl Pts',(38.0747242082483,40.2164913554628,3.));
#12204=CARTESIAN_POINT('Ctrl Pts',(38.209219535172,40.2040916123072,3.));
#12205=CARTESIAN_POINT('Ctrl Pts',(38.3273891400084,40.1382747691179,3.));
#12206=CARTESIAN_POINT('Ctrl Pts',(38.3894944936037,40.1036839932203,3.));
#12207=CARTESIAN_POINT('Ctrl Pts',(37.7745557576418,40.1487044245005,5.));
#12208=CARTESIAN_POINT('Ctrl Pts',(37.7745557576418,40.1487044245005,3.));
#12209=CARTESIAN_POINT('Ctrl Pts',(37.8112030631447,40.1701913794829,5.));
#12210=CARTESIAN_POINT('Ctrl Pts',(37.8112030631447,40.1701913794829,3.));
#12211=CARTESIAN_POINT('Ctrl Pts',(37.8842946040115,40.2130462258802,5.));
#12212=CARTESIAN_POINT('Ctrl Pts',(37.8842946040115,40.2130462258802,3.));
#12213=CARTESIAN_POINT('Ctrl Pts',(37.9687860489767,40.2192706899849,5.));
#12214=CARTESIAN_POINT('Ctrl Pts',(37.9687860489767,40.2192706899849,3.));
#12215=CARTESIAN_POINT('Ctrl Pts',(38.0109144002199,40.2223742753267,5.));
#12216=CARTESIAN_POINT('Ctrl Pts',(38.0109144002199,40.2223742753267,3.));
#12217=CARTESIAN_POINT('',(37.7745557576418,40.1487044245005,5.));
#12218=CARTESIAN_POINT('Ctrl Pts',(37.7745557576418,40.1487044245005,5.));
#12219=CARTESIAN_POINT('Ctrl Pts',(37.8112030631447,40.1701913794829,5.));
#12220=CARTESIAN_POINT('Ctrl Pts',(37.8842946040115,40.2130462258802,5.));
#12221=CARTESIAN_POINT('Ctrl Pts',(37.9687860489767,40.2192706899849,5.));
#12222=CARTESIAN_POINT('Ctrl Pts',(38.0109144002199,40.2223742753267,5.));
#12223=CARTESIAN_POINT('',(37.7745557576418,40.1487044245005,3.));
#12224=CARTESIAN_POINT('',(37.7745557576418,40.1487044245005,5.));
#12225=CARTESIAN_POINT('Ctrl Pts',(37.7745557576418,40.1487044245005,3.));
#12226=CARTESIAN_POINT('Ctrl Pts',(37.8112030631447,40.1701913794829,3.));
#12227=CARTESIAN_POINT('Ctrl Pts',(37.8842946040115,40.2130462258802,3.));
#12228=CARTESIAN_POINT('Ctrl Pts',(37.9687860489767,40.2192706899849,3.));
#12229=CARTESIAN_POINT('Ctrl Pts',(38.0109144002199,40.2223742753267,3.));
#12230=CARTESIAN_POINT('Ctrl Pts',(37.5402451306581,39.8437931388617,5.));
#12231=CARTESIAN_POINT('Ctrl Pts',(37.5402451306581,39.8437931388617,3.));
#12232=CARTESIAN_POINT('Ctrl Pts',(37.5771732701813,39.9107344319988,5.));
#12233=CARTESIAN_POINT('Ctrl Pts',(37.5771732701813,39.9107344319988,3.));
#12234=CARTESIAN_POINT('Ctrl Pts',(37.6399835137193,40.0245933747719,5.));
#12235=CARTESIAN_POINT('Ctrl Pts',(37.6399835137193,40.0245933747719,3.));
#12236=CARTESIAN_POINT('Ctrl Pts',(37.7352850323672,40.1124864734924,5.));
#12237=CARTESIAN_POINT('Ctrl Pts',(37.7352850323672,40.1124864734924,3.));
#12238=CARTESIAN_POINT('Ctrl Pts',(37.7745557576418,40.1487044245005,5.));
#12239=CARTESIAN_POINT('Ctrl Pts',(37.7745557576418,40.1487044245005,3.));
#12240=CARTESIAN_POINT('',(37.5402451306581,39.8437931388617,5.));
#12241=CARTESIAN_POINT('Ctrl Pts',(37.5402451306581,39.8437931388617,5.));
#12242=CARTESIAN_POINT('Ctrl Pts',(37.5771732701813,39.9107344319988,5.));
#12243=CARTESIAN_POINT('Ctrl Pts',(37.6399835137193,40.0245933747719,5.));
#12244=CARTESIAN_POINT('Ctrl Pts',(37.7352850323672,40.1124864734924,5.));
#12245=CARTESIAN_POINT('Ctrl Pts',(37.7745557576418,40.1487044245005,5.));
#12246=CARTESIAN_POINT('',(37.5402451306581,39.8437931388617,3.));
#12247=CARTESIAN_POINT('',(37.5402451306581,39.8437931388617,5.));
#12248=CARTESIAN_POINT('Ctrl Pts',(37.5402451306581,39.8437931388617,3.));
#12249=CARTESIAN_POINT('Ctrl Pts',(37.5771732701813,39.9107344319988,3.));
#12250=CARTESIAN_POINT('Ctrl Pts',(37.6399835137193,40.0245933747719,3.));
#12251=CARTESIAN_POINT('Ctrl Pts',(37.7352850323672,40.1124864734924,3.));
#12252=CARTESIAN_POINT('Ctrl Pts',(37.7745557576418,40.1487044245005,3.));
#12253=CARTESIAN_POINT('Origin',(37.5402451306581,40.1732610911131,5.));
#12254=CARTESIAN_POINT('',(37.5402451306581,40.1732610911131,5.));
#12255=CARTESIAN_POINT('',(37.5402451306581,21.3459468627191,5.));
#12256=CARTESIAN_POINT('',(37.5402451306581,40.1732610911131,3.));
#12257=CARTESIAN_POINT('',(37.5402451306581,40.1732610911131,5.));
#12258=CARTESIAN_POINT('',(37.5402451306581,40.1732610911131,3.));
#12259=CARTESIAN_POINT('Origin',(37.2087312489748,40.1732610911131,5.));
#12260=CARTESIAN_POINT('',(37.2087312489748,40.1732610911131,5.));
#12261=CARTESIAN_POINT('',(41.2210767911485,40.1732610911131,5.));
#12262=CARTESIAN_POINT('',(37.2087312489748,40.1732610911131,3.));
#12263=CARTESIAN_POINT('',(37.2087312489748,40.1732610911131,5.));
#12264=CARTESIAN_POINT('',(37.2087312489748,40.1732610911131,3.));
#12265=CARTESIAN_POINT('Origin',(37.2087312489748,38.0000004917383,5.));
#12266=CARTESIAN_POINT('',(37.2087312489748,38.0000004917383,5.));
#12267=CARTESIAN_POINT('',(37.2087312489748,20.2593165630317,5.));
#12268=CARTESIAN_POINT('',(37.2087312489748,38.0000004917383,3.));
#12269=CARTESIAN_POINT('',(37.2087312489748,38.0000004917383,5.));
#12270=CARTESIAN_POINT('',(37.2087312489748,38.0000004917383,3.));
#12271=CARTESIAN_POINT('Origin',(37.5770808011293,38.0000004917383,5.));
#12272=CARTESIAN_POINT('',(41.4052515672258,38.0000004917383,5.));
#12273=CARTESIAN_POINT('',(37.5770808011293,38.0000004917383,3.));
#12274=CARTESIAN_POINT('Origin',(28.6763299629092,39.0835612267256,3.));
#12275=CARTESIAN_POINT('Ctrl Pts',(41.8703985959291,39.9338341504335,5.));
#12276=CARTESIAN_POINT('Ctrl Pts',(41.8703985959291,39.9338341504335,3.));
#12277=CARTESIAN_POINT('Ctrl Pts',(41.7927354530863,39.9228039598186,5.));
#12278=CARTESIAN_POINT('Ctrl Pts',(41.7927354530863,39.9228039598186,3.));
#12279=CARTESIAN_POINT('Ctrl Pts',(41.6283396848706,39.8994554756685,5.));
#12280=CARTESIAN_POINT('Ctrl Pts',(41.6283396848706,39.8994554756685,3.));
#12281=CARTESIAN_POINT('Ctrl Pts',(41.5141842478657,39.777951369696,5.));
#12282=CARTESIAN_POINT('Ctrl Pts',(41.5141842478657,39.777951369696,3.));
#12283=CARTESIAN_POINT('Ctrl Pts',(41.453957632184,39.7138477116823,5.));
#12284=CARTESIAN_POINT('Ctrl Pts',(41.453957632184,39.7138477116823,3.));
#12285=CARTESIAN_POINT('',(41.8703985959291,39.9338341504335,5.));
#12286=CARTESIAN_POINT('',(41.453957632184,39.7138477116823,5.));
#12287=CARTESIAN_POINT('Ctrl Pts',(41.8703985959291,39.9338341504335,5.));
#12288=CARTESIAN_POINT('Ctrl Pts',(41.7927354530863,39.9228039598186,5.));
#12289=CARTESIAN_POINT('Ctrl Pts',(41.6283396848706,39.8994554756685,5.));
#12290=CARTESIAN_POINT('Ctrl Pts',(41.5141842478657,39.777951369696,5.));
#12291=CARTESIAN_POINT('Ctrl Pts',(41.453957632184,39.7138477116823,5.));
#12292=CARTESIAN_POINT('',(41.8703985959291,39.9338341504335,3.));
#12293=CARTESIAN_POINT('',(41.8703985959291,39.9338341504335,5.));
#12294=CARTESIAN_POINT('',(41.453957632184,39.7138477116823,3.));
#12295=CARTESIAN_POINT('Ctrl Pts',(41.8703985959291,39.9338341504335,3.));
#12296=CARTESIAN_POINT('Ctrl Pts',(41.7927354530863,39.9228039598186,3.));
#12297=CARTESIAN_POINT('Ctrl Pts',(41.6283396848706,39.8994554756685,3.));
#12298=CARTESIAN_POINT('Ctrl Pts',(41.5141842478657,39.777951369696,3.));
#12299=CARTESIAN_POINT('Ctrl Pts',(41.453957632184,39.7138477116823,3.));
#12300=CARTESIAN_POINT('',(41.453957632184,39.7138477116823,5.));
#12301=CARTESIAN_POINT('Ctrl Pts',(42.2786522656679,39.7271490842104,5.));
#12302=CARTESIAN_POINT('Ctrl Pts',(42.2786522656679,39.7271490842104,3.));
#12303=CARTESIAN_POINT('Ctrl Pts',(42.22041145274,39.7874100552007,5.));
#12304=CARTESIAN_POINT('Ctrl Pts',(42.22041145274,39.7874100552007,3.));
#12305=CARTESIAN_POINT('Ctrl Pts',(42.1078951283536,39.9038291540923,5.));
#12306=CARTESIAN_POINT('Ctrl Pts',(42.1078951283536,39.9038291540923,3.));
#12307=CARTESIAN_POINT('Ctrl Pts',(41.9476820295076,39.9240702641229,5.));
#12308=CARTESIAN_POINT('Ctrl Pts',(41.9476820295076,39.9240702641229,3.));
#12309=CARTESIAN_POINT('Ctrl Pts',(41.8703985959291,39.9338341504335,5.));
#12310=CARTESIAN_POINT('Ctrl Pts',(41.8703985959291,39.9338341504335,3.));
#12311=CARTESIAN_POINT('',(42.2786522656679,39.7271490842104,5.));
#12312=CARTESIAN_POINT('Ctrl Pts',(42.2786522656679,39.7271490842104,5.));
#12313=CARTESIAN_POINT('Ctrl Pts',(42.22041145274,39.7874100552007,5.));
#12314=CARTESIAN_POINT('Ctrl Pts',(42.1078951283536,39.9038291540923,5.));
#12315=CARTESIAN_POINT('Ctrl Pts',(41.9476820295076,39.9240702641229,5.));
#12316=CARTESIAN_POINT('Ctrl Pts',(41.8703985959291,39.9338341504335,5.));
#12317=CARTESIAN_POINT('',(42.2786522656679,39.7271490842104,3.));
#12318=CARTESIAN_POINT('',(42.2786522656679,39.7271490842104,5.));
#12319=CARTESIAN_POINT('Ctrl Pts',(42.2786522656679,39.7271490842104,3.));
#12320=CARTESIAN_POINT('Ctrl Pts',(42.22041145274,39.7874100552007,3.));
#12321=CARTESIAN_POINT('Ctrl Pts',(42.1078951283536,39.9038291540923,3.));
#12322=CARTESIAN_POINT('Ctrl Pts',(41.9476820295076,39.9240702641229,3.));
#12323=CARTESIAN_POINT('Ctrl Pts',(41.8703985959291,39.9338341504335,3.));
#12324=CARTESIAN_POINT('Ctrl Pts',(42.4495244771242,39.1050482541323,5.));
#12325=CARTESIAN_POINT('Ctrl Pts',(42.4495244771242,39.1050482541323,3.));
#12326=CARTESIAN_POINT('Ctrl Pts',(42.446417763088,39.2294283871624,5.));
#12327=CARTESIAN_POINT('Ctrl Pts',(42.446417763088,39.2294283871624,3.));
#12328=CARTESIAN_POINT('Ctrl Pts',(42.4408574142008,39.4520420317501,5.));
#12329=CARTESIAN_POINT('Ctrl Pts',(42.4408574142008,39.4520420317501,3.));
#12330=CARTESIAN_POINT('Ctrl Pts',(42.3283144834184,39.642919782813,5.));
#12331=CARTESIAN_POINT('Ctrl Pts',(42.3283144834184,39.642919782813,3.));
#12332=CARTESIAN_POINT('Ctrl Pts',(42.2786522656679,39.7271490842104,5.));
#12333=CARTESIAN_POINT('Ctrl Pts',(42.2786522656679,39.7271490842104,3.));
#12334=CARTESIAN_POINT('',(42.4495244771242,39.1050482541323,5.));
#12335=CARTESIAN_POINT('Ctrl Pts',(42.4495244771242,39.1050482541323,5.));
#12336=CARTESIAN_POINT('Ctrl Pts',(42.446417763088,39.2294283871624,5.));
#12337=CARTESIAN_POINT('Ctrl Pts',(42.4408574142008,39.4520420317501,5.));
#12338=CARTESIAN_POINT('Ctrl Pts',(42.3283144834184,39.642919782813,5.));
#12339=CARTESIAN_POINT('Ctrl Pts',(42.2786522656679,39.7271490842104,5.));
#12340=CARTESIAN_POINT('',(42.4495244771242,39.1050482541323,3.));
#12341=CARTESIAN_POINT('',(42.4495244771242,39.1050482541323,5.));
#12342=CARTESIAN_POINT('Ctrl Pts',(42.4495244771242,39.1050482541323,3.));
#12343=CARTESIAN_POINT('Ctrl Pts',(42.446417763088,39.2294283871624,3.));
#12344=CARTESIAN_POINT('Ctrl Pts',(42.4408574142008,39.4520420317501,3.));
#12345=CARTESIAN_POINT('Ctrl Pts',(42.3283144834184,39.642919782813,3.));
#12346=CARTESIAN_POINT('Ctrl Pts',(42.2786522656679,39.7271490842104,3.));
#12347=CARTESIAN_POINT('Ctrl Pts',(42.2745586186647,38.4614602476358,5.));
#12348=CARTESIAN_POINT('Ctrl Pts',(42.2745586186647,38.4614602476358,3.));
#12349=CARTESIAN_POINT('Ctrl Pts',(42.3253815291119,38.547616093597,5.));
#12350=CARTESIAN_POINT('Ctrl Pts',(42.3253815291119,38.547616093597,3.));
#12351=CARTESIAN_POINT('Ctrl Pts',(42.4417962050039,38.7449641949853,5.));
#12352=CARTESIAN_POINT('Ctrl Pts',(42.4417962050039,38.7449641949853,3.));
#12353=CARTESIAN_POINT('Ctrl Pts',(42.4467393503535,38.9752805987981,5.));
#12354=CARTESIAN_POINT('Ctrl Pts',(42.4467393503535,38.9752805987981,3.));
#12355=CARTESIAN_POINT('Ctrl Pts',(42.4495244771242,39.1050482541323,5.));
#12356=CARTESIAN_POINT('Ctrl Pts',(42.4495244771242,39.1050482541323,3.));
#12357=CARTESIAN_POINT('',(42.2745586186647,38.4614602476358,5.));
#12358=CARTESIAN_POINT('Ctrl Pts',(42.2745586186647,38.4614602476358,5.));
#12359=CARTESIAN_POINT('Ctrl Pts',(42.3253815291119,38.547616093597,5.));
#12360=CARTESIAN_POINT('Ctrl Pts',(42.4417962050039,38.7449641949853,5.));
#12361=CARTESIAN_POINT('Ctrl Pts',(42.4467393503535,38.9752805987981,5.));
#12362=CARTESIAN_POINT('Ctrl Pts',(42.4495244771242,39.1050482541323,5.));
#12363=CARTESIAN_POINT('',(42.2745586186647,38.4614602476358,3.));
#12364=CARTESIAN_POINT('',(42.2745586186647,38.4614602476358,5.));
#12365=CARTESIAN_POINT('Ctrl Pts',(42.2745586186647,38.4614602476358,3.));
#12366=CARTESIAN_POINT('Ctrl Pts',(42.3253815291119,38.547616093597,3.));
#12367=CARTESIAN_POINT('Ctrl Pts',(42.4417962050039,38.7449641949853,3.));
#12368=CARTESIAN_POINT('Ctrl Pts',(42.4467393503535,38.9752805987981,3.));
#12369=CARTESIAN_POINT('Ctrl Pts',(42.4495244771242,39.1050482541323,3.));
#12370=CARTESIAN_POINT('Ctrl Pts',(41.8540263921022,38.2537520676851,5.));
#12371=CARTESIAN_POINT('Ctrl Pts',(41.8540263921022,38.2537520676851,3.));
#12372=CARTESIAN_POINT('Ctrl Pts',(41.9337337274319,38.2633686312848,5.));
#12373=CARTESIAN_POINT('Ctrl Pts',(41.9337337274319,38.2633686312848,3.));
#12374=CARTESIAN_POINT('Ctrl Pts',(42.097911964909,38.2831764752663,5.));
#12375=CARTESIAN_POINT('Ctrl Pts',(42.097911964909,38.2831764752663,3.));
#12376=CARTESIAN_POINT('Ctrl Pts',(42.2145483478606,38.4008938161048,5.));
#12377=CARTESIAN_POINT('Ctrl Pts',(42.2145483478606,38.4008938161048,3.));
#12378=CARTESIAN_POINT('Ctrl Pts',(42.2745586186647,38.4614602476358,5.));
#12379=CARTESIAN_POINT('Ctrl Pts',(42.2745586186647,38.4614602476358,3.));
#12380=CARTESIAN_POINT('',(41.8540263921022,38.2537520676851,5.));
#12381=CARTESIAN_POINT('Ctrl Pts',(41.8540263921022,38.2537520676851,5.));
#12382=CARTESIAN_POINT('Ctrl Pts',(41.9337337274319,38.2633686312848,5.));
#12383=CARTESIAN_POINT('Ctrl Pts',(42.097911964909,38.2831764752663,5.));
#12384=CARTESIAN_POINT('Ctrl Pts',(42.2145483478606,38.4008938161048,5.));
#12385=CARTESIAN_POINT('Ctrl Pts',(42.2745586186647,38.4614602476358,5.));
#12386=CARTESIAN_POINT('',(41.8540263921022,38.2537520676851,3.));
#12387=CARTESIAN_POINT('',(41.8540263921022,38.2537520676851,5.));
#12388=CARTESIAN_POINT('Ctrl Pts',(41.8540263921022,38.2537520676851,3.));
#12389=CARTESIAN_POINT('Ctrl Pts',(41.9337337274319,38.2633686312848,3.));
#12390=CARTESIAN_POINT('Ctrl Pts',(42.097911964909,38.2831764752663,3.));
#12391=CARTESIAN_POINT('Ctrl Pts',(42.2145483478606,38.4008938161048,3.));
#12392=CARTESIAN_POINT('Ctrl Pts',(42.2745586186647,38.4614602476358,3.));
#12393=CARTESIAN_POINT('Ctrl Pts',(41.4427042752504,38.4542978554964,5.));
#12394=CARTESIAN_POINT('Ctrl Pts',(41.4427042752504,38.4542978554964,3.));
#12395=CARTESIAN_POINT('Ctrl Pts',(41.5012789350846,38.3958155240548,5.));
#12396=CARTESIAN_POINT('Ctrl Pts',(41.5012789350846,38.3958155240548,3.));
#12397=CARTESIAN_POINT('Ctrl Pts',(41.6156390289659,38.2816356904375,5.));
#12398=CARTESIAN_POINT('Ctrl Pts',(41.6156390289659,38.2816356904375,3.));
#12399=CARTESIAN_POINT('Ctrl Pts',(41.7758665798179,38.2628942415464,5.));
#12400=CARTESIAN_POINT('Ctrl Pts',(41.7758665798179,38.2628942415464,3.));
#12401=CARTESIAN_POINT('Ctrl Pts',(41.8540263921022,38.2537520676851,5.));
#12402=CARTESIAN_POINT('Ctrl Pts',(41.8540263921022,38.2537520676851,3.));
#12403=CARTESIAN_POINT('',(41.4427042752504,38.4542978554964,5.));
#12404=CARTESIAN_POINT('Ctrl Pts',(41.4427042752504,38.4542978554964,5.));
#12405=CARTESIAN_POINT('Ctrl Pts',(41.5012789350846,38.3958155240548,5.));
#12406=CARTESIAN_POINT('Ctrl Pts',(41.6156390289659,38.2816356904375,5.));
#12407=CARTESIAN_POINT('Ctrl Pts',(41.7758665798179,38.2628942415464,5.));
#12408=CARTESIAN_POINT('Ctrl Pts',(41.8540263921022,38.2537520676851,5.));
#12409=CARTESIAN_POINT('',(41.4427042752504,38.4542978554964,3.));
#12410=CARTESIAN_POINT('',(41.4427042752504,38.4542978554964,5.));
#12411=CARTESIAN_POINT('Ctrl Pts',(41.4427042752504,38.4542978554964,3.));
#12412=CARTESIAN_POINT('Ctrl Pts',(41.5012789350846,38.3958155240548,3.));
#12413=CARTESIAN_POINT('Ctrl Pts',(41.6156390289659,38.2816356904375,3.));
#12414=CARTESIAN_POINT('Ctrl Pts',(41.7758665798179,38.2628942415464,3.));
#12415=CARTESIAN_POINT('Ctrl Pts',(41.8540263921022,38.2537520676851,3.));
#12416=CARTESIAN_POINT('Ctrl Pts',(41.2728548794985,39.0743524581194,5.));
#12417=CARTESIAN_POINT('Ctrl Pts',(41.2728548794985,39.0743524581194,3.));
#12418=CARTESIAN_POINT('Ctrl Pts',(41.2756123788727,38.9493701278681,5.));
#12419=CARTESIAN_POINT('Ctrl Pts',(41.2756123788727,38.9493701278681,3.));
#12420=CARTESIAN_POINT('Ctrl Pts',(41.2805122007786,38.7272880612901,5.));
#12421=CARTESIAN_POINT('Ctrl Pts',(41.2805122007786,38.7272880612901,3.));
#12422=CARTESIAN_POINT('Ctrl Pts',(41.393363092507,38.5373454376616,5.));
#12423=CARTESIAN_POINT('Ctrl Pts',(41.393363092507,38.5373454376616,3.));
#12424=CARTESIAN_POINT('Ctrl Pts',(41.4427042752504,38.4542978554964,5.));
#12425=CARTESIAN_POINT('Ctrl Pts',(41.4427042752504,38.4542978554964,3.));
#12426=CARTESIAN_POINT('',(41.2728548794985,39.0743524581194,5.));
#12427=CARTESIAN_POINT('Ctrl Pts',(41.2728548794985,39.0743524581194,5.));
#12428=CARTESIAN_POINT('Ctrl Pts',(41.2756123788727,38.9493701278681,5.));
#12429=CARTESIAN_POINT('Ctrl Pts',(41.2805122007786,38.7272880612901,5.));
#12430=CARTESIAN_POINT('Ctrl Pts',(41.393363092507,38.5373454376616,5.));
#12431=CARTESIAN_POINT('Ctrl Pts',(41.4427042752504,38.4542978554964,5.));
#12432=CARTESIAN_POINT('',(41.2728548794985,39.0743524581194,3.));
#12433=CARTESIAN_POINT('',(41.2728548794985,39.0743524581194,5.));
#12434=CARTESIAN_POINT('Ctrl Pts',(41.2728548794985,39.0743524581194,3.));
#12435=CARTESIAN_POINT('Ctrl Pts',(41.2756123788727,38.9493701278681,3.));
#12436=CARTESIAN_POINT('Ctrl Pts',(41.2805122007786,38.7272880612901,3.));
#12437=CARTESIAN_POINT('Ctrl Pts',(41.393363092507,38.5373454376616,3.));
#12438=CARTESIAN_POINT('Ctrl Pts',(41.4427042752504,38.4542978554964,3.));
#12439=CARTESIAN_POINT('Ctrl Pts',(41.453957632184,39.7138477116823,5.));
#12440=CARTESIAN_POINT('Ctrl Pts',(41.453957632184,39.7138477116823,3.));
#12441=CARTESIAN_POINT('Ctrl Pts',(41.4012843367252,39.6261325479622,5.));
#12442=CARTESIAN_POINT('Ctrl Pts',(41.4012843367252,39.6261325479622,3.));
#12443=CARTESIAN_POINT('Ctrl Pts',(41.2836865933634,39.4303007659892,5.));
#12444=CARTESIAN_POINT('Ctrl Pts',(41.2836865933634,39.4303007659892,3.));
#12445=CARTESIAN_POINT('Ctrl Pts',(41.2767077975336,39.20096581516,5.));
#12446=CARTESIAN_POINT('Ctrl Pts',(41.2767077975336,39.20096581516,3.));
#12447=CARTESIAN_POINT('Ctrl Pts',(41.2728548794985,39.0743524581194,5.));
#12448=CARTESIAN_POINT('Ctrl Pts',(41.2728548794985,39.0743524581194,3.));
#12449=CARTESIAN_POINT('Ctrl Pts',(41.453957632184,39.7138477116823,5.));
#12450=CARTESIAN_POINT('Ctrl Pts',(41.4012843367252,39.6261325479622,5.));
#12451=CARTESIAN_POINT('Ctrl Pts',(41.2836865933634,39.4303007659892,5.));
#12452=CARTESIAN_POINT('Ctrl Pts',(41.2767077975336,39.20096581516,5.));
#12453=CARTESIAN_POINT('Ctrl Pts',(41.2728548794985,39.0743524581194,5.));
#12454=CARTESIAN_POINT('Ctrl Pts',(41.453957632184,39.7138477116823,3.));
#12455=CARTESIAN_POINT('Ctrl Pts',(41.4012843367252,39.6261325479622,3.));
#12456=CARTESIAN_POINT('Ctrl Pts',(41.2836865933634,39.4303007659892,3.));
#12457=CARTESIAN_POINT('Ctrl Pts',(41.2767077975336,39.20096581516,3.));
#12458=CARTESIAN_POINT('Ctrl Pts',(41.2728548794985,39.0743524581194,3.));
#12459=CARTESIAN_POINT('Origin',(41.3076425343752,38.2251027971506,5.));
#12460=CARTESIAN_POINT('',(41.3076425343752,38.2251027971506,5.));
#12461=CARTESIAN_POINT('',(41.3076425343752,37.1671218425035,5.));
#12462=CARTESIAN_POINT('',(41.3076425343752,20.3718677157378,5.));
#12463=CARTESIAN_POINT('',(41.3076425343752,38.2251027971506,3.));
#12464=CARTESIAN_POINT('',(41.3076425343752,38.2251027971506,5.));
#12465=CARTESIAN_POINT('',(41.3076425343752,37.1671218425035,3.));
#12466=CARTESIAN_POINT('',(41.3076425343752,38.2251027971506,3.));
#12467=CARTESIAN_POINT('',(41.3076425343752,37.1671218425035,5.));
#12468=CARTESIAN_POINT('Ctrl Pts',(41.5480924397707,38.0286497622728,5.));
#12469=CARTESIAN_POINT('Ctrl Pts',(41.5480924397707,38.0286497622728,3.));
#12470=CARTESIAN_POINT('Ctrl Pts',(41.5018766960335,38.0557987340152,5.));
#12471=CARTESIAN_POINT('Ctrl Pts',(41.5018766960335,38.0557987340152,3.));
#12472=CARTESIAN_POINT('Ctrl Pts',(41.4115344424665,38.1088693781485,5.));
#12473=CARTESIAN_POINT('Ctrl Pts',(41.4115344424665,38.1088693781485,3.));
#12474=CARTESIAN_POINT('Ctrl Pts',(41.3417351160857,38.1869602949324,5.));
#12475=CARTESIAN_POINT('Ctrl Pts',(41.3417351160857,38.1869602949324,3.));
#12476=CARTESIAN_POINT('Ctrl Pts',(41.3076425343752,38.2251027971506,5.));
#12477=CARTESIAN_POINT('Ctrl Pts',(41.3076425343752,38.2251027971506,3.));
#12478=CARTESIAN_POINT('',(41.5480924397707,38.0286497622728,5.));
#12479=CARTESIAN_POINT('Ctrl Pts',(41.5480924397707,38.0286497622728,5.));
#12480=CARTESIAN_POINT('Ctrl Pts',(41.5018766960335,38.0557987340152,5.));
#12481=CARTESIAN_POINT('Ctrl Pts',(41.4115344424665,38.1088693781485,5.));
#12482=CARTESIAN_POINT('Ctrl Pts',(41.3417351160857,38.1869602949324,5.));
#12483=CARTESIAN_POINT('Ctrl Pts',(41.3076425343752,38.2251027971506,5.));
#12484=CARTESIAN_POINT('',(41.5480924397707,38.0286497622728,3.));
#12485=CARTESIAN_POINT('',(41.5480924397707,38.0286497622728,5.));
#12486=CARTESIAN_POINT('Ctrl Pts',(41.5480924397707,38.0286497622728,3.));
#12487=CARTESIAN_POINT('Ctrl Pts',(41.5018766960335,38.0557987340152,3.));
#12488=CARTESIAN_POINT('Ctrl Pts',(41.4115344424665,38.1088693781485,3.));
#12489=CARTESIAN_POINT('Ctrl Pts',(41.3417351160857,38.1869602949324,3.));
#12490=CARTESIAN_POINT('Ctrl Pts',(41.3076425343752,38.2251027971506,3.));
#12491=CARTESIAN_POINT('Ctrl Pts',(41.8785835057497,37.9508871585131,5.));
#12492=CARTESIAN_POINT('Ctrl Pts',(41.8785835057497,37.9508871585131,3.));
#12493=CARTESIAN_POINT('Ctrl Pts',(41.8194832922194,37.9537540664183,5.));
#12494=CARTESIAN_POINT('Ctrl Pts',(41.8194832922194,37.9537540664183,3.));
#12495=CARTESIAN_POINT('Ctrl Pts',(41.7044596670702,37.9593337779037,5.));
#12496=CARTESIAN_POINT('Ctrl Pts',(41.7044596670702,37.9593337779037,3.));
#12497=CARTESIAN_POINT('Ctrl Pts',(41.5992462297474,38.0059738130494,5.));
#12498=CARTESIAN_POINT('Ctrl Pts',(41.5992462297474,38.0059738130494,3.));
#12499=CARTESIAN_POINT('Ctrl Pts',(41.5480924397707,38.0286497622728,5.));
#12500=CARTESIAN_POINT('Ctrl Pts',(41.5480924397707,38.0286497622728,3.));
#12501=CARTESIAN_POINT('',(41.8785835057497,37.9508871585131,5.));
#12502=CARTESIAN_POINT('Ctrl Pts',(41.8785835057497,37.9508871585131,5.));
#12503=CARTESIAN_POINT('Ctrl Pts',(41.8194832922194,37.9537540664183,5.));
#12504=CARTESIAN_POINT('Ctrl Pts',(41.7044596670702,37.9593337779037,5.));
#12505=CARTESIAN_POINT('Ctrl Pts',(41.5992462297474,38.0059738130494,5.));
#12506=CARTESIAN_POINT('Ctrl Pts',(41.5480924397707,38.0286497622728,5.));
#12507=CARTESIAN_POINT('',(41.8785835057497,37.9508871585131,3.));
#12508=CARTESIAN_POINT('',(41.8785835057497,37.9508871585131,5.));
#12509=CARTESIAN_POINT('Ctrl Pts',(41.8785835057497,37.9508871585131,3.));
#12510=CARTESIAN_POINT('Ctrl Pts',(41.8194832922194,37.9537540664183,3.));
#12511=CARTESIAN_POINT('Ctrl Pts',(41.7044596670702,37.9593337779037,3.));
#12512=CARTESIAN_POINT('Ctrl Pts',(41.5992462297474,38.0059738130494,3.));
#12513=CARTESIAN_POINT('Ctrl Pts',(41.5480924397707,38.0286497622728,3.));
#12514=CARTESIAN_POINT('Ctrl Pts',(42.3584605008364,38.0931109935045,5.));
#12515=CARTESIAN_POINT('Ctrl Pts',(42.3584605008364,38.0931109935045,3.));
#12516=CARTESIAN_POINT('Ctrl Pts',(42.2821811389276,38.0516327261757,5.));
#12517=CARTESIAN_POINT('Ctrl Pts',(42.2821811389276,38.0516327261757,3.));
#12518=CARTESIAN_POINT('Ctrl Pts',(42.1322428904523,37.970101121854,5.));
#12519=CARTESIAN_POINT('Ctrl Pts',(42.1322428904523,37.970101121854,3.));
#12520=CARTESIAN_POINT('Ctrl Pts',(41.9621457027378,37.9572167527896,5.));
#12521=CARTESIAN_POINT('Ctrl Pts',(41.9621457027378,37.9572167527896,3.));
#12522=CARTESIAN_POINT('Ctrl Pts',(41.8785835057497,37.9508871585131,5.));
#12523=CARTESIAN_POINT('Ctrl Pts',(41.8785835057497,37.9508871585131,3.));
#12524=CARTESIAN_POINT('',(42.3584605008364,38.0931109935045,5.));
#12525=CARTESIAN_POINT('Ctrl Pts',(42.3584605008364,38.0931109935045,5.));
#12526=CARTESIAN_POINT('Ctrl Pts',(42.2821811389276,38.0516327261757,5.));
#12527=CARTESIAN_POINT('Ctrl Pts',(42.1322428904523,37.970101121854,5.));
#12528=CARTESIAN_POINT('Ctrl Pts',(41.9621457027378,37.9572167527896,5.));
#12529=CARTESIAN_POINT('Ctrl Pts',(41.8785835057497,37.9508871585131,5.));
#12530=CARTESIAN_POINT('',(42.3584605008364,38.0931109935045,3.));
#12531=CARTESIAN_POINT('',(42.3584605008364,38.0931109935045,5.));
#12532=CARTESIAN_POINT('Ctrl Pts',(42.3584605008364,38.0931109935045,3.));
#12533=CARTESIAN_POINT('Ctrl Pts',(42.2821811389276,38.0516327261757,3.));
#12534=CARTESIAN_POINT('Ctrl Pts',(42.1322428904523,37.970101121854,3.));
#12535=CARTESIAN_POINT('Ctrl Pts',(41.9621457027378,37.9572167527896,3.));
#12536=CARTESIAN_POINT('Ctrl Pts',(41.8785835057497,37.9508871585131,3.));
#12537=CARTESIAN_POINT('Ctrl Pts',(42.7063465863466,38.5023880749941,5.));
#12538=CARTESIAN_POINT('Ctrl Pts',(42.7063465863466,38.5023880749941,3.));
#12539=CARTESIAN_POINT('Ctrl Pts',(42.6628186639551,38.41913815178,5.));
#12540=CARTESIAN_POINT('Ctrl Pts',(42.6628186639551,38.41913815178,3.));
#12541=CARTESIAN_POINT('Ctrl Pts',(42.5776887055108,38.2563216856057,5.));
#12542=CARTESIAN_POINT('Ctrl Pts',(42.5776887055108,38.2563216856057,3.));
#12543=CARTESIAN_POINT('Ctrl Pts',(42.4304260665236,38.1466878122387,5.));
#12544=CARTESIAN_POINT('Ctrl Pts',(42.4304260665236,38.1466878122387,3.));
#12545=CARTESIAN_POINT('Ctrl Pts',(42.3584605008364,38.0931109935045,5.));
#12546=CARTESIAN_POINT('Ctrl Pts',(42.3584605008364,38.0931109935045,3.));
#12547=CARTESIAN_POINT('',(42.7063465863466,38.5023880749941,5.));
#12548=CARTESIAN_POINT('Ctrl Pts',(42.7063465863466,38.5023880749941,5.));
#12549=CARTESIAN_POINT('Ctrl Pts',(42.6628186639551,38.41913815178,5.));
#12550=CARTESIAN_POINT('Ctrl Pts',(42.5776887055108,38.2563216856057,5.));
#12551=CARTESIAN_POINT('Ctrl Pts',(42.4304260665236,38.1466878122387,5.));
#12552=CARTESIAN_POINT('Ctrl Pts',(42.3584605008364,38.0931109935045,5.));
#12553=CARTESIAN_POINT('',(42.7063465863466,38.5023880749941,3.));
#12554=CARTESIAN_POINT('',(42.7063465863466,38.5023880749941,5.));
#12555=CARTESIAN_POINT('Ctrl Pts',(42.7063465863466,38.5023880749941,3.));
#12556=CARTESIAN_POINT('Ctrl Pts',(42.6628186639551,38.41913815178,3.));
#12557=CARTESIAN_POINT('Ctrl Pts',(42.5776887055108,38.2563216856057,3.));
#12558=CARTESIAN_POINT('Ctrl Pts',(42.4304260665236,38.1466878122387,3.));
#12559=CARTESIAN_POINT('Ctrl Pts',(42.3584605008364,38.0931109935045,3.));
#12560=CARTESIAN_POINT('Ctrl Pts',(42.8260589390993,39.1030020266771,5.));
#12561=CARTESIAN_POINT('Ctrl Pts',(42.8260589390993,39.1030020266771,3.));
#12562=CARTESIAN_POINT('Ctrl Pts',(42.8217795883089,38.9962005497829,5.));
#12563=CARTESIAN_POINT('Ctrl Pts',(42.8217795883089,38.9962005497829,3.));
#12564=CARTESIAN_POINT('Ctrl Pts',(42.8135004233611,38.7895741040465,5.));
#12565=CARTESIAN_POINT('Ctrl Pts',(42.8135004233611,38.7895741040465,3.));
#12566=CARTESIAN_POINT('Ctrl Pts',(42.741251396481,38.5959374437953,5.));
#12567=CARTESIAN_POINT('Ctrl Pts',(42.741251396481,38.5959374437953,3.));
#12568=CARTESIAN_POINT('Ctrl Pts',(42.7063465863466,38.5023880749941,5.));
#12569=CARTESIAN_POINT('Ctrl Pts',(42.7063465863466,38.5023880749941,3.));
#12570=CARTESIAN_POINT('',(42.8260589390993,39.1030020266771,5.));
#12571=CARTESIAN_POINT('Ctrl Pts',(42.8260589390993,39.1030020266771,5.));
#12572=CARTESIAN_POINT('Ctrl Pts',(42.8217795883089,38.9962005497829,5.));
#12573=CARTESIAN_POINT('Ctrl Pts',(42.8135004233611,38.7895741040465,5.));
#12574=CARTESIAN_POINT('Ctrl Pts',(42.741251396481,38.5959374437953,5.));
#12575=CARTESIAN_POINT('Ctrl Pts',(42.7063465863466,38.5023880749941,5.));
#12576=CARTESIAN_POINT('',(42.8260589390993,39.1030020266771,3.));
#12577=CARTESIAN_POINT('',(42.8260589390993,39.1030020266771,5.));
#12578=CARTESIAN_POINT('Ctrl Pts',(42.8260589390993,39.1030020266771,3.));
#12579=CARTESIAN_POINT('Ctrl Pts',(42.8217795883089,38.9962005497829,3.));
#12580=CARTESIAN_POINT('Ctrl Pts',(42.8135004233611,38.7895741040465,3.));
#12581=CARTESIAN_POINT('Ctrl Pts',(42.741251396481,38.5959374437953,3.));
#12582=CARTESIAN_POINT('Ctrl Pts',(42.7063465863466,38.5023880749941,3.));
#12583=CARTESIAN_POINT('Ctrl Pts',(42.717602327466,39.6749664098024,5.));
#12584=CARTESIAN_POINT('Ctrl Pts',(42.717602327466,39.6749664098024,3.));
#12585=CARTESIAN_POINT('Ctrl Pts',(42.7492307081058,39.5846844815637,5.));
#12586=CARTESIAN_POINT('Ctrl Pts',(42.7492307081058,39.5846844815637,3.));
#12587=CARTESIAN_POINT('Ctrl Pts',(42.8140899611012,39.3995463775536,5.));
#12588=CARTESIAN_POINT('Ctrl Pts',(42.8140899611012,39.3995463775536,3.));
#12589=CARTESIAN_POINT('Ctrl Pts',(42.822004100973,39.2034650186093,5.));
#12590=CARTESIAN_POINT('Ctrl Pts',(42.822004100973,39.2034650186093,3.));
#12591=CARTESIAN_POINT('Ctrl Pts',(42.8260589390993,39.1030020266771,5.));
#12592=CARTESIAN_POINT('Ctrl Pts',(42.8260589390993,39.1030020266771,3.));
#12593=CARTESIAN_POINT('',(42.717602327466,39.6749664098024,5.));
#12594=CARTESIAN_POINT('Ctrl Pts',(42.717602327466,39.6749664098024,5.));
#12595=CARTESIAN_POINT('Ctrl Pts',(42.7492307081058,39.5846844815637,5.));
#12596=CARTESIAN_POINT('Ctrl Pts',(42.8140899611012,39.3995463775536,5.));
#12597=CARTESIAN_POINT('Ctrl Pts',(42.822004100973,39.2034650186093,5.));
#12598=CARTESIAN_POINT('Ctrl Pts',(42.8260589390993,39.1030020266771,5.));
#12599=CARTESIAN_POINT('',(42.717602327466,39.6749664098024,3.));
#12600=CARTESIAN_POINT('',(42.717602327466,39.6749664098024,5.));
#12601=CARTESIAN_POINT('Ctrl Pts',(42.717602327466,39.6749664098024,3.));
#12602=CARTESIAN_POINT('Ctrl Pts',(42.7492307081058,39.5846844815637,3.));
#12603=CARTESIAN_POINT('Ctrl Pts',(42.8140899611012,39.3995463775536,3.));
#12604=CARTESIAN_POINT('Ctrl Pts',(42.822004100973,39.2034650186093,3.));
#12605=CARTESIAN_POINT('Ctrl Pts',(42.8260589390993,39.1030020266771,3.));
#12606=CARTESIAN_POINT('Ctrl Pts',(42.3963189870119,40.0791273266077,5.));
#12607=CARTESIAN_POINT('Ctrl Pts',(42.3963189870119,40.0791273266077,3.));
#12608=CARTESIAN_POINT('Ctrl Pts',(42.4633474649521,40.0254064055125,5.));
#12609=CARTESIAN_POINT('Ctrl Pts',(42.4633474649521,40.0254064055125,3.));
#12610=CARTESIAN_POINT('Ctrl Pts',(42.6009448992566,39.9151269968444,5.));
#12611=CARTESIAN_POINT('Ctrl Pts',(42.6009448992566,39.9151269968444,3.));
#12612=CARTESIAN_POINT('Ctrl Pts',(42.678055151121,39.7563814832586,5.));
#12613=CARTESIAN_POINT('Ctrl Pts',(42.678055151121,39.7563814832586,3.));
#12614=CARTESIAN_POINT('Ctrl Pts',(42.717602327466,39.6749664098024,5.));
#12615=CARTESIAN_POINT('Ctrl Pts',(42.717602327466,39.6749664098024,3.));
#12616=CARTESIAN_POINT('',(42.3963189870119,40.0791273266077,5.));
#12617=CARTESIAN_POINT('Ctrl Pts',(42.3963189870119,40.0791273266077,5.));
#12618=CARTESIAN_POINT('Ctrl Pts',(42.4633474649521,40.0254064055125,5.));
#12619=CARTESIAN_POINT('Ctrl Pts',(42.6009448992566,39.9151269968444,5.));
#12620=CARTESIAN_POINT('Ctrl Pts',(42.678055151121,39.7563814832586,5.));
#12621=CARTESIAN_POINT('Ctrl Pts',(42.717602327466,39.6749664098024,5.));
#12622=CARTESIAN_POINT('',(42.3963189870119,40.0791273266077,3.));
#12623=CARTESIAN_POINT('',(42.3963189870119,40.0791273266077,5.));
#12624=CARTESIAN_POINT('Ctrl Pts',(42.3963189870119,40.0791273266077,3.));
#12625=CARTESIAN_POINT('Ctrl Pts',(42.4633474649521,40.0254064055125,3.));
#12626=CARTESIAN_POINT('Ctrl Pts',(42.6009448992566,39.9151269968444,3.));
#12627=CARTESIAN_POINT('Ctrl Pts',(42.678055151121,39.7563814832586,3.));
#12628=CARTESIAN_POINT('Ctrl Pts',(42.717602327466,39.6749664098024,3.));
#12629=CARTESIAN_POINT('Ctrl Pts',(41.9051862508059,40.2223742753267,5.));
#12630=CARTESIAN_POINT('Ctrl Pts',(41.9051862508059,40.2223742753267,3.));
#12631=CARTESIAN_POINT('Ctrl Pts',(41.9944189224091,40.2169417885891,5.));
#12632=CARTESIAN_POINT('Ctrl Pts',(41.9944189224091,40.2169417885891,3.));
#12633=CARTESIAN_POINT('Ctrl Pts',(42.1690885576551,40.2063078978863,5.));
#12634=CARTESIAN_POINT('Ctrl Pts',(42.1690885576551,40.2063078978863,3.));
#12635=CARTESIAN_POINT('Ctrl Pts',(42.3216808270635,40.1209022061795,5.));
#12636=CARTESIAN_POINT('Ctrl Pts',(42.3216808270635,40.1209022061795,3.));
#12637=CARTESIAN_POINT('Ctrl Pts',(42.3963189870119,40.0791273266077,5.));
#12638=CARTESIAN_POINT('Ctrl Pts',(42.3963189870119,40.0791273266077,3.));
#12639=CARTESIAN_POINT('',(41.9051862508059,40.2223742753267,5.));
#12640=CARTESIAN_POINT('Ctrl Pts',(41.9051862508059,40.2223742753267,5.));
#12641=CARTESIAN_POINT('Ctrl Pts',(41.9944189224091,40.2169417885891,5.));
#12642=CARTESIAN_POINT('Ctrl Pts',(42.1690885576551,40.2063078978863,5.));
#12643=CARTESIAN_POINT('Ctrl Pts',(42.3216808270635,40.1209022061795,5.));
#12644=CARTESIAN_POINT('Ctrl Pts',(42.3963189870119,40.0791273266077,5.));
#12645=CARTESIAN_POINT('',(41.9051862508059,40.2223742753267,3.));
#12646=CARTESIAN_POINT('',(41.9051862508059,40.2223742753267,5.));
#12647=CARTESIAN_POINT('Ctrl Pts',(41.9051862508059,40.2223742753267,3.));
#12648=CARTESIAN_POINT('Ctrl Pts',(41.9944189224091,40.2169417885891,3.));
#12649=CARTESIAN_POINT('Ctrl Pts',(42.1690885576551,40.2063078978863,3.));
#12650=CARTESIAN_POINT('Ctrl Pts',(42.3216808270635,40.1209022061795,3.));
#12651=CARTESIAN_POINT('Ctrl Pts',(42.3963189870119,40.0791273266077,3.));
#12652=CARTESIAN_POINT('Ctrl Pts',(41.5429759770632,40.1394958049059,5.));
#12653=CARTESIAN_POINT('Ctrl Pts',(41.5429759770632,40.1394958049059,3.));
#12654=CARTESIAN_POINT('Ctrl Pts',(41.5972459753606,40.1636471725839,5.));
#12655=CARTESIAN_POINT('Ctrl Pts',(41.5972459753606,40.1636471725839,3.));
#12656=CARTESIAN_POINT('Ctrl Pts',(41.7123954566199,40.2148912770076,5.));
#12657=CARTESIAN_POINT('Ctrl Pts',(41.7123954566199,40.2148912770076,3.));
#12658=CARTESIAN_POINT('Ctrl Pts',(41.8385097017403,40.2197862860678,5.));
#12659=CARTESIAN_POINT('Ctrl Pts',(41.8385097017403,40.2197862860678,3.));
#12660=CARTESIAN_POINT('Ctrl Pts',(41.9051862508059,40.2223742753267,5.));
#12661=CARTESIAN_POINT('Ctrl Pts',(41.9051862508059,40.2223742753267,3.));
#12662=CARTESIAN_POINT('',(41.5429759770632,40.1394958049059,5.));
#12663=CARTESIAN_POINT('Ctrl Pts',(41.5429759770632,40.1394958049059,5.));
#12664=CARTESIAN_POINT('Ctrl Pts',(41.5972459753606,40.1636471725839,5.));
#12665=CARTESIAN_POINT('Ctrl Pts',(41.7123954566199,40.2148912770076,5.));
#12666=CARTESIAN_POINT('Ctrl Pts',(41.8385097017403,40.2197862860678,5.));
#12667=CARTESIAN_POINT('Ctrl Pts',(41.9051862508059,40.2223742753267,5.));
#12668=CARTESIAN_POINT('',(41.5429759770632,40.1394958049059,3.));
#12669=CARTESIAN_POINT('',(41.5429759770632,40.1394958049059,5.));
#12670=CARTESIAN_POINT('Ctrl Pts',(41.5429759770632,40.1394958049059,3.));
#12671=CARTESIAN_POINT('Ctrl Pts',(41.5972459753606,40.1636471725839,3.));
#12672=CARTESIAN_POINT('Ctrl Pts',(41.7123954566199,40.2148912770076,3.));
#12673=CARTESIAN_POINT('Ctrl Pts',(41.8385097017403,40.2197862860678,3.));
#12674=CARTESIAN_POINT('Ctrl Pts',(41.9051862508059,40.2223742753267,3.));
#12675=CARTESIAN_POINT('Ctrl Pts',(41.2749005109072,39.8908600956202,5.));
#12676=CARTESIAN_POINT('Ctrl Pts',(41.2749005109072,39.8908600956202,3.));
#12677=CARTESIAN_POINT('Ctrl Pts',(41.3145010604239,39.9419519176684,5.));
#12678=CARTESIAN_POINT('Ctrl Pts',(41.3145010604239,39.9419519176684,3.));
#12679=CARTESIAN_POINT('Ctrl Pts',(41.3902390078049,40.0396674740713,5.));
#12680=CARTESIAN_POINT('Ctrl Pts',(41.3902390078049,40.0396674740713,3.));
#12681=CARTESIAN_POINT('Ctrl Pts',(41.4936396678471,40.1072497715945,5.));
#12682=CARTESIAN_POINT('Ctrl Pts',(41.4936396678471,40.1072497715945,3.));
#12683=CARTESIAN_POINT('Ctrl Pts',(41.5429759770632,40.1394958049059,5.));
#12684=CARTESIAN_POINT('Ctrl Pts',(41.5429759770632,40.1394958049059,3.));
#12685=CARTESIAN_POINT('',(41.2749005109072,39.8908600956202,5.));
#12686=CARTESIAN_POINT('Ctrl Pts',(41.2749005109072,39.8908600956202,5.));
#12687=CARTESIAN_POINT('Ctrl Pts',(41.3145010604239,39.9419519176684,5.));
#12688=CARTESIAN_POINT('Ctrl Pts',(41.3902390078049,40.0396674740713,5.));
#12689=CARTESIAN_POINT('Ctrl Pts',(41.4936396678471,40.1072497715945,5.));
#12690=CARTESIAN_POINT('Ctrl Pts',(41.5429759770632,40.1394958049059,5.));
#12691=CARTESIAN_POINT('',(41.2749005109072,39.8908600956202,3.));
#12692=CARTESIAN_POINT('',(41.2749005109072,39.8908600956202,5.));
#12693=CARTESIAN_POINT('Ctrl Pts',(41.2749005109072,39.8908600956202,3.));
#12694=CARTESIAN_POINT('Ctrl Pts',(41.3145010604239,39.9419519176684,3.));
#12695=CARTESIAN_POINT('Ctrl Pts',(41.3902390078049,40.0396674740713,3.));
#12696=CARTESIAN_POINT('Ctrl Pts',(41.4936396678471,40.1072497715945,3.));
#12697=CARTESIAN_POINT('Ctrl Pts',(41.5429759770632,40.1394958049059,3.));
#12698=CARTESIAN_POINT('Origin',(41.2749005109072,40.1732609421015,5.));
#12699=CARTESIAN_POINT('',(41.2749005109072,40.1732609421015,5.));
#12700=CARTESIAN_POINT('',(41.2749005109072,21.3459467882133,5.));
#12701=CARTESIAN_POINT('',(41.2749005109072,40.1732609421015,3.));
#12702=CARTESIAN_POINT('',(41.2749005109072,40.1732609421015,5.));
#12703=CARTESIAN_POINT('',(41.2749005109072,40.1732609421015,3.));
#12704=CARTESIAN_POINT('Origin',(40.9392929822206,40.1732609421015,5.));
#12705=CARTESIAN_POINT('',(40.9392929822206,40.1732609421015,5.));
#12706=CARTESIAN_POINT('',(43.0863576577714,40.1732609421015,5.));
#12707=CARTESIAN_POINT('',(40.9392929822206,40.1732609421015,3.));
#12708=CARTESIAN_POINT('',(40.9392929822206,40.1732609421015,5.));
#12709=CARTESIAN_POINT('',(40.9392929822206,40.1732609421015,3.));
#12710=CARTESIAN_POINT('Origin',(40.9392929822206,37.1671218425035,5.));
#12711=CARTESIAN_POINT('',(40.9392929822206,37.1671218425035,5.));
#12712=CARTESIAN_POINT('',(40.9392929822206,19.8428772384143,5.));
#12713=CARTESIAN_POINT('',(40.9392929822206,37.1671218425035,3.));
#12714=CARTESIAN_POINT('',(40.9392929822206,37.1671218425035,5.));
#12715=CARTESIAN_POINT('',(40.9392929822206,37.1671218425035,3.));
#12716=CARTESIAN_POINT('Origin',(41.3076425343752,37.1671218425035,5.));
#12717=CARTESIAN_POINT('',(43.2705324338487,37.1671218425035,5.));
#12718=CARTESIAN_POINT('',(41.3076425343752,37.1671218425035,3.));
#12719=CARTESIAN_POINT('Origin',(28.6763299629092,39.0835612267256,3.));
#12720=CARTESIAN_POINT('Ctrl Pts',(44.598226621747,38.5873130708933,5.));
#12721=CARTESIAN_POINT('Ctrl Pts',(44.598226621747,38.5873130708933,3.));
#12722=CARTESIAN_POINT('Ctrl Pts',(44.6154479462155,38.6383924534473,5.));
#12723=CARTESIAN_POINT('Ctrl Pts',(44.6154479462155,38.6383924534473,3.));
#12724=CARTESIAN_POINT('Ctrl Pts',(44.6556289140782,38.7575713837669,5.));
#12725=CARTESIAN_POINT('Ctrl Pts',(44.6556289140782,38.7575713837669,3.));
#12726=CARTESIAN_POINT('Ctrl Pts',(44.6568665703318,38.883631071599,5.));
#12727=CARTESIAN_POINT('Ctrl Pts',(44.6568665703318,38.883631071599,3.));
#12728=CARTESIAN_POINT('Ctrl Pts',(44.657573774457,38.9556623250246,5.));
#12729=CARTESIAN_POINT('Ctrl Pts',(44.657573774457,38.9556623250246,3.));
#12730=CARTESIAN_POINT('',(44.598226621747,38.5873130708933,5.));
#12731=CARTESIAN_POINT('',(44.657573774457,38.9556623250246,5.));
#12732=CARTESIAN_POINT('Ctrl Pts',(44.598226621747,38.5873130708933,5.));
#12733=CARTESIAN_POINT('Ctrl Pts',(44.6154479462155,38.6383924534473,5.));
#12734=CARTESIAN_POINT('Ctrl Pts',(44.6556289140782,38.7575713837669,5.));
#12735=CARTESIAN_POINT('Ctrl Pts',(44.6568665703318,38.883631071599,5.));
#12736=CARTESIAN_POINT('Ctrl Pts',(44.657573774457,38.9556623250246,5.));
#12737=CARTESIAN_POINT('',(44.598226621747,38.5873130708933,3.));
#12738=CARTESIAN_POINT('',(44.598226621747,38.5873130708933,5.));
#12739=CARTESIAN_POINT('',(44.657573774457,38.9556623250246,3.));
#12740=CARTESIAN_POINT('Ctrl Pts',(44.598226621747,38.5873130708933,3.));
#12741=CARTESIAN_POINT('Ctrl Pts',(44.6154479462155,38.6383924534473,3.));
#12742=CARTESIAN_POINT('Ctrl Pts',(44.6556289140782,38.7575713837669,3.));
#12743=CARTESIAN_POINT('Ctrl Pts',(44.6568665703318,38.883631071599,3.));
#12744=CARTESIAN_POINT('Ctrl Pts',(44.657573774457,38.9556623250246,3.));
#12745=CARTESIAN_POINT('',(44.657573774457,38.9556623250246,5.));
#12746=CARTESIAN_POINT('Ctrl Pts',(44.3547082692385,38.3325380831957,5.));
#12747=CARTESIAN_POINT('Ctrl Pts',(44.3547082692385,38.3325380831957,3.));
#12748=CARTESIAN_POINT('Ctrl Pts',(44.406083652408,38.3660001808423,5.));
#12749=CARTESIAN_POINT('Ctrl Pts',(44.406083652408,38.3660001808423,3.));
#12750=CARTESIAN_POINT('Ctrl Pts',(44.5072600553862,38.4318989531166,5.));
#12751=CARTESIAN_POINT('Ctrl Pts',(44.5072600553862,38.4318989531166,3.));
#12752=CARTESIAN_POINT('Ctrl Pts',(44.5682206268795,38.5360485744204,5.));
#12753=CARTESIAN_POINT('Ctrl Pts',(44.5682206268795,38.5360485744204,3.));
#12754=CARTESIAN_POINT('Ctrl Pts',(44.598226621747,38.5873130708933,5.));
#12755=CARTESIAN_POINT('Ctrl Pts',(44.598226621747,38.5873130708933,3.));
#12756=CARTESIAN_POINT('',(44.3547082692385,38.3325380831957,5.));
#12757=CARTESIAN_POINT('Ctrl Pts',(44.3547082692385,38.3325380831957,5.));
#12758=CARTESIAN_POINT('Ctrl Pts',(44.406083652408,38.3660001808423,5.));
#12759=CARTESIAN_POINT('Ctrl Pts',(44.5072600553862,38.4318989531166,5.));
#12760=CARTESIAN_POINT('Ctrl Pts',(44.5682206268795,38.5360485744204,5.));
#12761=CARTESIAN_POINT('Ctrl Pts',(44.598226621747,38.5873130708933,5.));
#12762=CARTESIAN_POINT('',(44.3547082692385,38.3325380831957,3.));
#12763=CARTESIAN_POINT('',(44.3547082692385,38.3325380831957,5.));
#12764=CARTESIAN_POINT('Ctrl Pts',(44.3547082692385,38.3325380831957,3.));
#12765=CARTESIAN_POINT('Ctrl Pts',(44.406083652408,38.3660001808423,3.));
#12766=CARTESIAN_POINT('Ctrl Pts',(44.5072600553862,38.4318989531166,3.));
#12767=CARTESIAN_POINT('Ctrl Pts',(44.5682206268795,38.5360485744204,3.));
#12768=CARTESIAN_POINT('Ctrl Pts',(44.598226621747,38.5873130708933,3.));
#12769=CARTESIAN_POINT('Ctrl Pts',(43.9761257916689,38.2394275814295,5.));
#12770=CARTESIAN_POINT('Ctrl Pts',(43.9761257916689,38.2394275814295,3.));
#12771=CARTESIAN_POINT('Ctrl Pts',(44.044235418569,38.242826934698,5.));
#12772=CARTESIAN_POINT('Ctrl Pts',(44.044235418569,38.242826934698,3.));
#12773=CARTESIAN_POINT('Ctrl Pts',(44.1765390556468,38.2494302127015,5.));
#12774=CARTESIAN_POINT('Ctrl Pts',(44.1765390556468,38.2494302127015,3.));
#12775=CARTESIAN_POINT('Ctrl Pts',(44.2965019931308,38.3053874910188,5.));
#12776=CARTESIAN_POINT('Ctrl Pts',(44.2965019931308,38.3053874910188,3.));
#12777=CARTESIAN_POINT('Ctrl Pts',(44.3547082692385,38.3325380831957,5.));
#12778=CARTESIAN_POINT('Ctrl Pts',(44.3547082692385,38.3325380831957,3.));
#12779=CARTESIAN_POINT('',(43.9761257916689,38.2394275814295,5.));
#12780=CARTESIAN_POINT('Ctrl Pts',(43.9761257916689,38.2394275814295,5.));
#12781=CARTESIAN_POINT('Ctrl Pts',(44.044235418569,38.242826934698,5.));
#12782=CARTESIAN_POINT('Ctrl Pts',(44.1765390556468,38.2494302127015,5.));
#12783=CARTESIAN_POINT('Ctrl Pts',(44.2965019931308,38.3053874910188,5.));
#12784=CARTESIAN_POINT('Ctrl Pts',(44.3547082692385,38.3325380831957,5.));
#12785=CARTESIAN_POINT('',(43.9761257916689,38.2394275814295,3.));
#12786=CARTESIAN_POINT('',(43.9761257916689,38.2394275814295,5.));
#12787=CARTESIAN_POINT('Ctrl Pts',(43.9761257916689,38.2394275814295,3.));
#12788=CARTESIAN_POINT('Ctrl Pts',(44.044235418569,38.242826934698,3.));
#12789=CARTESIAN_POINT('Ctrl Pts',(44.1765390556468,38.2494302127015,3.));
#12790=CARTESIAN_POINT('Ctrl Pts',(44.2965019931308,38.3053874910188,3.));
#12791=CARTESIAN_POINT('Ctrl Pts',(44.3547082692385,38.3325380831957,3.));
#12792=CARTESIAN_POINT('Ctrl Pts',(43.6497283726931,38.3376539498568,5.));
#12793=CARTESIAN_POINT('Ctrl Pts',(43.6497283726931,38.3376539498568,3.));
#12794=CARTESIAN_POINT('Ctrl Pts',(43.6942255779537,38.3090793945466,5.));
#12795=CARTESIAN_POINT('Ctrl Pts',(43.6942255779537,38.3090793945466,3.));
#12796=CARTESIAN_POINT('Ctrl Pts',(43.7931409564254,38.2455593838716,5.));
#12797=CARTESIAN_POINT('Ctrl Pts',(43.7931409564254,38.2455593838716,3.));
#12798=CARTESIAN_POINT('Ctrl Pts',(43.9111843594123,38.241603761944,5.));
#12799=CARTESIAN_POINT('Ctrl Pts',(43.9111843594123,38.241603761944,3.));
#12800=CARTESIAN_POINT('Ctrl Pts',(43.9761257916689,38.2394275814295,5.));
#12801=CARTESIAN_POINT('Ctrl Pts',(43.9761257916689,38.2394275814295,3.));
#12802=CARTESIAN_POINT('',(43.6497283726931,38.3376539498568,5.));
#12803=CARTESIAN_POINT('Ctrl Pts',(43.6497283726931,38.3376539498568,5.));
#12804=CARTESIAN_POINT('Ctrl Pts',(43.6942255779537,38.3090793945466,5.));
#12805=CARTESIAN_POINT('Ctrl Pts',(43.7931409564254,38.2455593838716,5.));
#12806=CARTESIAN_POINT('Ctrl Pts',(43.9111843594123,38.241603761944,5.));
#12807=CARTESIAN_POINT('Ctrl Pts',(43.9761257916689,38.2394275814295,5.));
#12808=CARTESIAN_POINT('',(43.6497283726931,38.3376539498568,3.));
#12809=CARTESIAN_POINT('',(43.6497283726931,38.3376539498568,5.));
#12810=CARTESIAN_POINT('Ctrl Pts',(43.6497283726931,38.3376539498568,3.));
#12811=CARTESIAN_POINT('Ctrl Pts',(43.6942255779537,38.3090793945466,3.));
#12812=CARTESIAN_POINT('Ctrl Pts',(43.7931409564254,38.2455593838716,3.));
#12813=CARTESIAN_POINT('Ctrl Pts',(43.9111843594123,38.241603761944,3.));
#12814=CARTESIAN_POINT('Ctrl Pts',(43.9761257916689,38.2394275814295,3.));
#12815=CARTESIAN_POINT('Ctrl Pts',(43.5382009297609,38.5832200199366,5.));
#12816=CARTESIAN_POINT('Ctrl Pts',(43.5382009297609,38.5832200199366,3.));
#12817=CARTESIAN_POINT('Ctrl Pts',(43.5428941861033,38.5361129762539,5.));
#12818=CARTESIAN_POINT('Ctrl Pts',(43.5428941861033,38.5361129762539,3.));
#12819=CARTESIAN_POINT('Ctrl Pts',(43.5523039112497,38.4416659013056,5.));
#12820=CARTESIAN_POINT('Ctrl Pts',(43.5523039112497,38.4416659013056,3.));
#12821=CARTESIAN_POINT('Ctrl Pts',(43.6172001888975,38.3723815718886,5.));
#12822=CARTESIAN_POINT('Ctrl Pts',(43.6172001888975,38.3723815718886,3.));
#12823=CARTESIAN_POINT('Ctrl Pts',(43.6497283726931,38.3376539498568,5.));
#12824=CARTESIAN_POINT('Ctrl Pts',(43.6497283726931,38.3376539498568,3.));
#12825=CARTESIAN_POINT('',(43.5382009297609,38.5832200199366,5.));
#12826=CARTESIAN_POINT('Ctrl Pts',(43.5382009297609,38.5832200199366,5.));
#12827=CARTESIAN_POINT('Ctrl Pts',(43.5428941861033,38.5361129762539,5.));
#12828=CARTESIAN_POINT('Ctrl Pts',(43.5523039112497,38.4416659013056,5.));
#12829=CARTESIAN_POINT('Ctrl Pts',(43.6172001888975,38.3723815718886,5.));
#12830=CARTESIAN_POINT('Ctrl Pts',(43.6497283726931,38.3376539498568,5.));
#12831=CARTESIAN_POINT('',(43.5382009297609,38.5832200199366,3.));
#12832=CARTESIAN_POINT('',(43.5382009297609,38.5832200199366,5.));
#12833=CARTESIAN_POINT('Ctrl Pts',(43.5382009297609,38.5832200199366,3.));
#12834=CARTESIAN_POINT('Ctrl Pts',(43.5428941861033,38.5361129762539,3.));
#12835=CARTESIAN_POINT('Ctrl Pts',(43.5523039112497,38.4416659013056,3.));
#12836=CARTESIAN_POINT('Ctrl Pts',(43.6172001888975,38.3723815718886,3.));
#12837=CARTESIAN_POINT('Ctrl Pts',(43.6497283726931,38.3376539498568,3.));
#12838=CARTESIAN_POINT('Ctrl Pts',(43.5893607884645,38.7581861764193,5.));
#12839=CARTESIAN_POINT('Ctrl Pts',(43.5893607884645,38.7581861764193,3.));
#12840=CARTESIAN_POINT('Ctrl Pts',(43.574438736007,38.7311001381462,5.));
#12841=CARTESIAN_POINT('Ctrl Pts',(43.574438736007,38.7311001381462,3.));
#12842=CARTESIAN_POINT('Ctrl Pts',(43.5444063228393,38.6765862504083,5.));
#12843=CARTESIAN_POINT('Ctrl Pts',(43.5444063228393,38.6765862504083,3.));
#12844=CARTESIAN_POINT('Ctrl Pts',(43.5402780224982,38.6144719191749,5.));
#12845=CARTESIAN_POINT('Ctrl Pts',(43.5402780224982,38.6144719191749,3.));
#12846=CARTESIAN_POINT('Ctrl Pts',(43.5382009297609,38.5832200199366,5.));
#12847=CARTESIAN_POINT('Ctrl Pts',(43.5382009297609,38.5832200199366,3.));
#12848=CARTESIAN_POINT('',(43.5893607884645,38.7581861764193,5.));
#12849=CARTESIAN_POINT('Ctrl Pts',(43.5893607884645,38.7581861764193,5.));
#12850=CARTESIAN_POINT('Ctrl Pts',(43.574438736007,38.7311001381462,5.));
#12851=CARTESIAN_POINT('Ctrl Pts',(43.5444063228393,38.6765862504083,5.));
#12852=CARTESIAN_POINT('Ctrl Pts',(43.5402780224982,38.6144719191749,5.));
#12853=CARTESIAN_POINT('Ctrl Pts',(43.5382009297609,38.5832200199366,5.));
#12854=CARTESIAN_POINT('',(43.5893607884645,38.7581861764193,3.));
#12855=CARTESIAN_POINT('',(43.5893607884645,38.7581861764193,5.));
#12856=CARTESIAN_POINT('Ctrl Pts',(43.5893607884645,38.7581861764193,3.));
#12857=CARTESIAN_POINT('Ctrl Pts',(43.574438736007,38.7311001381462,3.));
#12858=CARTESIAN_POINT('Ctrl Pts',(43.5444063228393,38.6765862504083,3.));
#12859=CARTESIAN_POINT('Ctrl Pts',(43.5402780224982,38.6144719191749,3.));
#12860=CARTESIAN_POINT('Ctrl Pts',(43.5382009297609,38.5832200199366,3.));
#12861=CARTESIAN_POINT('Ctrl Pts',(43.734653070569,38.8778994232416,5.));
#12862=CARTESIAN_POINT('Ctrl Pts',(43.734653070569,38.8778994232416,3.));
#12863=CARTESIAN_POINT('Ctrl Pts',(43.7052792210688,38.8630028268931,5.));
#12864=CARTESIAN_POINT('Ctrl Pts',(43.7052792210688,38.8630028268931,3.));
#12865=CARTESIAN_POINT('Ctrl Pts',(43.6478866040001,38.8338968477858,5.));
#12866=CARTESIAN_POINT('Ctrl Pts',(43.6478866040001,38.8338968477858,3.));
#12867=CARTESIAN_POINT('Ctrl Pts',(43.6085598826978,38.7830226746505,5.));
#12868=CARTESIAN_POINT('Ctrl Pts',(43.6085598826978,38.7830226746505,3.));
#12869=CARTESIAN_POINT('Ctrl Pts',(43.5893607884645,38.7581861764193,5.));
#12870=CARTESIAN_POINT('Ctrl Pts',(43.5893607884645,38.7581861764193,3.));
#12871=CARTESIAN_POINT('',(43.734653070569,38.8778994232416,5.));
#12872=CARTESIAN_POINT('Ctrl Pts',(43.734653070569,38.8778994232416,5.));
#12873=CARTESIAN_POINT('Ctrl Pts',(43.7052792210688,38.8630028268931,5.));
#12874=CARTESIAN_POINT('Ctrl Pts',(43.6478866040001,38.8338968477858,5.));
#12875=CARTESIAN_POINT('Ctrl Pts',(43.6085598826978,38.7830226746505,5.));
#12876=CARTESIAN_POINT('Ctrl Pts',(43.5893607884645,38.7581861764193,5.));
#12877=CARTESIAN_POINT('',(43.734653070569,38.8778994232416,3.));
#12878=CARTESIAN_POINT('',(43.734653070569,38.8778994232416,5.));
#12879=CARTESIAN_POINT('Ctrl Pts',(43.734653070569,38.8778994232416,3.));
#12880=CARTESIAN_POINT('Ctrl Pts',(43.7052792210688,38.8630028268931,3.));
#12881=CARTESIAN_POINT('Ctrl Pts',(43.6478866040001,38.8338968477858,3.));
#12882=CARTESIAN_POINT('Ctrl Pts',(43.6085598826978,38.7830226746505,3.));
#12883=CARTESIAN_POINT('Ctrl Pts',(43.5893607884645,38.7581861764193,3.));
#12884=CARTESIAN_POINT('Ctrl Pts',(44.0559364110231,38.9515692740679,5.));
#12885=CARTESIAN_POINT('Ctrl Pts',(44.0559364110231,38.9515692740679,3.));
#12886=CARTESIAN_POINT('Ctrl Pts',(43.990759777107,38.9422319750536,5.));
#12887=CARTESIAN_POINT('Ctrl Pts',(43.990759777107,38.9422319750536,3.));
#12888=CARTESIAN_POINT('Ctrl Pts',(43.8815152578221,38.926581446928,5.));
#12889=CARTESIAN_POINT('Ctrl Pts',(43.8815152578221,38.926581446928,3.));
#12890=CARTESIAN_POINT('Ctrl Pts',(43.7768669152184,38.8918925103905,5.));
#12891=CARTESIAN_POINT('Ctrl Pts',(43.7768669152184,38.8918925103905,3.));
#12892=CARTESIAN_POINT('Ctrl Pts',(43.734653070569,38.8778994232416,5.));
#12893=CARTESIAN_POINT('Ctrl Pts',(43.734653070569,38.8778994232416,3.));
#12894=CARTESIAN_POINT('',(44.0559364110231,38.9515692740679,5.));
#12895=CARTESIAN_POINT('Ctrl Pts',(44.0559364110231,38.9515692740679,5.));
#12896=CARTESIAN_POINT('Ctrl Pts',(43.990759777107,38.9422319750536,5.));
#12897=CARTESIAN_POINT('Ctrl Pts',(43.8815152578221,38.926581446928,5.));
#12898=CARTESIAN_POINT('Ctrl Pts',(43.7768669152184,38.8918925103905,5.));
#12899=CARTESIAN_POINT('Ctrl Pts',(43.734653070569,38.8778994232416,5.));
#12900=CARTESIAN_POINT('',(44.0559364110231,38.9515692740679,3.));
#12901=CARTESIAN_POINT('',(44.0559364110231,38.9515692740679,5.));
#12902=CARTESIAN_POINT('Ctrl Pts',(44.0559364110231,38.9515692740679,3.));
#12903=CARTESIAN_POINT('Ctrl Pts',(43.990759777107,38.9422319750536,3.));
#12904=CARTESIAN_POINT('Ctrl Pts',(43.8815152578221,38.926581446928,3.));
#12905=CARTESIAN_POINT('Ctrl Pts',(43.7768669152184,38.8918925103905,3.));
#12906=CARTESIAN_POINT('Ctrl Pts',(43.734653070569,38.8778994232416,3.));
#12907=CARTESIAN_POINT('Ctrl Pts',(44.657573774457,39.0907234698534,5.));
#12908=CARTESIAN_POINT('Ctrl Pts',(44.657573774457,39.0907234698534,3.));
#12909=CARTESIAN_POINT('Ctrl Pts',(44.574507427343,39.0634286833772,5.));
#12910=CARTESIAN_POINT('Ctrl Pts',(44.574507427343,39.0634286833772,3.));
#12911=CARTESIAN_POINT('Ctrl Pts',(44.3783117975465,38.9989607248245,5.));
#12912=CARTESIAN_POINT('Ctrl Pts',(44.3783117975465,38.9989607248245,3.));
#12913=CARTESIAN_POINT('Ctrl Pts',(44.1738386386181,38.9689017313421,5.));
#12914=CARTESIAN_POINT('Ctrl Pts',(44.1738386386181,38.9689017313421,3.));
#12915=CARTESIAN_POINT('Ctrl Pts',(44.0559364110231,38.9515692740679,5.));
#12916=CARTESIAN_POINT('Ctrl Pts',(44.0559364110231,38.9515692740679,3.));
#12917=CARTESIAN_POINT('',(44.657573774457,39.0907234698534,5.));
#12918=CARTESIAN_POINT('Ctrl Pts',(44.657573774457,39.0907234698534,5.));
#12919=CARTESIAN_POINT('Ctrl Pts',(44.574507427343,39.0634286833772,5.));
#12920=CARTESIAN_POINT('Ctrl Pts',(44.3783117975465,38.9989607248245,5.));
#12921=CARTESIAN_POINT('Ctrl Pts',(44.1738386386181,38.9689017313421,5.));
#12922=CARTESIAN_POINT('Ctrl Pts',(44.0559364110231,38.9515692740679,5.));
#12923=CARTESIAN_POINT('',(44.657573774457,39.0907234698534,3.));
#12924=CARTESIAN_POINT('',(44.657573774457,39.0907234698534,5.));
#12925=CARTESIAN_POINT('Ctrl Pts',(44.657573774457,39.0907234698534,3.));
#12926=CARTESIAN_POINT('Ctrl Pts',(44.574507427343,39.0634286833772,3.));
#12927=CARTESIAN_POINT('Ctrl Pts',(44.3783117975465,38.9989607248245,3.));
#12928=CARTESIAN_POINT('Ctrl Pts',(44.1738386386181,38.9689017313421,3.));
#12929=CARTESIAN_POINT('Ctrl Pts',(44.0559364110231,38.9515692740679,3.));
#12930=CARTESIAN_POINT('Origin',(44.657573774457,38.9556623250246,5.));
#12931=CARTESIAN_POINT('',(44.657573774457,20.7371474796748,5.));
#12932=CARTESIAN_POINT('',(44.657573774457,38.9556623250246,3.));
#12933=CARTESIAN_POINT('Origin',(45.1466584950686,38.0000004917383,5.));
#12934=CARTESIAN_POINT('',(45.1466584950686,38.0000004917383,5.));
#12935=CARTESIAN_POINT('',(44.7619391232729,38.0000004917383,5.));
#12936=CARTESIAN_POINT('',(45.1900404141954,38.0000004917383,5.));
#12937=CARTESIAN_POINT('',(45.1466584950686,38.0000004917383,3.));
#12938=CARTESIAN_POINT('',(45.1466584950686,38.0000004917383,5.));
#12939=CARTESIAN_POINT('',(44.7619391232729,38.0000004917383,3.));
#12940=CARTESIAN_POINT('',(45.1466584950686,38.0000004917383,3.));
#12941=CARTESIAN_POINT('',(44.7619391232729,38.0000004917383,5.));
#12942=CARTESIAN_POINT('Ctrl Pts',(45.053548887372,38.2609144598246,5.));
#12943=CARTESIAN_POINT('Ctrl Pts',(45.053548887372,38.2609144598246,3.));
#12944=CARTESIAN_POINT('Ctrl Pts',(45.063410987213,38.2158432809133,5.));
#12945=CARTESIAN_POINT('Ctrl Pts',(45.063410987213,38.2158432809133,3.));
#12946=CARTESIAN_POINT('Ctrl Pts',(45.0833090338315,38.1249064182185,5.));
#12947=CARTESIAN_POINT('Ctrl Pts',(45.0833090338315,38.1249064182185,3.));
#12948=CARTESIAN_POINT('Ctrl Pts',(45.1254193702733,38.0418776049508,5.));
#12949=CARTESIAN_POINT('Ctrl Pts',(45.1254193702733,38.0418776049508,3.));
#12950=CARTESIAN_POINT('Ctrl Pts',(45.1466584950686,38.0000004917383,5.));
#12951=CARTESIAN_POINT('Ctrl Pts',(45.1466584950686,38.0000004917383,3.));
#12952=CARTESIAN_POINT('',(45.053548887372,38.2609144598246,5.));
#12953=CARTESIAN_POINT('Ctrl Pts',(45.053548887372,38.2609144598246,5.));
#12954=CARTESIAN_POINT('Ctrl Pts',(45.063410987213,38.2158432809133,5.));
#12955=CARTESIAN_POINT('Ctrl Pts',(45.0833090338315,38.1249064182185,5.));
#12956=CARTESIAN_POINT('Ctrl Pts',(45.1254193702733,38.0418776049508,5.));
#12957=CARTESIAN_POINT('Ctrl Pts',(45.1466584950686,38.0000004917383,5.));
#12958=CARTESIAN_POINT('',(45.053548887372,38.2609144598246,3.));
#12959=CARTESIAN_POINT('',(45.053548887372,38.2609144598246,5.));
#12960=CARTESIAN_POINT('Ctrl Pts',(45.053548887372,38.2609144598246,3.));
#12961=CARTESIAN_POINT('Ctrl Pts',(45.063410987213,38.2158432809133,3.));
#12962=CARTESIAN_POINT('Ctrl Pts',(45.0833090338315,38.1249064182185,3.));
#12963=CARTESIAN_POINT('Ctrl Pts',(45.1254193702733,38.0418776049508,3.));
#12964=CARTESIAN_POINT('Ctrl Pts',(45.1466584950686,38.0000004917383,3.));
#12965=CARTESIAN_POINT('Ctrl Pts',(45.0300145894289,38.9106417447329,5.));
#12966=CARTESIAN_POINT('Ctrl Pts',(45.0300145894289,38.9106417447329,3.));
#12967=CARTESIAN_POINT('Ctrl Pts',(45.0291683641887,38.7707636234015,5.));
#12968=CARTESIAN_POINT('Ctrl Pts',(45.0291683641887,38.7707636234015,3.));
#12969=CARTESIAN_POINT('Ctrl Pts',(45.0278556310746,38.553773355209,5.));
#12970=CARTESIAN_POINT('Ctrl Pts',(45.0278556310746,38.553773355209,3.));
#12971=CARTESIAN_POINT('Ctrl Pts',(45.0468122471694,38.3377005621976,5.));
#12972=CARTESIAN_POINT('Ctrl Pts',(45.0468122471694,38.3377005621976,3.));
#12973=CARTESIAN_POINT('Ctrl Pts',(45.053548887372,38.2609144598246,5.));
#12974=CARTESIAN_POINT('Ctrl Pts',(45.053548887372,38.2609144598246,3.));
#12975=CARTESIAN_POINT('',(45.0300145894289,38.9106417447329,5.));
#12976=CARTESIAN_POINT('Ctrl Pts',(45.0300145894289,38.9106417447329,5.));
#12977=CARTESIAN_POINT('Ctrl Pts',(45.0291683641887,38.7707636234015,5.));
#12978=CARTESIAN_POINT('Ctrl Pts',(45.0278556310746,38.553773355209,5.));
#12979=CARTESIAN_POINT('Ctrl Pts',(45.0468122471694,38.3377005621976,5.));
#12980=CARTESIAN_POINT('Ctrl Pts',(45.053548887372,38.2609144598246,5.));
#12981=CARTESIAN_POINT('',(45.0300145894289,38.9106417447329,3.));
#12982=CARTESIAN_POINT('',(45.0300145894289,38.9106417447329,5.));
#12983=CARTESIAN_POINT('Ctrl Pts',(45.0300145894289,38.9106417447329,3.));
#12984=CARTESIAN_POINT('Ctrl Pts',(45.0291683641887,38.7707636234015,3.));
#12985=CARTESIAN_POINT('Ctrl Pts',(45.0278556310746,38.553773355209,3.));
#12986=CARTESIAN_POINT('Ctrl Pts',(45.0468122471694,38.3377005621976,3.));
#12987=CARTESIAN_POINT('Ctrl Pts',(45.053548887372,38.2609144598246,3.));
#12988=CARTESIAN_POINT('Origin',(45.0300145894289,39.4017740339041,5.));
#12989=CARTESIAN_POINT('',(45.0300145894289,39.4017740339041,5.));
#12990=CARTESIAN_POINT('',(45.0300145894289,20.9602033341146,5.));
#12991=CARTESIAN_POINT('',(45.0300145894289,39.4017740339041,3.));
#12992=CARTESIAN_POINT('',(45.0300145894289,39.4017740339041,5.));
#12993=CARTESIAN_POINT('',(45.0300145894289,39.4017740339041,3.));
#12994=CARTESIAN_POINT('Ctrl Pts',(45.0115967541933,39.7414740175009,5.));
#12995=CARTESIAN_POINT('Ctrl Pts',(45.0115967541933,39.7414740175009,3.));
#12996=CARTESIAN_POINT('Ctrl Pts',(45.0169067355587,39.6975213978926,5.));
#12997=CARTESIAN_POINT('Ctrl Pts',(45.0169067355587,39.6975213978926,3.));
#12998=CARTESIAN_POINT('Ctrl Pts',(45.0305293933958,39.5847617746925,5.));
#12999=CARTESIAN_POINT('Ctrl Pts',(45.0305293933958,39.5847617746925,3.));
#13000=CARTESIAN_POINT('Ctrl Pts',(45.0302096809996,39.4711195868846,5.));
#13001=CARTESIAN_POINT('Ctrl Pts',(45.0302096809996,39.4711195868846,3.));
#13002=CARTESIAN_POINT('Ctrl Pts',(45.0300145894289,39.4017740339041,5.));
#13003=CARTESIAN_POINT('Ctrl Pts',(45.0300145894289,39.4017740339041,3.));
#13004=CARTESIAN_POINT('',(45.0115967541933,39.7414740175009,5.));
#13005=CARTESIAN_POINT('Ctrl Pts',(45.0115967541933,39.7414740175009,5.));
#13006=CARTESIAN_POINT('Ctrl Pts',(45.0169067355587,39.6975213978926,5.));
#13007=CARTESIAN_POINT('Ctrl Pts',(45.0305293933958,39.5847617746925,5.));
#13008=CARTESIAN_POINT('Ctrl Pts',(45.0302096809996,39.4711195868846,5.));
#13009=CARTESIAN_POINT('Ctrl Pts',(45.0300145894289,39.4017740339041,5.));
#13010=CARTESIAN_POINT('',(45.0115967541933,39.7414740175009,3.));
#13011=CARTESIAN_POINT('',(45.0115967541933,39.7414740175009,5.));
#13012=CARTESIAN_POINT('Ctrl Pts',(45.0115967541933,39.7414740175009,3.));
#13013=CARTESIAN_POINT('Ctrl Pts',(45.0169067355587,39.6975213978926,3.));
#13014=CARTESIAN_POINT('Ctrl Pts',(45.0305293933958,39.5847617746925,3.));
#13015=CARTESIAN_POINT('Ctrl Pts',(45.0302096809996,39.4711195868846,3.));
#13016=CARTESIAN_POINT('Ctrl Pts',(45.0300145894289,39.4017740339041,3.));
#13017=CARTESIAN_POINT('Ctrl Pts',(44.8969984799623,39.9921561032534,5.));
#13018=CARTESIAN_POINT('Ctrl Pts',(44.8969984799623,39.9921561032534,3.));
#13019=CARTESIAN_POINT('Ctrl Pts',(44.9224678355882,39.9557812137448,5.));
#13020=CARTESIAN_POINT('Ctrl Pts',(44.9224678355882,39.9557812137448,3.));
#13021=CARTESIAN_POINT('Ctrl Pts',(44.9759943257151,39.87933561407,5.));
#13022=CARTESIAN_POINT('Ctrl Pts',(44.9759943257151,39.87933561407,3.));
#13023=CARTESIAN_POINT('Ctrl Pts',(44.9993528495012,39.7888855093917,5.));
#13024=CARTESIAN_POINT('Ctrl Pts',(44.9993528495012,39.7888855093917,3.));
#13025=CARTESIAN_POINT('Ctrl Pts',(45.0115967541933,39.7414740175009,5.));
#13026=CARTESIAN_POINT('Ctrl Pts',(45.0115967541933,39.7414740175009,3.));
#13027=CARTESIAN_POINT('',(44.8969984799623,39.9921561032534,5.));
#13028=CARTESIAN_POINT('Ctrl Pts',(44.8969984799623,39.9921561032534,5.));
#13029=CARTESIAN_POINT('Ctrl Pts',(44.9224678355882,39.9557812137448,5.));
#13030=CARTESIAN_POINT('Ctrl Pts',(44.9759943257151,39.87933561407,5.));
#13031=CARTESIAN_POINT('Ctrl Pts',(44.9993528495012,39.7888855093917,5.));
#13032=CARTESIAN_POINT('Ctrl Pts',(45.0115967541933,39.7414740175009,5.));
#13033=CARTESIAN_POINT('',(44.8969984799623,39.9921561032534,3.));
#13034=CARTESIAN_POINT('',(44.8969984799623,39.9921561032534,5.));
#13035=CARTESIAN_POINT('Ctrl Pts',(44.8969984799623,39.9921561032534,3.));
#13036=CARTESIAN_POINT('Ctrl Pts',(44.9224678355882,39.9557812137448,3.));
#13037=CARTESIAN_POINT('Ctrl Pts',(44.9759943257151,39.87933561407,3.));
#13038=CARTESIAN_POINT('Ctrl Pts',(44.9993528495012,39.7888855093917,3.));
#13039=CARTESIAN_POINT('Ctrl Pts',(45.0115967541933,39.7414740175009,3.));
#13040=CARTESIAN_POINT('Ctrl Pts',(44.6412015706301,40.1568900793791,5.));
#13041=CARTESIAN_POINT('Ctrl Pts',(44.6412015706301,40.1568900793791,3.));
#13042=CARTESIAN_POINT('Ctrl Pts',(44.6936884008172,40.1355422947626,5.));
#13043=CARTESIAN_POINT('Ctrl Pts',(44.6936884008172,40.1355422947626,3.));
#13044=CARTESIAN_POINT('Ctrl Pts',(44.7895023550041,40.096572220747,5.));
#13045=CARTESIAN_POINT('Ctrl Pts',(44.7895023550041,40.096572220747,3.));
#13046=CARTESIAN_POINT('Ctrl Pts',(44.8635252742329,40.0246702258201,5.));
#13047=CARTESIAN_POINT('Ctrl Pts',(44.8635252742329,40.0246702258201,3.));
#13048=CARTESIAN_POINT('Ctrl Pts',(44.8969984799623,39.9921561032534,5.));
#13049=CARTESIAN_POINT('Ctrl Pts',(44.8969984799623,39.9921561032534,3.));
#13050=CARTESIAN_POINT('',(44.6412015706301,40.1568900793791,5.));
#13051=CARTESIAN_POINT('Ctrl Pts',(44.6412015706301,40.1568900793791,5.));
#13052=CARTESIAN_POINT('Ctrl Pts',(44.6936884008172,40.1355422947626,5.));
#13053=CARTESIAN_POINT('Ctrl Pts',(44.7895023550041,40.096572220747,5.));
#13054=CARTESIAN_POINT('Ctrl Pts',(44.8635252742329,40.0246702258201,5.));
#13055=CARTESIAN_POINT('Ctrl Pts',(44.8969984799623,39.9921561032534,5.));
#13056=CARTESIAN_POINT('',(44.6412015706301,40.1568900793791,3.));
#13057=CARTESIAN_POINT('',(44.6412015706301,40.1568900793791,5.));
#13058=CARTESIAN_POINT('Ctrl Pts',(44.6412015706301,40.1568900793791,3.));
#13059=CARTESIAN_POINT('Ctrl Pts',(44.6936884008172,40.1355422947626,3.));
#13060=CARTESIAN_POINT('Ctrl Pts',(44.7895023550041,40.096572220747,3.));
#13061=CARTESIAN_POINT('Ctrl Pts',(44.8635252742329,40.0246702258201,3.));
#13062=CARTESIAN_POINT('Ctrl Pts',(44.8969984799623,39.9921561032534,3.));
#13063=CARTESIAN_POINT('Ctrl Pts',(44.1889501363039,40.2223744243383,5.));
#13064=CARTESIAN_POINT('Ctrl Pts',(44.1889501363039,40.2223744243383,3.));
#13065=CARTESIAN_POINT('Ctrl Pts',(44.2736427900733,40.2209482168548,5.));
#13066=CARTESIAN_POINT('Ctrl Pts',(44.2736427900733,40.2209482168548,3.));
#13067=CARTESIAN_POINT('Ctrl Pts',(44.4273559638796,40.21835971751,5.));
#13068=CARTESIAN_POINT('Ctrl Pts',(44.4273559638796,40.21835971751,3.));
#13069=CARTESIAN_POINT('Ctrl Pts',(44.5749352831599,40.1759382364723,5.));
#13070=CARTESIAN_POINT('Ctrl Pts',(44.5749352831599,40.1759382364723,3.));
#13071=CARTESIAN_POINT('Ctrl Pts',(44.6412015706301,40.1568900793791,5.));
#13072=CARTESIAN_POINT('Ctrl Pts',(44.6412015706301,40.1568900793791,3.));
#13073=CARTESIAN_POINT('',(44.1889501363039,40.2223744243383,5.));
#13074=CARTESIAN_POINT('Ctrl Pts',(44.1889501363039,40.2223744243383,5.));
#13075=CARTESIAN_POINT('Ctrl Pts',(44.2736427900733,40.2209482168548,5.));
#13076=CARTESIAN_POINT('Ctrl Pts',(44.4273559638796,40.21835971751,5.));
#13077=CARTESIAN_POINT('Ctrl Pts',(44.5749352831599,40.1759382364723,5.));
#13078=CARTESIAN_POINT('Ctrl Pts',(44.6412015706301,40.1568900793791,5.));
#13079=CARTESIAN_POINT('',(44.1889501363039,40.2223744243383,3.));
#13080=CARTESIAN_POINT('',(44.1889501363039,40.2223744243383,5.));
#13081=CARTESIAN_POINT('Ctrl Pts',(44.1889501363039,40.2223744243383,3.));
#13082=CARTESIAN_POINT('Ctrl Pts',(44.2736427900733,40.2209482168548,3.));
#13083=CARTESIAN_POINT('Ctrl Pts',(44.4273559638796,40.21835971751,3.));
#13084=CARTESIAN_POINT('Ctrl Pts',(44.5749352831599,40.1759382364723,3.));
#13085=CARTESIAN_POINT('Ctrl Pts',(44.6412015706301,40.1568900793791,3.));
#13086=CARTESIAN_POINT('Ctrl Pts',(43.6957717686892,40.1456349343061,5.));
#13087=CARTESIAN_POINT('Ctrl Pts',(43.6957717686892,40.1456349343061,3.));
#13088=CARTESIAN_POINT('Ctrl Pts',(43.7718305551747,40.1679991612943,5.));
#13089=CARTESIAN_POINT('Ctrl Pts',(43.7718305551747,40.1679991612943,3.));
#13090=CARTESIAN_POINT('Ctrl Pts',(43.9327363103281,40.2153116809679,5.));
#13091=CARTESIAN_POINT('Ctrl Pts',(43.9327363103281,40.2153116809679,3.));
#13092=CARTESIAN_POINT('Ctrl Pts',(44.1004914363277,40.2199359880266,5.));
#13093=CARTESIAN_POINT('Ctrl Pts',(44.1004914363277,40.2199359880266,3.));
#13094=CARTESIAN_POINT('Ctrl Pts',(44.1889501363039,40.2223744243383,5.));
#13095=CARTESIAN_POINT('Ctrl Pts',(44.1889501363039,40.2223744243383,3.));
#13096=CARTESIAN_POINT('',(43.6957717686892,40.1456349343061,5.));
#13097=CARTESIAN_POINT('Ctrl Pts',(43.6957717686892,40.1456349343061,5.));
#13098=CARTESIAN_POINT('Ctrl Pts',(43.7718305551747,40.1679991612943,5.));
#13099=CARTESIAN_POINT('Ctrl Pts',(43.9327363103281,40.2153116809679,5.));
#13100=CARTESIAN_POINT('Ctrl Pts',(44.1004914363277,40.2199359880266,5.));
#13101=CARTESIAN_POINT('Ctrl Pts',(44.1889501363039,40.2223744243383,5.));
#13102=CARTESIAN_POINT('',(43.6957717686892,40.1456349343061,3.));
#13103=CARTESIAN_POINT('',(43.6957717686892,40.1456349343061,5.));
#13104=CARTESIAN_POINT('Ctrl Pts',(43.6957717686892,40.1456349343061,3.));
#13105=CARTESIAN_POINT('Ctrl Pts',(43.7718305551747,40.1679991612943,3.));
#13106=CARTESIAN_POINT('Ctrl Pts',(43.9327363103281,40.2153116809679,3.));
#13107=CARTESIAN_POINT('Ctrl Pts',(44.1004914363277,40.2199359880266,3.));
#13108=CARTESIAN_POINT('Ctrl Pts',(44.1889501363039,40.2223744243383,3.));
#13109=CARTESIAN_POINT('Ctrl Pts',(43.3703971654177,39.9266717582941,5.));
#13110=CARTESIAN_POINT('Ctrl Pts',(43.3703971654177,39.9266717582941,3.));
#13111=CARTESIAN_POINT('Ctrl Pts',(43.4139591269332,39.9719970781914,5.));
#13112=CARTESIAN_POINT('Ctrl Pts',(43.4139591269332,39.9719970781914,3.));
#13113=CARTESIAN_POINT('Ctrl Pts',(43.50647548788,40.0682584380971,5.));
#13114=CARTESIAN_POINT('Ctrl Pts',(43.50647548788,40.0682584380971,3.));
#13115=CARTESIAN_POINT('Ctrl Pts',(43.6302678743379,40.1188596494919,5.));
#13116=CARTESIAN_POINT('Ctrl Pts',(43.6302678743379,40.1188596494919,3.));
#13117=CARTESIAN_POINT('Ctrl Pts',(43.6957717686892,40.1456349343061,5.));
#13118=CARTESIAN_POINT('Ctrl Pts',(43.6957717686892,40.1456349343061,3.));
#13119=CARTESIAN_POINT('',(43.3703971654177,39.9266717582941,5.));
#13120=CARTESIAN_POINT('Ctrl Pts',(43.3703971654177,39.9266717582941,5.));
#13121=CARTESIAN_POINT('Ctrl Pts',(43.4139591269332,39.9719970781914,5.));
#13122=CARTESIAN_POINT('Ctrl Pts',(43.50647548788,40.0682584380971,5.));
#13123=CARTESIAN_POINT('Ctrl Pts',(43.6302678743379,40.1188596494919,5.));
#13124=CARTESIAN_POINT('Ctrl Pts',(43.6957717686892,40.1456349343061,5.));
#13125=CARTESIAN_POINT('',(43.3703971654177,39.9266717582941,3.));
#13126=CARTESIAN_POINT('',(43.3703971654177,39.9266717582941,5.));
#13127=CARTESIAN_POINT('Ctrl Pts',(43.3703971654177,39.9266717582941,3.));
#13128=CARTESIAN_POINT('Ctrl Pts',(43.4139591269332,39.9719970781914,3.));
#13129=CARTESIAN_POINT('Ctrl Pts',(43.50647548788,40.0682584380971,3.));
#13130=CARTESIAN_POINT('Ctrl Pts',(43.6302678743379,40.1188596494919,3.));
#13131=CARTESIAN_POINT('Ctrl Pts',(43.6957717686892,40.1456349343061,3.));
#13132=CARTESIAN_POINT('Ctrl Pts',(43.2087326794863,39.5532066375017,5.));
#13133=CARTESIAN_POINT('Ctrl Pts',(43.2087326794863,39.5532066375017,3.));
#13134=CARTESIAN_POINT('Ctrl Pts',(43.2263002713824,39.6246781543325,5.));
#13135=CARTESIAN_POINT('Ctrl Pts',(43.2263002713824,39.6246781543325,3.));
#13136=CARTESIAN_POINT('Ctrl Pts',(43.2591829960776,39.7584573441838,5.));
#13137=CARTESIAN_POINT('Ctrl Pts',(43.2591829960776,39.7584573441838,3.));
#13138=CARTESIAN_POINT('Ctrl Pts',(43.3350582549114,39.873220708294,5.));
#13139=CARTESIAN_POINT('Ctrl Pts',(43.3350582549114,39.873220708294,3.));
#13140=CARTESIAN_POINT('Ctrl Pts',(43.3703971654177,39.9266717582941,5.));
#13141=CARTESIAN_POINT('Ctrl Pts',(43.3703971654177,39.9266717582941,3.));
#13142=CARTESIAN_POINT('',(43.2087326794863,39.5532066375017,5.));
#13143=CARTESIAN_POINT('Ctrl Pts',(43.2087326794863,39.5532066375017,5.));
#13144=CARTESIAN_POINT('Ctrl Pts',(43.2263002713824,39.6246781543325,5.));
#13145=CARTESIAN_POINT('Ctrl Pts',(43.2591829960776,39.7584573441838,5.));
#13146=CARTESIAN_POINT('Ctrl Pts',(43.3350582549114,39.873220708294,5.));
#13147=CARTESIAN_POINT('Ctrl Pts',(43.3703971654177,39.9266717582941,5.));
#13148=CARTESIAN_POINT('',(43.2087326794863,39.5532066375017,3.));
#13149=CARTESIAN_POINT('',(43.2087326794863,39.5532066375017,5.));
#13150=CARTESIAN_POINT('Ctrl Pts',(43.2087326794863,39.5532066375017,3.));
#13151=CARTESIAN_POINT('Ctrl Pts',(43.2263002713824,39.6246781543325,3.));
#13152=CARTESIAN_POINT('Ctrl Pts',(43.2591829960776,39.7584573441838,3.));
#13153=CARTESIAN_POINT('Ctrl Pts',(43.3350582549114,39.873220708294,3.));
#13154=CARTESIAN_POINT('Ctrl Pts',(43.3703971654177,39.9266717582941,3.));
#13155=CARTESIAN_POINT('Origin',(43.5688949376345,39.5040933042765,5.));
#13156=CARTESIAN_POINT('',(43.5688949376345,39.5040933042765,5.));
#13157=CARTESIAN_POINT('',(46.8616796809512,39.0550744782367,5.));
#13158=CARTESIAN_POINT('',(43.5688949376345,39.5040933042765,3.));
#13159=CARTESIAN_POINT('',(43.5688949376345,39.5040933042765,5.));
#13160=CARTESIAN_POINT('',(43.5688949376345,39.5040933042765,3.));
#13161=CARTESIAN_POINT('Ctrl Pts',(43.7520480901003,39.8263990134001,5.));
#13162=CARTESIAN_POINT('Ctrl Pts',(43.7520480901003,39.8263990134001,3.));
#13163=CARTESIAN_POINT('Ctrl Pts',(43.7126112907405,39.7864702033402,5.));
#13164=CARTESIAN_POINT('Ctrl Pts',(43.7126112907405,39.7864702033402,3.));
#13165=CARTESIAN_POINT('Ctrl Pts',(43.6231847248061,39.6959279579382,5.));
#13166=CARTESIAN_POINT('Ctrl Pts',(43.6231847248061,39.6959279579382,3.));
#13167=CARTESIAN_POINT('Ctrl Pts',(43.588361335432,39.5728784271161,5.));
#13168=CARTESIAN_POINT('Ctrl Pts',(43.588361335432,39.5728784271161,3.));
#13169=CARTESIAN_POINT('Ctrl Pts',(43.5688949376345,39.5040933042765,5.));
#13170=CARTESIAN_POINT('Ctrl Pts',(43.5688949376345,39.5040933042765,3.));
#13171=CARTESIAN_POINT('',(43.7520480901003,39.8263990134001,5.));
#13172=CARTESIAN_POINT('Ctrl Pts',(43.7520480901003,39.8263990134001,5.));
#13173=CARTESIAN_POINT('Ctrl Pts',(43.7126112907405,39.7864702033402,5.));
#13174=CARTESIAN_POINT('Ctrl Pts',(43.6231847248061,39.6959279579382,5.));
#13175=CARTESIAN_POINT('Ctrl Pts',(43.588361335432,39.5728784271161,5.));
#13176=CARTESIAN_POINT('Ctrl Pts',(43.5688949376345,39.5040933042765,5.));
#13177=CARTESIAN_POINT('',(43.7520480901003,39.8263990134001,3.));
#13178=CARTESIAN_POINT('',(43.7520480901003,39.8263990134001,5.));
#13179=CARTESIAN_POINT('Ctrl Pts',(43.7520480901003,39.8263990134001,3.));
#13180=CARTESIAN_POINT('Ctrl Pts',(43.7126112907405,39.7864702033402,3.));
#13181=CARTESIAN_POINT('Ctrl Pts',(43.6231847248061,39.6959279579382,3.));
#13182=CARTESIAN_POINT('Ctrl Pts',(43.588361335432,39.5728784271161,3.));
#13183=CARTESIAN_POINT('Ctrl Pts',(43.5688949376345,39.5040933042765,3.));
#13184=CARTESIAN_POINT('Ctrl Pts',(44.1357446461916,39.9174629896879,5.));
#13185=CARTESIAN_POINT('Ctrl Pts',(44.1357446461916,39.9174629896879,3.));
#13186=CARTESIAN_POINT('Ctrl Pts',(44.0587932499422,39.9162649775189,5.));
#13187=CARTESIAN_POINT('Ctrl Pts',(44.0587932499422,39.9162649775189,3.));
#13188=CARTESIAN_POINT('Ctrl Pts',(43.9235477832815,39.9141594183898,5.));
#13189=CARTESIAN_POINT('Ctrl Pts',(43.9235477832815,39.9141594183898,3.));
#13190=CARTESIAN_POINT('Ctrl Pts',(43.8037037638766,39.8528324300817,5.));
#13191=CARTESIAN_POINT('Ctrl Pts',(43.8037037638766,39.8528324300817,3.));
#13192=CARTESIAN_POINT('Ctrl Pts',(43.7520480901003,39.8263990134001,5.));
#13193=CARTESIAN_POINT('Ctrl Pts',(43.7520480901003,39.8263990134001,3.));
#13194=CARTESIAN_POINT('',(44.1357446461916,39.9174629896879,5.));
#13195=CARTESIAN_POINT('Ctrl Pts',(44.1357446461916,39.9174629896879,5.));
#13196=CARTESIAN_POINT('Ctrl Pts',(44.0587932499422,39.9162649775189,5.));
#13197=CARTESIAN_POINT('Ctrl Pts',(43.9235477832815,39.9141594183898,5.));
#13198=CARTESIAN_POINT('Ctrl Pts',(43.8037037638766,39.8528324300817,5.));
#13199=CARTESIAN_POINT('Ctrl Pts',(43.7520480901003,39.8263990134001,5.));
#13200=CARTESIAN_POINT('',(44.1357446461916,39.9174629896879,3.));
#13201=CARTESIAN_POINT('',(44.1357446461916,39.9174629896879,5.));
#13202=CARTESIAN_POINT('Ctrl Pts',(44.1357446461916,39.9174629896879,3.));
#13203=CARTESIAN_POINT('Ctrl Pts',(44.0587932499422,39.9162649775189,3.));
#13204=CARTESIAN_POINT('Ctrl Pts',(43.9235477832815,39.9141594183898,3.));
#13205=CARTESIAN_POINT('Ctrl Pts',(43.8037037638766,39.8528324300817,3.));
#13206=CARTESIAN_POINT('Ctrl Pts',(43.7520480901003,39.8263990134001,3.));
#13207=CARTESIAN_POINT('Ctrl Pts',(44.5552540570498,39.7926335781813,5.));
#13208=CARTESIAN_POINT('Ctrl Pts',(44.5552540570498,39.7926335781813,3.));
#13209=CARTESIAN_POINT('Ctrl Pts',(44.4983859409199,39.8289366195633,5.));
#13210=CARTESIAN_POINT('Ctrl Pts',(44.4983859409199,39.8289366195633,3.));
#13211=CARTESIAN_POINT('Ctrl Pts',(44.3711749187517,39.9101446376285,5.));
#13212=CARTESIAN_POINT('Ctrl Pts',(44.3711749187517,39.9101446376285,3.));
#13213=CARTESIAN_POINT('Ctrl Pts',(44.2195741589308,39.9148571485592,5.));
#13214=CARTESIAN_POINT('Ctrl Pts',(44.2195741589308,39.9148571485592,3.));
#13215=CARTESIAN_POINT('Ctrl Pts',(44.1357446461916,39.9174629896879,5.));
#13216=CARTESIAN_POINT('Ctrl Pts',(44.1357446461916,39.9174629896879,3.));
#13217=CARTESIAN_POINT('',(44.5552540570498,39.7926335781813,5.));
#13218=CARTESIAN_POINT('Ctrl Pts',(44.5552540570498,39.7926335781813,5.));
#13219=CARTESIAN_POINT('Ctrl Pts',(44.4983859409199,39.8289366195633,5.));
#13220=CARTESIAN_POINT('Ctrl Pts',(44.3711749187517,39.9101446376285,5.));
#13221=CARTESIAN_POINT('Ctrl Pts',(44.2195741589308,39.9148571485592,5.));
#13222=CARTESIAN_POINT('Ctrl Pts',(44.1357446461916,39.9174629896879,5.));
#13223=CARTESIAN_POINT('',(44.5552540570498,39.7926335781813,3.));
#13224=CARTESIAN_POINT('',(44.5552540570498,39.7926335781813,5.));
#13225=CARTESIAN_POINT('Ctrl Pts',(44.5552540570498,39.7926335781813,3.));
#13226=CARTESIAN_POINT('Ctrl Pts',(44.4983859409199,39.8289366195633,3.));
#13227=CARTESIAN_POINT('Ctrl Pts',(44.3711749187517,39.9101446376285,3.));
#13228=CARTESIAN_POINT('Ctrl Pts',(44.2195741589308,39.9148571485592,3.));
#13229=CARTESIAN_POINT('Ctrl Pts',(44.1357446461916,39.9174629896879,3.));
#13230=CARTESIAN_POINT('Ctrl Pts',(44.6596194058657,39.4754438847303,5.));
#13231=CARTESIAN_POINT('Ctrl Pts',(44.6596194058657,39.4754438847303,3.));
#13232=CARTESIAN_POINT('Ctrl Pts',(44.6581504908848,39.5420048254773,5.));
#13233=CARTESIAN_POINT('Ctrl Pts',(44.6581504908848,39.5420048254773,3.));
#13234=CARTESIAN_POINT('Ctrl Pts',(44.6555604391471,39.6593678332007,5.));
#13235=CARTESIAN_POINT('Ctrl Pts',(44.6555604391471,39.6593678332007,3.));
#13236=CARTESIAN_POINT('Ctrl Pts',(44.5855562559491,39.7523744737611,5.));
#13237=CARTESIAN_POINT('Ctrl Pts',(44.5855562559491,39.7523744737611,3.));
#13238=CARTESIAN_POINT('Ctrl Pts',(44.5552540570498,39.7926335781813,5.));
#13239=CARTESIAN_POINT('Ctrl Pts',(44.5552540570498,39.7926335781813,3.));
#13240=CARTESIAN_POINT('',(44.6596194058657,39.4754438847303,5.));
#13241=CARTESIAN_POINT('Ctrl Pts',(44.6596194058657,39.4754438847303,5.));
#13242=CARTESIAN_POINT('Ctrl Pts',(44.6581504908848,39.5420048254773,5.));
#13243=CARTESIAN_POINT('Ctrl Pts',(44.6555604391471,39.6593678332007,5.));
#13244=CARTESIAN_POINT('Ctrl Pts',(44.5855562559491,39.7523744737611,5.));
#13245=CARTESIAN_POINT('Ctrl Pts',(44.5552540570498,39.7926335781813,5.));
#13246=CARTESIAN_POINT('',(44.6596194058657,39.4754438847303,3.));
#13247=CARTESIAN_POINT('',(44.6596194058657,39.4754438847303,5.));
#13248=CARTESIAN_POINT('Ctrl Pts',(44.6596194058657,39.4754438847303,3.));
#13249=CARTESIAN_POINT('Ctrl Pts',(44.6581504908848,39.5420048254773,3.));
#13250=CARTESIAN_POINT('Ctrl Pts',(44.6555604391471,39.6593678332007,3.));
#13251=CARTESIAN_POINT('Ctrl Pts',(44.5855562559491,39.7523744737611,3.));
#13252=CARTESIAN_POINT('Ctrl Pts',(44.5552540570498,39.7926335781813,3.));
#13253=CARTESIAN_POINT('Ctrl Pts',(44.657573774457,39.3792638927698,5.));
#13254=CARTESIAN_POINT('Ctrl Pts',(44.657573774457,39.3792638927698,3.));
#13255=CARTESIAN_POINT('Ctrl Pts',(44.6581514260665,39.3998969690876,5.));
#13256=CARTESIAN_POINT('Ctrl Pts',(44.6581514260665,39.3998969690876,3.));
#13257=CARTESIAN_POINT('Ctrl Pts',(44.65904887043,39.4319526887259,5.));
#13258=CARTESIAN_POINT('Ctrl Pts',(44.65904887043,39.4319526887259,3.));
#13259=CARTESIAN_POINT('Ctrl Pts',(44.6594695146936,39.4640178699098,5.));
#13260=CARTESIAN_POINT('Ctrl Pts',(44.6594695146936,39.4640178699098,3.));
#13261=CARTESIAN_POINT('Ctrl Pts',(44.6596194058657,39.4754438847303,5.));
#13262=CARTESIAN_POINT('Ctrl Pts',(44.6596194058657,39.4754438847303,3.));
#13263=CARTESIAN_POINT('',(44.657573774457,39.3792638927698,5.));
#13264=CARTESIAN_POINT('Ctrl Pts',(44.657573774457,39.3792638927698,5.));
#13265=CARTESIAN_POINT('Ctrl Pts',(44.6581514260665,39.3998969690876,5.));
#13266=CARTESIAN_POINT('Ctrl Pts',(44.65904887043,39.4319526887259,5.));
#13267=CARTESIAN_POINT('Ctrl Pts',(44.6594695146936,39.4640178699098,5.));
#13268=CARTESIAN_POINT('Ctrl Pts',(44.6596194058657,39.4754438847303,5.));
#13269=CARTESIAN_POINT('',(44.657573774457,39.3792638927698,3.));
#13270=CARTESIAN_POINT('',(44.657573774457,39.3792638927698,5.));
#13271=CARTESIAN_POINT('Ctrl Pts',(44.657573774457,39.3792638927698,3.));
#13272=CARTESIAN_POINT('Ctrl Pts',(44.6581514260665,39.3998969690876,3.));
#13273=CARTESIAN_POINT('Ctrl Pts',(44.65904887043,39.4319526887259,3.));
#13274=CARTESIAN_POINT('Ctrl Pts',(44.6594695146936,39.4640178699098,3.));
#13275=CARTESIAN_POINT('Ctrl Pts',(44.6596194058657,39.4754438847303,3.));
#13276=CARTESIAN_POINT('Ctrl Pts',(44.0006829053164,39.2523879557848,5.));
#13277=CARTESIAN_POINT('Ctrl Pts',(44.0006829053164,39.2523879557848,3.));
#13278=CARTESIAN_POINT('Ctrl Pts',(44.1305268471005,39.2681071106837,5.));
#13279=CARTESIAN_POINT('Ctrl Pts',(44.1305268471005,39.2681071106837,3.));
#13280=CARTESIAN_POINT('Ctrl Pts',(44.3526013420269,39.2949918720123,5.));
#13281=CARTESIAN_POINT('Ctrl Pts',(44.3526013420269,39.2949918720123,3.));
#13282=CARTESIAN_POINT('Ctrl Pts',(44.5680818101726,39.3545348750953,5.));
#13283=CARTESIAN_POINT('Ctrl Pts',(44.5680818101726,39.3545348750953,3.));
#13284=CARTESIAN_POINT('Ctrl Pts',(44.657573774457,39.3792638927698,5.));
#13285=CARTESIAN_POINT('Ctrl Pts',(44.657573774457,39.3792638927698,3.));
#13286=CARTESIAN_POINT('',(44.0006829053164,39.2523879557848,5.));
#13287=CARTESIAN_POINT('Ctrl Pts',(44.0006829053164,39.2523879557848,5.));
#13288=CARTESIAN_POINT('Ctrl Pts',(44.1305268471005,39.2681071106837,5.));
#13289=CARTESIAN_POINT('Ctrl Pts',(44.3526013420269,39.2949918720123,5.));
#13290=CARTESIAN_POINT('Ctrl Pts',(44.5680818101726,39.3545348750953,5.));
#13291=CARTESIAN_POINT('Ctrl Pts',(44.657573774457,39.3792638927698,5.));
#13292=CARTESIAN_POINT('',(44.0006829053164,39.2523879557848,3.));
#13293=CARTESIAN_POINT('',(44.0006829053164,39.2523879557848,5.));
#13294=CARTESIAN_POINT('Ctrl Pts',(44.0006829053164,39.2523879557848,3.));
#13295=CARTESIAN_POINT('Ctrl Pts',(44.1305268471005,39.2681071106837,3.));
#13296=CARTESIAN_POINT('Ctrl Pts',(44.3526013420269,39.2949918720123,3.));
#13297=CARTESIAN_POINT('Ctrl Pts',(44.5680818101726,39.3545348750953,3.));
#13298=CARTESIAN_POINT('Ctrl Pts',(44.657573774457,39.3792638927698,3.));
#13299=CARTESIAN_POINT('Ctrl Pts',(43.6732626706362,39.1971356421709,5.));
#13300=CARTESIAN_POINT('Ctrl Pts',(43.6732626706362,39.1971356421709,3.));
#13301=CARTESIAN_POINT('Ctrl Pts',(43.7185193502462,39.2071171456853,5.));
#13302=CARTESIAN_POINT('Ctrl Pts',(43.7185193502462,39.2071171456853,3.));
#13303=CARTESIAN_POINT('Ctrl Pts',(43.8267117165204,39.2309793135134,5.));
#13304=CARTESIAN_POINT('Ctrl Pts',(43.8267117165204,39.2309793135134,3.));
#13305=CARTESIAN_POINT('Ctrl Pts',(43.9367015998632,39.2445145090952,5.));
#13306=CARTESIAN_POINT('Ctrl Pts',(43.9367015998632,39.2445145090952,3.));
#13307=CARTESIAN_POINT('Ctrl Pts',(44.0006829053164,39.2523879557848,5.));
#13308=CARTESIAN_POINT('Ctrl Pts',(44.0006829053164,39.2523879557848,3.));
#13309=CARTESIAN_POINT('',(43.6732626706362,39.1971356421709,5.));
#13310=CARTESIAN_POINT('Ctrl Pts',(43.6732626706362,39.1971356421709,5.));
#13311=CARTESIAN_POINT('Ctrl Pts',(43.7185193502462,39.2071171456853,5.));
#13312=CARTESIAN_POINT('Ctrl Pts',(43.8267117165204,39.2309793135134,5.));
#13313=CARTESIAN_POINT('Ctrl Pts',(43.9367015998632,39.2445145090952,5.));
#13314=CARTESIAN_POINT('Ctrl Pts',(44.0006829053164,39.2523879557848,5.));
#13315=CARTESIAN_POINT('',(43.6732626706362,39.1971356421709,3.));
#13316=CARTESIAN_POINT('',(43.6732626706362,39.1971356421709,5.));
#13317=CARTESIAN_POINT('Ctrl Pts',(43.6732626706362,39.1971356421709,3.));
#13318=CARTESIAN_POINT('Ctrl Pts',(43.7185193502462,39.2071171456853,3.));
#13319=CARTESIAN_POINT('Ctrl Pts',(43.8267117165204,39.2309793135134,3.));
#13320=CARTESIAN_POINT('Ctrl Pts',(43.9367015998632,39.2445145090952,3.));
#13321=CARTESIAN_POINT('Ctrl Pts',(44.0006829053164,39.2523879557848,3.));
#13322=CARTESIAN_POINT('Ctrl Pts',(43.4082556515932,39.0763986855745,5.));
#13323=CARTESIAN_POINT('Ctrl Pts',(43.4082556515932,39.0763986855745,3.));
#13324=CARTESIAN_POINT('Ctrl Pts',(43.44915389485,39.1015026207332,5.));
#13325=CARTESIAN_POINT('Ctrl Pts',(43.44915389485,39.1015026207332,3.));
#13326=CARTESIAN_POINT('Ctrl Pts',(43.5324979527215,39.152660412806,5.));
#13327=CARTESIAN_POINT('Ctrl Pts',(43.5324979527215,39.152660412806,3.));
#13328=CARTESIAN_POINT('Ctrl Pts',(43.6257638298884,39.1821281753275,5.));
#13329=CARTESIAN_POINT('Ctrl Pts',(43.6257638298884,39.1821281753275,3.));
#13330=CARTESIAN_POINT('Ctrl Pts',(43.6732626706362,39.1971356421709,5.));
#13331=CARTESIAN_POINT('Ctrl Pts',(43.6732626706362,39.1971356421709,3.));
#13332=CARTESIAN_POINT('',(43.4082556515932,39.0763986855745,5.));
#13333=CARTESIAN_POINT('Ctrl Pts',(43.4082556515932,39.0763986855745,5.));
#13334=CARTESIAN_POINT('Ctrl Pts',(43.44915389485,39.1015026207332,5.));
#13335=CARTESIAN_POINT('Ctrl Pts',(43.5324979527215,39.152660412806,5.));
#13336=CARTESIAN_POINT('Ctrl Pts',(43.6257638298884,39.1821281753275,5.));
#13337=CARTESIAN_POINT('Ctrl Pts',(43.6732626706362,39.1971356421709,5.));
#13338=CARTESIAN_POINT('',(43.4082556515932,39.0763986855745,3.));
#13339=CARTESIAN_POINT('',(43.4082556515932,39.0763986855745,5.));
#13340=CARTESIAN_POINT('Ctrl Pts',(43.4082556515932,39.0763986855745,3.));
#13341=CARTESIAN_POINT('Ctrl Pts',(43.44915389485,39.1015026207332,3.));
#13342=CARTESIAN_POINT('Ctrl Pts',(43.5324979527215,39.152660412806,3.));
#13343=CARTESIAN_POINT('Ctrl Pts',(43.6257638298884,39.1821281753275,3.));
#13344=CARTESIAN_POINT('Ctrl Pts',(43.6732626706362,39.1971356421709,3.));
#13345=CARTESIAN_POINT('Ctrl Pts',(43.2179404050112,38.8645980507135,5.));
#13346=CARTESIAN_POINT('Ctrl Pts',(43.2179404050112,38.8645980507135,3.));
#13347=CARTESIAN_POINT('Ctrl Pts',(43.2437283716755,38.9062128902577,5.));
#13348=CARTESIAN_POINT('Ctrl Pts',(43.2437283716755,38.9062128902577,3.));
#13349=CARTESIAN_POINT('Ctrl Pts',(43.2945365394555,38.98820360233,5.));
#13350=CARTESIAN_POINT('Ctrl Pts',(43.2945365394555,38.98820360233,3.));
#13351=CARTESIAN_POINT('Ctrl Pts',(43.3707330845405,39.0472979841836,5.));
#13352=CARTESIAN_POINT('Ctrl Pts',(43.3707330845405,39.0472979841836,3.));
#13353=CARTESIAN_POINT('Ctrl Pts',(43.4082556515932,39.0763986855745,5.));
#13354=CARTESIAN_POINT('Ctrl Pts',(43.4082556515932,39.0763986855745,3.));
#13355=CARTESIAN_POINT('',(43.2179404050112,38.8645980507135,5.));
#13356=CARTESIAN_POINT('Ctrl Pts',(43.2179404050112,38.8645980507135,5.));
#13357=CARTESIAN_POINT('Ctrl Pts',(43.2437283716755,38.9062128902577,5.));
#13358=CARTESIAN_POINT('Ctrl Pts',(43.2945365394555,38.98820360233,5.));
#13359=CARTESIAN_POINT('Ctrl Pts',(43.3707330845405,39.0472979841836,5.));
#13360=CARTESIAN_POINT('Ctrl Pts',(43.4082556515932,39.0763986855745,5.));
#13361=CARTESIAN_POINT('',(43.2179404050112,38.8645980507135,3.));
#13362=CARTESIAN_POINT('',(43.2179404050112,38.8645980507135,5.));
#13363=CARTESIAN_POINT('Ctrl Pts',(43.2179404050112,38.8645980507135,3.));
#13364=CARTESIAN_POINT('Ctrl Pts',(43.2437283716755,38.9062128902577,3.));
#13365=CARTESIAN_POINT('Ctrl Pts',(43.2945365394555,38.98820360233,3.));
#13366=CARTESIAN_POINT('Ctrl Pts',(43.3707330845405,39.0472979841836,3.));
#13367=CARTESIAN_POINT('Ctrl Pts',(43.4082556515932,39.0763986855745,3.));
#13368=CARTESIAN_POINT('Ctrl Pts',(43.1452942639589,38.5729882866144,5.));
#13369=CARTESIAN_POINT('Ctrl Pts',(43.1452942639589,38.5729882866144,3.));
#13370=CARTESIAN_POINT('Ctrl Pts',(43.1481343214393,38.6246994029007,5.));
#13371=CARTESIAN_POINT('Ctrl Pts',(43.1481343214393,38.6246994029007,3.));
#13372=CARTESIAN_POINT('Ctrl Pts',(43.1537297525695,38.7265797316803,5.));
#13373=CARTESIAN_POINT('Ctrl Pts',(43.1537297525695,38.7265797316803,3.));
#13374=CARTESIAN_POINT('Ctrl Pts',(43.1967539032979,38.8190584830333,5.));
#13375=CARTESIAN_POINT('Ctrl Pts',(43.1967539032979,38.8190584830333,3.));
#13376=CARTESIAN_POINT('Ctrl Pts',(43.2179404050112,38.8645980507135,5.));
#13377=CARTESIAN_POINT('Ctrl Pts',(43.2179404050112,38.8645980507135,3.));
#13378=CARTESIAN_POINT('',(43.1452942639589,38.5729882866144,5.));
#13379=CARTESIAN_POINT('Ctrl Pts',(43.1452942639589,38.5729882866144,5.));
#13380=CARTESIAN_POINT('Ctrl Pts',(43.1481343214393,38.6246994029007,5.));
#13381=CARTESIAN_POINT('Ctrl Pts',(43.1537297525695,38.7265797316803,5.));
#13382=CARTESIAN_POINT('Ctrl Pts',(43.1967539032979,38.8190584830333,5.));
#13383=CARTESIAN_POINT('Ctrl Pts',(43.2179404050112,38.8645980507135,5.));
#13384=CARTESIAN_POINT('',(43.1452942639589,38.5729882866144,3.));
#13385=CARTESIAN_POINT('',(43.1452942639589,38.5729882866144,5.));
#13386=CARTESIAN_POINT('Ctrl Pts',(43.1452942639589,38.5729882866144,3.));
#13387=CARTESIAN_POINT('Ctrl Pts',(43.1481343214393,38.6246994029007,3.));
#13388=CARTESIAN_POINT('Ctrl Pts',(43.1537297525695,38.7265797316803,3.));
#13389=CARTESIAN_POINT('Ctrl Pts',(43.1967539032979,38.8190584830333,3.));
#13390=CARTESIAN_POINT('Ctrl Pts',(43.2179404050112,38.8645980507135,3.));
#13391=CARTESIAN_POINT('Ctrl Pts',(43.3376551419497,38.1258530169725,5.));
#13392=CARTESIAN_POINT('Ctrl Pts',(43.3376551419497,38.1258530169725,3.));
#13393=CARTESIAN_POINT('Ctrl Pts',(43.2815519676008,38.1888009718186,5.));
#13394=CARTESIAN_POINT('Ctrl Pts',(43.2815519676008,38.1888009718186,3.));
#13395=CARTESIAN_POINT('Ctrl Pts',(43.1678681847526,38.3163545677158,5.));
#13396=CARTESIAN_POINT('Ctrl Pts',(43.1678681847526,38.3163545677158,3.));
#13397=CARTESIAN_POINT('Ctrl Pts',(43.152883816494,38.4867057524615,5.));
#13398=CARTESIAN_POINT('Ctrl Pts',(43.152883816494,38.4867057524615,3.));
#13399=CARTESIAN_POINT('Ctrl Pts',(43.1452942639589,38.5729882866144,5.));
#13400=CARTESIAN_POINT('Ctrl Pts',(43.1452942639589,38.5729882866144,3.));
#13401=CARTESIAN_POINT('',(43.3376551419497,38.1258530169725,5.));
#13402=CARTESIAN_POINT('Ctrl Pts',(43.3376551419497,38.1258530169725,5.));
#13403=CARTESIAN_POINT('Ctrl Pts',(43.2815519676008,38.1888009718186,5.));
#13404=CARTESIAN_POINT('Ctrl Pts',(43.1678681847526,38.3163545677158,5.));
#13405=CARTESIAN_POINT('Ctrl Pts',(43.152883816494,38.4867057524615,5.));
#13406=CARTESIAN_POINT('Ctrl Pts',(43.1452942639589,38.5729882866144,5.));
#13407=CARTESIAN_POINT('',(43.3376551419497,38.1258530169725,3.));
#13408=CARTESIAN_POINT('',(43.3376551419497,38.1258530169725,5.));
#13409=CARTESIAN_POINT('Ctrl Pts',(43.3376551419497,38.1258530169725,3.));
#13410=CARTESIAN_POINT('Ctrl Pts',(43.2815519676008,38.1888009718186,3.));
#13411=CARTESIAN_POINT('Ctrl Pts',(43.1678681847526,38.3163545677158,3.));
#13412=CARTESIAN_POINT('Ctrl Pts',(43.152883816494,38.4867057524615,3.));
#13413=CARTESIAN_POINT('Ctrl Pts',(43.1452942639589,38.5729882866144,3.));
#13414=CARTESIAN_POINT('Ctrl Pts',(43.8881326466799,37.9508871585131,5.));
#13415=CARTESIAN_POINT('Ctrl Pts',(43.8881326466799,37.9508871585131,3.));
#13416=CARTESIAN_POINT('Ctrl Pts',(43.779137090054,37.9552492991948,5.));
#13417=CARTESIAN_POINT('Ctrl Pts',(43.779137090054,37.9552492991948,3.));
#13418=CARTESIAN_POINT('Ctrl Pts',(43.5787316469513,37.9632697796921,5.));
#13419=CARTESIAN_POINT('Ctrl Pts',(43.5787316469513,37.9632697796921,3.));
#13420=CARTESIAN_POINT('Ctrl Pts',(43.4131713116663,38.0749245229682,5.));
#13421=CARTESIAN_POINT('Ctrl Pts',(43.4131713116663,38.0749245229682,3.));
#13422=CARTESIAN_POINT('Ctrl Pts',(43.3376551419497,38.1258530169725,5.));
#13423=CARTESIAN_POINT('Ctrl Pts',(43.3376551419497,38.1258530169725,3.));
#13424=CARTESIAN_POINT('',(43.8881326466799,37.9508871585131,5.));
#13425=CARTESIAN_POINT('Ctrl Pts',(43.8881326466799,37.9508871585131,5.));
#13426=CARTESIAN_POINT('Ctrl Pts',(43.779137090054,37.9552492991948,5.));
#13427=CARTESIAN_POINT('Ctrl Pts',(43.5787316469513,37.9632697796921,5.));
#13428=CARTESIAN_POINT('Ctrl Pts',(43.4131713116663,38.0749245229682,5.));
#13429=CARTESIAN_POINT('Ctrl Pts',(43.3376551419497,38.1258530169725,5.));
#13430=CARTESIAN_POINT('',(43.8881326466799,37.9508871585131,3.));
#13431=CARTESIAN_POINT('',(43.8881326466799,37.9508871585131,5.));
#13432=CARTESIAN_POINT('Ctrl Pts',(43.8881326466799,37.9508871585131,3.));
#13433=CARTESIAN_POINT('Ctrl Pts',(43.779137090054,37.9552492991948,3.));
#13434=CARTESIAN_POINT('Ctrl Pts',(43.5787316469513,37.9632697796921,3.));
#13435=CARTESIAN_POINT('Ctrl Pts',(43.4131713116663,38.0749245229682,3.));
#13436=CARTESIAN_POINT('Ctrl Pts',(43.3376551419497,38.1258530169725,3.));
#13437=CARTESIAN_POINT('Ctrl Pts',(44.2943383008242,38.0225107818842,5.));
#13438=CARTESIAN_POINT('Ctrl Pts',(44.2943383008242,38.0225107818842,3.));
#13439=CARTESIAN_POINT('Ctrl Pts',(44.2294701597106,38.0016223696529,5.));
#13440=CARTESIAN_POINT('Ctrl Pts',(44.2294701597106,38.0016223696529,3.));
#13441=CARTESIAN_POINT('Ctrl Pts',(44.0973892003914,37.9590905276916,5.));
#13442=CARTESIAN_POINT('Ctrl Pts',(44.0973892003914,37.9590905276916,3.));
#13443=CARTESIAN_POINT('Ctrl Pts',(43.9587054607317,37.9536537855905,5.));
#13444=CARTESIAN_POINT('Ctrl Pts',(43.9587054607317,37.9536537855905,3.));
#13445=CARTESIAN_POINT('Ctrl Pts',(43.8881326466799,37.9508871585131,5.));
#13446=CARTESIAN_POINT('Ctrl Pts',(43.8881326466799,37.9508871585131,3.));
#13447=CARTESIAN_POINT('',(44.2943383008242,38.0225107818842,5.));
#13448=CARTESIAN_POINT('Ctrl Pts',(44.2943383008242,38.0225107818842,5.));
#13449=CARTESIAN_POINT('Ctrl Pts',(44.2294701597106,38.0016223696529,5.));
#13450=CARTESIAN_POINT('Ctrl Pts',(44.0973892003914,37.9590905276916,5.));
#13451=CARTESIAN_POINT('Ctrl Pts',(43.9587054607317,37.9536537855905,5.));
#13452=CARTESIAN_POINT('Ctrl Pts',(43.8881326466799,37.9508871585131,5.));
#13453=CARTESIAN_POINT('',(44.2943383008242,38.0225107818842,3.));
#13454=CARTESIAN_POINT('',(44.2943383008242,38.0225107818842,5.));
#13455=CARTESIAN_POINT('Ctrl Pts',(44.2943383008242,38.0225107818842,3.));
#13456=CARTESIAN_POINT('Ctrl Pts',(44.2294701597106,38.0016223696529,3.));
#13457=CARTESIAN_POINT('Ctrl Pts',(44.0973892003914,37.9590905276916,3.));
#13458=CARTESIAN_POINT('Ctrl Pts',(43.9587054607317,37.9536537855905,3.));
#13459=CARTESIAN_POINT('Ctrl Pts',(43.8881326466799,37.9508871585131,3.));
#13460=CARTESIAN_POINT('Ctrl Pts',(44.6882677823305,38.268076851964,5.));
#13461=CARTESIAN_POINT('Ctrl Pts',(44.6882677823305,38.268076851964,3.));
#13462=CARTESIAN_POINT('Ctrl Pts',(44.6233179079349,38.2153964855974,5.));
#13463=CARTESIAN_POINT('Ctrl Pts',(44.6233179079349,38.2153964855974,3.));
#13464=CARTESIAN_POINT('Ctrl Pts',(44.5021211580576,38.1170946914002,5.));
#13465=CARTESIAN_POINT('Ctrl Pts',(44.5021211580576,38.1170946914002,3.));
#13466=CARTESIAN_POINT('Ctrl Pts',(44.3602022419739,38.052492413348,5.));
#13467=CARTESIAN_POINT('Ctrl Pts',(44.3602022419739,38.052492413348,3.));
#13468=CARTESIAN_POINT('Ctrl Pts',(44.2943383008242,38.0225107818842,5.));
#13469=CARTESIAN_POINT('Ctrl Pts',(44.2943383008242,38.0225107818842,3.));
#13470=CARTESIAN_POINT('',(44.6882677823305,38.268076851964,5.));
#13471=CARTESIAN_POINT('Ctrl Pts',(44.6882677823305,38.268076851964,5.));
#13472=CARTESIAN_POINT('Ctrl Pts',(44.6233179079349,38.2153964855974,5.));
#13473=CARTESIAN_POINT('Ctrl Pts',(44.5021211580576,38.1170946914002,5.));
#13474=CARTESIAN_POINT('Ctrl Pts',(44.3602022419739,38.052492413348,5.));
#13475=CARTESIAN_POINT('Ctrl Pts',(44.2943383008242,38.0225107818842,5.));
#13476=CARTESIAN_POINT('',(44.6882677823305,38.268076851964,3.));
#13477=CARTESIAN_POINT('',(44.6882677823305,38.268076851964,5.));
#13478=CARTESIAN_POINT('Ctrl Pts',(44.6882677823305,38.268076851964,3.));
#13479=CARTESIAN_POINT('Ctrl Pts',(44.6233179079349,38.2153964855974,3.));
#13480=CARTESIAN_POINT('Ctrl Pts',(44.5021211580576,38.1170946914002,3.));
#13481=CARTESIAN_POINT('Ctrl Pts',(44.3602022419739,38.052492413348,3.));
#13482=CARTESIAN_POINT('Ctrl Pts',(44.2943383008242,38.0225107818842,3.));
#13483=CARTESIAN_POINT('Ctrl Pts',(44.7619391232729,38.0000004917383,5.));
#13484=CARTESIAN_POINT('Ctrl Pts',(44.7619391232729,38.0000004917383,3.));
#13485=CARTESIAN_POINT('Ctrl Pts',(44.7444335377852,38.0409324080628,5.));
#13486=CARTESIAN_POINT('Ctrl Pts',(44.7444335377852,38.0409324080628,3.));
#13487=CARTESIAN_POINT('Ctrl Pts',(44.7076749766725,38.1268820239003,5.));
#13488=CARTESIAN_POINT('Ctrl Pts',(44.7076749766725,38.1268820239003,3.));
#13489=CARTESIAN_POINT('Ctrl Pts',(44.6949386623202,38.2195436257498,5.));
#13490=CARTESIAN_POINT('Ctrl Pts',(44.6949386623202,38.2195436257498,3.));
#13491=CARTESIAN_POINT('Ctrl Pts',(44.6882677823305,38.268076851964,5.));
#13492=CARTESIAN_POINT('Ctrl Pts',(44.6882677823305,38.268076851964,3.));
#13493=CARTESIAN_POINT('Ctrl Pts',(44.7619391232729,38.0000004917383,5.));
#13494=CARTESIAN_POINT('Ctrl Pts',(44.7444335377852,38.0409324080628,5.));
#13495=CARTESIAN_POINT('Ctrl Pts',(44.7076749766725,38.1268820239003,5.));
#13496=CARTESIAN_POINT('Ctrl Pts',(44.6949386623202,38.2195436257498,5.));
#13497=CARTESIAN_POINT('Ctrl Pts',(44.6882677823305,38.268076851964,5.));
#13498=CARTESIAN_POINT('Ctrl Pts',(44.7619391232729,38.0000004917383,3.));
#13499=CARTESIAN_POINT('Ctrl Pts',(44.7444335377852,38.0409324080628,3.));
#13500=CARTESIAN_POINT('Ctrl Pts',(44.7076749766725,38.1268820239003,3.));
#13501=CARTESIAN_POINT('Ctrl Pts',(44.6949386623202,38.2195436257498,3.));
#13502=CARTESIAN_POINT('Ctrl Pts',(44.6882677823305,38.268076851964,3.));
#13503=CARTESIAN_POINT('Origin',(28.6763299629092,39.0835612267256,3.));
#13504=CARTESIAN_POINT('Ctrl Pts',(39.4904495030642,39.9174629896879,5.));
#13505=CARTESIAN_POINT('Ctrl Pts',(39.4904495030642,39.9174629896879,3.));
#13506=CARTESIAN_POINT('Ctrl Pts',(39.4023090671668,39.9088791774445,5.));
#13507=CARTESIAN_POINT('Ctrl Pts',(39.4023090671668,39.9088791774445,3.));
#13508=CARTESIAN_POINT('Ctrl Pts',(39.2261716521908,39.8917255239163,5.));
#13509=CARTESIAN_POINT('Ctrl Pts',(39.2261716521908,39.8917255239163,3.));
#13510=CARTESIAN_POINT('Ctrl Pts',(39.0967295252747,39.771061230231,5.));
#13511=CARTESIAN_POINT('Ctrl Pts',(39.0967295252747,39.771061230231,3.));
#13512=CARTESIAN_POINT('Ctrl Pts',(39.0320611745119,39.710778221488,5.));
#13513=CARTESIAN_POINT('Ctrl Pts',(39.0320611745119,39.710778221488,3.));
#13514=CARTESIAN_POINT('',(39.4904495030642,39.9174629896879,5.));
#13515=CARTESIAN_POINT('',(39.0320611745119,39.710778221488,5.));
#13516=CARTESIAN_POINT('Ctrl Pts',(39.4904495030642,39.9174629896879,5.));
#13517=CARTESIAN_POINT('Ctrl Pts',(39.4023090671668,39.9088791774445,5.));
#13518=CARTESIAN_POINT('Ctrl Pts',(39.2261716521908,39.8917255239163,5.));
#13519=CARTESIAN_POINT('Ctrl Pts',(39.0967295252747,39.771061230231,5.));
#13520=CARTESIAN_POINT('Ctrl Pts',(39.0320611745119,39.710778221488,5.));
#13521=CARTESIAN_POINT('',(39.4904495030642,39.9174629896879,3.));
#13522=CARTESIAN_POINT('',(39.4904495030642,39.9174629896879,5.));
#13523=CARTESIAN_POINT('',(39.0320611745119,39.710778221488,3.));
#13524=CARTESIAN_POINT('Ctrl Pts',(39.4904495030642,39.9174629896879,3.));
#13525=CARTESIAN_POINT('Ctrl Pts',(39.4023090671668,39.9088791774445,3.));
#13526=CARTESIAN_POINT('Ctrl Pts',(39.2261716521908,39.8917255239163,3.));
#13527=CARTESIAN_POINT('Ctrl Pts',(39.0967295252747,39.771061230231,3.));
#13528=CARTESIAN_POINT('Ctrl Pts',(39.0320611745119,39.710778221488,3.));
#13529=CARTESIAN_POINT('',(39.0320611745119,39.710778221488,5.));
#13530=CARTESIAN_POINT('Ctrl Pts',(39.9457717686892,39.7097549587488,5.));
#13531=CARTESIAN_POINT('Ctrl Pts',(39.9457717686892,39.7097549587488,3.));
#13532=CARTESIAN_POINT('Ctrl Pts',(39.8812388209394,39.7703360583271,5.));
#13533=CARTESIAN_POINT('Ctrl Pts',(39.8812388209394,39.7703360583271,3.));
#13534=CARTESIAN_POINT('Ctrl Pts',(39.752810067308,39.8909001327071,5.));
#13535=CARTESIAN_POINT('Ctrl Pts',(39.752810067308,39.8909001327071,3.));
#13536=CARTESIAN_POINT('Ctrl Pts',(39.57761330433,39.9086380369226,5.));
#13537=CARTESIAN_POINT('Ctrl Pts',(39.57761330433,39.9086380369226,3.));
#13538=CARTESIAN_POINT('Ctrl Pts',(39.4904495030642,39.9174629896879,5.));
#13539=CARTESIAN_POINT('Ctrl Pts',(39.4904495030642,39.9174629896879,3.));
#13540=CARTESIAN_POINT('',(39.9457717686892,39.7097549587488,5.));
#13541=CARTESIAN_POINT('Ctrl Pts',(39.9457717686892,39.7097549587488,5.));
#13542=CARTESIAN_POINT('Ctrl Pts',(39.8812388209394,39.7703360583271,5.));
#13543=CARTESIAN_POINT('Ctrl Pts',(39.752810067308,39.8909001327071,5.));
#13544=CARTESIAN_POINT('Ctrl Pts',(39.57761330433,39.9086380369226,5.));
#13545=CARTESIAN_POINT('Ctrl Pts',(39.4904495030642,39.9174629896879,5.));
#13546=CARTESIAN_POINT('',(39.9457717686892,39.7097549587488,3.));
#13547=CARTESIAN_POINT('',(39.9457717686892,39.7097549587488,5.));
#13548=CARTESIAN_POINT('Ctrl Pts',(39.9457717686892,39.7097549587488,3.));
#13549=CARTESIAN_POINT('Ctrl Pts',(39.8812388209394,39.7703360583271,3.));
#13550=CARTESIAN_POINT('Ctrl Pts',(39.752810067308,39.8909001327071,3.));
#13551=CARTESIAN_POINT('Ctrl Pts',(39.57761330433,39.9086380369226,3.));
#13552=CARTESIAN_POINT('Ctrl Pts',(39.4904495030642,39.9174629896879,3.));
#13553=CARTESIAN_POINT('Ctrl Pts',(40.1289225369692,39.0989089757204,5.));
#13554=CARTESIAN_POINT('Ctrl Pts',(40.1289225369692,39.0989089757204,3.));
#13555=CARTESIAN_POINT('Ctrl Pts',(40.1249414684632,39.2206165956469,5.));
#13556=CARTESIAN_POINT('Ctrl Pts',(40.1249414684632,39.2206165956469,3.));
#13557=CARTESIAN_POINT('Ctrl Pts',(40.1177171203231,39.4414764518229,5.));
#13558=CARTESIAN_POINT('Ctrl Pts',(40.1177171203231,39.4414764518229,3.));
#13559=CARTESIAN_POINT('Ctrl Pts',(39.9990471496224,39.6266318064399,5.));
#13560=CARTESIAN_POINT('Ctrl Pts',(39.9990471496224,39.6266318064399,3.));
#13561=CARTESIAN_POINT('Ctrl Pts',(39.9457717686892,39.7097549587488,5.));
#13562=CARTESIAN_POINT('Ctrl Pts',(39.9457717686892,39.7097549587488,3.));
#13563=CARTESIAN_POINT('',(40.1289225369692,39.0989089757204,5.));
#13564=CARTESIAN_POINT('Ctrl Pts',(40.1289225369692,39.0989089757204,5.));
#13565=CARTESIAN_POINT('Ctrl Pts',(40.1249414684632,39.2206165956469,5.));
#13566=CARTESIAN_POINT('Ctrl Pts',(40.1177171203231,39.4414764518229,5.));
#13567=CARTESIAN_POINT('Ctrl Pts',(39.9990471496224,39.6266318064399,5.));
#13568=CARTESIAN_POINT('Ctrl Pts',(39.9457717686892,39.7097549587488,5.));
#13569=CARTESIAN_POINT('',(40.1289225369692,39.0989089757204,3.));
#13570=CARTESIAN_POINT('',(40.1289225369692,39.0989089757204,5.));
#13571=CARTESIAN_POINT('Ctrl Pts',(40.1289225369692,39.0989089757204,3.));
#13572=CARTESIAN_POINT('Ctrl Pts',(40.1249414684632,39.2206165956469,3.));
#13573=CARTESIAN_POINT('Ctrl Pts',(40.1177171203231,39.4414764518229,3.));
#13574=CARTESIAN_POINT('Ctrl Pts',(39.9990471496224,39.6266318064399,3.));
#13575=CARTESIAN_POINT('Ctrl Pts',(39.9457717686892,39.7097549587488,3.));
#13576=CARTESIAN_POINT('Ctrl Pts',(39.9467945843935,38.4624833613634,5.));
#13577=CARTESIAN_POINT('Ctrl Pts',(39.9467945843935,38.4624833613634,3.));
#13578=CARTESIAN_POINT('Ctrl Pts',(39.9997274943871,38.5480188309469,5.));
#13579=CARTESIAN_POINT('Ctrl Pts',(39.9997274943871,38.5480188309469,3.));
#13580=CARTESIAN_POINT('Ctrl Pts',(40.1196743259463,38.7418435906988,5.));
#13581=CARTESIAN_POINT('Ctrl Pts',(40.1196743259463,38.7418435906988,3.));
#13582=CARTESIAN_POINT('Ctrl Pts',(40.1256076225941,38.9709230144654,5.));
#13583=CARTESIAN_POINT('Ctrl Pts',(40.1256076225941,38.9709230144654,3.));
#13584=CARTESIAN_POINT('Ctrl Pts',(40.1289225369692,39.0989089757204,5.));
#13585=CARTESIAN_POINT('Ctrl Pts',(40.1289225369692,39.0989089757204,3.));
#13586=CARTESIAN_POINT('',(39.9467945843935,38.4624833613634,5.));
#13587=CARTESIAN_POINT('Ctrl Pts',(39.9467945843935,38.4624833613634,5.));
#13588=CARTESIAN_POINT('Ctrl Pts',(39.9997274943871,38.5480188309469,5.));
#13589=CARTESIAN_POINT('Ctrl Pts',(40.1196743259463,38.7418435906988,5.));
#13590=CARTESIAN_POINT('Ctrl Pts',(40.1256076225941,38.9709230144654,5.));
#13591=CARTESIAN_POINT('Ctrl Pts',(40.1289225369692,39.0989089757204,5.));
#13592=CARTESIAN_POINT('',(39.9467945843935,38.4624833613634,3.));
#13593=CARTESIAN_POINT('',(39.9467945843935,38.4624833613634,5.));
#13594=CARTESIAN_POINT('Ctrl Pts',(39.9467945843935,38.4624833613634,3.));
#13595=CARTESIAN_POINT('Ctrl Pts',(39.9997274943871,38.5480188309469,3.));
#13596=CARTESIAN_POINT('Ctrl Pts',(40.1196743259463,38.7418435906988,3.));
#13597=CARTESIAN_POINT('Ctrl Pts',(40.1256076225941,38.9709230144654,3.));
#13598=CARTESIAN_POINT('Ctrl Pts',(40.1289225369692,39.0989089757204,3.));
#13599=CARTESIAN_POINT('Ctrl Pts',(39.4904495030642,38.2537520676851,5.));
#13600=CARTESIAN_POINT('Ctrl Pts',(39.4904495030642,38.2537520676851,3.));
#13601=CARTESIAN_POINT('Ctrl Pts',(39.5781063169472,38.2625501898488,5.));
#13602=CARTESIAN_POINT('Ctrl Pts',(39.5781063169472,38.2625501898488,3.));
#13603=CARTESIAN_POINT('Ctrl Pts',(39.7539321919579,38.2801978484776,5.));
#13604=CARTESIAN_POINT('Ctrl Pts',(39.7539321919579,38.2801978484776,3.));
#13605=CARTESIAN_POINT('Ctrl Pts',(39.8823823789299,38.4016036234282,5.));
#13606=CARTESIAN_POINT('Ctrl Pts',(39.8823823789299,38.4016036234282,3.));
#13607=CARTESIAN_POINT('Ctrl Pts',(39.9467945843935,38.4624833613634,5.));
#13608=CARTESIAN_POINT('Ctrl Pts',(39.9467945843935,38.4624833613634,3.));
#13609=CARTESIAN_POINT('',(39.4904495030642,38.2537520676851,5.));
#13610=CARTESIAN_POINT('Ctrl Pts',(39.4904495030642,38.2537520676851,5.));
#13611=CARTESIAN_POINT('Ctrl Pts',(39.5781063169472,38.2625501898488,5.));
#13612=CARTESIAN_POINT('Ctrl Pts',(39.7539321919579,38.2801978484776,5.));
#13613=CARTESIAN_POINT('Ctrl Pts',(39.8823823789299,38.4016036234282,5.));
#13614=CARTESIAN_POINT('Ctrl Pts',(39.9467945843935,38.4624833613634,5.));
#13615=CARTESIAN_POINT('',(39.4904495030642,38.2537520676851,3.));
#13616=CARTESIAN_POINT('',(39.4904495030642,38.2537520676851,5.));
#13617=CARTESIAN_POINT('Ctrl Pts',(39.4904495030642,38.2537520676851,3.));
#13618=CARTESIAN_POINT('Ctrl Pts',(39.5781063169472,38.2625501898488,3.));
#13619=CARTESIAN_POINT('Ctrl Pts',(39.7539321919579,38.2801978484776,3.));
#13620=CARTESIAN_POINT('Ctrl Pts',(39.8823823789299,38.4016036234282,3.));
#13621=CARTESIAN_POINT('Ctrl Pts',(39.9467945843935,38.4624833613634,3.));
#13622=CARTESIAN_POINT('Ctrl Pts',(39.0320611745119,38.4614602476358,5.));
#13623=CARTESIAN_POINT('Ctrl Pts',(39.0320611745119,38.4614602476358,3.));
#13624=CARTESIAN_POINT('Ctrl Pts',(39.0966936414505,38.4008786578986,5.));
#13625=CARTESIAN_POINT('Ctrl Pts',(39.0966936414505,38.4008786578986,3.));
#13626=CARTESIAN_POINT('Ctrl Pts',(39.2259596114768,38.2797145072164,5.));
#13627=CARTESIAN_POINT('Ctrl Pts',(39.2259596114768,38.2797145072164,3.));
#13628=CARTESIAN_POINT('Ctrl Pts',(39.4022857347463,38.2624062604411,5.));
#13629=CARTESIAN_POINT('Ctrl Pts',(39.4022857347463,38.2624062604411,3.));
#13630=CARTESIAN_POINT('Ctrl Pts',(39.4904495030642,38.2537520676851,5.));
#13631=CARTESIAN_POINT('Ctrl Pts',(39.4904495030642,38.2537520676851,3.));
#13632=CARTESIAN_POINT('',(39.0320611745119,38.4614602476358,5.));
#13633=CARTESIAN_POINT('Ctrl Pts',(39.0320611745119,38.4614602476358,5.));
#13634=CARTESIAN_POINT('Ctrl Pts',(39.0966936414505,38.4008786578986,5.));
#13635=CARTESIAN_POINT('Ctrl Pts',(39.2259596114768,38.2797145072164,5.));
#13636=CARTESIAN_POINT('Ctrl Pts',(39.4022857347463,38.2624062604411,5.));
#13637=CARTESIAN_POINT('Ctrl Pts',(39.4904495030642,38.2537520676851,5.));
#13638=CARTESIAN_POINT('',(39.0320611745119,38.4614602476358,3.));
#13639=CARTESIAN_POINT('',(39.0320611745119,38.4614602476358,5.));
#13640=CARTESIAN_POINT('Ctrl Pts',(39.0320611745119,38.4614602476358,3.));
#13641=CARTESIAN_POINT('Ctrl Pts',(39.0966936414505,38.4008786578986,3.));
#13642=CARTESIAN_POINT('Ctrl Pts',(39.2259596114768,38.2797145072164,3.));
#13643=CARTESIAN_POINT('Ctrl Pts',(39.4022857347463,38.2624062604411,3.));
#13644=CARTESIAN_POINT('Ctrl Pts',(39.4904495030642,38.2537520676851,3.));
#13645=CARTESIAN_POINT('Ctrl Pts',(38.8499308377504,39.0866307169199,5.));
#13646=CARTESIAN_POINT('Ctrl Pts',(38.8499308377504,39.0866307169199,3.));
#13647=CARTESIAN_POINT('Ctrl Pts',(38.8534823738249,38.961311269478,5.));
#13648=CARTESIAN_POINT('Ctrl Pts',(38.8534823738249,38.961311269478,3.));
#13649=CARTESIAN_POINT('Ctrl Pts',(38.8598707595388,38.7358907891799,5.));
#13650=CARTESIAN_POINT('Ctrl Pts',(38.8598707595388,38.7358907891799,3.));
#13651=CARTESIAN_POINT('Ctrl Pts',(38.9791109463696,38.5458503095696,5.));
#13652=CARTESIAN_POINT('Ctrl Pts',(38.9791109463696,38.5458503095696,3.));
#13653=CARTESIAN_POINT('Ctrl Pts',(39.0320611745119,38.4614602476358,5.));
#13654=CARTESIAN_POINT('Ctrl Pts',(39.0320611745119,38.4614602476358,3.));
#13655=CARTESIAN_POINT('',(38.8499308377504,39.0866307169199,5.));
#13656=CARTESIAN_POINT('Ctrl Pts',(38.8499308377504,39.0866307169199,5.));
#13657=CARTESIAN_POINT('Ctrl Pts',(38.8534823738249,38.961311269478,5.));
#13658=CARTESIAN_POINT('Ctrl Pts',(38.8598707595388,38.7358907891799,5.));
#13659=CARTESIAN_POINT('Ctrl Pts',(38.9791109463696,38.5458503095696,5.));
#13660=CARTESIAN_POINT('Ctrl Pts',(39.0320611745119,38.4614602476358,5.));
#13661=CARTESIAN_POINT('',(38.8499308377504,39.0866307169199,3.));
#13662=CARTESIAN_POINT('',(38.8499308377504,39.0866307169199,5.));
#13663=CARTESIAN_POINT('Ctrl Pts',(38.8499308377504,39.0866307169199,3.));
#13664=CARTESIAN_POINT('Ctrl Pts',(38.8534823738249,38.961311269478,3.));
#13665=CARTESIAN_POINT('Ctrl Pts',(38.8598707595388,38.7358907891799,3.));
#13666=CARTESIAN_POINT('Ctrl Pts',(38.9791109463696,38.5458503095696,3.));
#13667=CARTESIAN_POINT('Ctrl Pts',(39.0320611745119,38.4614602476358,3.));
#13668=CARTESIAN_POINT('Ctrl Pts',(39.0320611745119,39.710778221488,5.));
#13669=CARTESIAN_POINT('Ctrl Pts',(39.0320611745119,39.710778221488,3.));
#13670=CARTESIAN_POINT('Ctrl Pts',(38.9791132811402,39.6266485885846,5.));
#13671=CARTESIAN_POINT('Ctrl Pts',(38.9791132811402,39.6266485885846,3.));
#13672=CARTESIAN_POINT('Ctrl Pts',(38.8597705114446,39.4370232274075,5.));
#13673=CARTESIAN_POINT('Ctrl Pts',(38.8597705114446,39.4370232274075,3.));
#13674=CARTESIAN_POINT('Ctrl Pts',(38.8534481856441,39.2118840939128,5.));
#13675=CARTESIAN_POINT('Ctrl Pts',(38.8534481856441,39.2118840939128,3.));
#13676=CARTESIAN_POINT('Ctrl Pts',(38.8499308377504,39.0866307169199,5.));
#13677=CARTESIAN_POINT('Ctrl Pts',(38.8499308377504,39.0866307169199,3.));
#13678=CARTESIAN_POINT('Ctrl Pts',(39.0320611745119,39.710778221488,5.));
#13679=CARTESIAN_POINT('Ctrl Pts',(38.9791132811402,39.6266485885846,5.));
#13680=CARTESIAN_POINT('Ctrl Pts',(38.8597705114446,39.4370232274075,5.));
#13681=CARTESIAN_POINT('Ctrl Pts',(38.8534481856441,39.2118840939128,5.));
#13682=CARTESIAN_POINT('Ctrl Pts',(38.8499308377504,39.0866307169199,5.));
#13683=CARTESIAN_POINT('Ctrl Pts',(39.0320611745119,39.710778221488,3.));
#13684=CARTESIAN_POINT('Ctrl Pts',(38.9791132811402,39.6266485885846,3.));
#13685=CARTESIAN_POINT('Ctrl Pts',(38.8597705114446,39.4370232274075,3.));
#13686=CARTESIAN_POINT('Ctrl Pts',(38.8534481856441,39.2118840939128,3.));
#13687=CARTESIAN_POINT('Ctrl Pts',(38.8499308377504,39.0866307169199,3.));
#13688=CARTESIAN_POINT('Ctrl Pts',(39.4904495030642,37.9508871585131,5.));
#13689=CARTESIAN_POINT('Ctrl Pts',(39.4904495030642,37.9508871585131,3.));
#13690=CARTESIAN_POINT('Ctrl Pts',(39.3472947320061,37.9613882710124,5.));
#13691=CARTESIAN_POINT('Ctrl Pts',(39.3472947320061,37.9613882710124,3.));
#13692=CARTESIAN_POINT('Ctrl Pts',(39.0701315224524,37.981719567152,5.));
#13693=CARTESIAN_POINT('Ctrl Pts',(39.0701315224524,37.981719567152,3.));
#13694=CARTESIAN_POINT('Ctrl Pts',(38.8561753924836,38.1581946262862,5.));
#13695=CARTESIAN_POINT('Ctrl Pts',(38.8561753924836,38.1581946262862,3.));
#13696=CARTESIAN_POINT('Ctrl Pts',(38.7527275830507,38.243520334363,5.));
#13697=CARTESIAN_POINT('Ctrl Pts',(38.7527275830507,38.243520334363,3.));
#13698=CARTESIAN_POINT('',(39.4904495030642,37.9508871585131,5.));
#13699=CARTESIAN_POINT('',(38.7527275830507,38.243520334363,5.));
#13700=CARTESIAN_POINT('Ctrl Pts',(39.4904495030642,37.9508871585131,5.));
#13701=CARTESIAN_POINT('Ctrl Pts',(39.3472947320061,37.9613882710124,5.));
#13702=CARTESIAN_POINT('Ctrl Pts',(39.0701315224524,37.981719567152,5.));
#13703=CARTESIAN_POINT('Ctrl Pts',(38.8561753924836,38.1581946262862,5.));
#13704=CARTESIAN_POINT('Ctrl Pts',(38.7527275830507,38.243520334363,5.));
#13705=CARTESIAN_POINT('',(39.4904495030642,37.9508871585131,3.));
#13706=CARTESIAN_POINT('',(39.4904495030642,37.9508871585131,5.));
#13707=CARTESIAN_POINT('',(38.7527275830507,38.243520334363,3.));
#13708=CARTESIAN_POINT('Ctrl Pts',(39.4904495030642,37.9508871585131,3.));
#13709=CARTESIAN_POINT('Ctrl Pts',(39.3472947320061,37.9613882710124,3.));
#13710=CARTESIAN_POINT('Ctrl Pts',(39.0701315224524,37.981719567152,3.));
#13711=CARTESIAN_POINT('Ctrl Pts',(38.8561753924836,38.1581946262862,3.));
#13712=CARTESIAN_POINT('Ctrl Pts',(38.7527275830507,38.243520334363,3.));
#13713=CARTESIAN_POINT('',(38.7527275830507,38.243520334363,5.));
#13714=CARTESIAN_POINT('Ctrl Pts',(40.0153470784426,38.08390237391,5.));
#13715=CARTESIAN_POINT('Ctrl Pts',(40.0153470784426,38.08390237391,3.));
#13716=CARTESIAN_POINT('Ctrl Pts',(39.9329421855993,38.0451071348433,5.));
#13717=CARTESIAN_POINT('Ctrl Pts',(39.9329421855993,38.0451071348433,3.));
#13718=CARTESIAN_POINT('Ctrl Pts',(39.7666249283978,37.9668069571304,5.));
#13719=CARTESIAN_POINT('Ctrl Pts',(39.7666249283978,37.9668069571304,3.));
#13720=CARTESIAN_POINT('Ctrl Pts',(39.5830625709053,37.9562257268798,5.));
#13721=CARTESIAN_POINT('Ctrl Pts',(39.5830625709053,37.9562257268798,3.));
#13722=CARTESIAN_POINT('Ctrl Pts',(39.4904495030642,37.9508871585131,5.));
#13723=CARTESIAN_POINT('Ctrl Pts',(39.4904495030642,37.9508871585131,3.));
#13724=CARTESIAN_POINT('',(40.0153470784426,38.08390237391,5.));
#13725=CARTESIAN_POINT('Ctrl Pts',(40.0153470784426,38.08390237391,5.));
#13726=CARTESIAN_POINT('Ctrl Pts',(39.9329421855993,38.0451071348433,5.));
#13727=CARTESIAN_POINT('Ctrl Pts',(39.7666249283978,37.9668069571304,5.));
#13728=CARTESIAN_POINT('Ctrl Pts',(39.5830625709053,37.9562257268798,5.));
#13729=CARTESIAN_POINT('Ctrl Pts',(39.4904495030642,37.9508871585131,5.));
#13730=CARTESIAN_POINT('',(40.0153470784426,38.08390237391,3.));
#13731=CARTESIAN_POINT('',(40.0153470784426,38.08390237391,5.));
#13732=CARTESIAN_POINT('Ctrl Pts',(40.0153470784426,38.08390237391,3.));
#13733=CARTESIAN_POINT('Ctrl Pts',(39.9329421855993,38.0451071348433,3.));
#13734=CARTESIAN_POINT('Ctrl Pts',(39.7666249283978,37.9668069571304,3.));
#13735=CARTESIAN_POINT('Ctrl Pts',(39.5830625709053,37.9562257268798,3.));
#13736=CARTESIAN_POINT('Ctrl Pts',(39.4904495030642,37.9508871585131,3.));
#13737=CARTESIAN_POINT('Ctrl Pts',(40.3816509991884,38.4573674947023,5.));
#13738=CARTESIAN_POINT('Ctrl Pts',(40.3816509991884,38.4573674947023,3.));
#13739=CARTESIAN_POINT('Ctrl Pts',(40.3347931146442,38.3816209863009,5.));
#13740=CARTESIAN_POINT('Ctrl Pts',(40.3347931146442,38.3816209863009,3.));
#13741=CARTESIAN_POINT('Ctrl Pts',(40.2407657887896,38.229624333078,5.));
#13742=CARTESIAN_POINT('Ctrl Pts',(40.2407657887896,38.229624333078,3.));
#13743=CARTESIAN_POINT('Ctrl Pts',(40.0906524472657,38.1325835408986,5.));
#13744=CARTESIAN_POINT('Ctrl Pts',(40.0906524472657,38.1325835408986,3.));
#13745=CARTESIAN_POINT('Ctrl Pts',(40.0153470784426,38.08390237391,5.));
#13746=CARTESIAN_POINT('Ctrl Pts',(40.0153470784426,38.08390237391,3.));
#13747=CARTESIAN_POINT('',(40.3816509991884,38.4573674947023,5.));
#13748=CARTESIAN_POINT('Ctrl Pts',(40.3816509991884,38.4573674947023,5.));
#13749=CARTESIAN_POINT('Ctrl Pts',(40.3347931146442,38.3816209863009,5.));
#13750=CARTESIAN_POINT('Ctrl Pts',(40.2407657887896,38.229624333078,5.));
#13751=CARTESIAN_POINT('Ctrl Pts',(40.0906524472657,38.1325835408986,5.));
#13752=CARTESIAN_POINT('Ctrl Pts',(40.0153470784426,38.08390237391,5.));
#13753=CARTESIAN_POINT('',(40.3816509991884,38.4573674947023,3.));
#13754=CARTESIAN_POINT('',(40.3816509991884,38.4573674947023,5.));
#13755=CARTESIAN_POINT('Ctrl Pts',(40.3816509991884,38.4573674947023,3.));
#13756=CARTESIAN_POINT('Ctrl Pts',(40.3347931146442,38.3816209863009,3.));
#13757=CARTESIAN_POINT('Ctrl Pts',(40.2407657887896,38.229624333078,3.));
#13758=CARTESIAN_POINT('Ctrl Pts',(40.0906524472657,38.1325835408986,3.));
#13759=CARTESIAN_POINT('Ctrl Pts',(40.0153470784426,38.08390237391,3.));
#13760=CARTESIAN_POINT('Ctrl Pts',(40.507502630353,39.1173265129328,5.));
#13761=CARTESIAN_POINT('Ctrl Pts',(40.507502630353,39.1173265129328,3.));
#13762=CARTESIAN_POINT('Ctrl Pts',(40.505046141816,38.9907696593186,5.));
#13763=CARTESIAN_POINT('Ctrl Pts',(40.505046141816,38.9907696593186,3.));
#13764=CARTESIAN_POINT('Ctrl Pts',(40.5006272260868,38.7631097037973,5.));
#13765=CARTESIAN_POINT('Ctrl Pts',(40.5006272260868,38.7631097037973,3.));
#13766=CARTESIAN_POINT('Ctrl Pts',(40.4182392511858,38.5513910932332,5.));
#13767=CARTESIAN_POINT('Ctrl Pts',(40.4182392511858,38.5513910932332,3.));
#13768=CARTESIAN_POINT('Ctrl Pts',(40.3816509991884,38.4573674947023,5.));
#13769=CARTESIAN_POINT('Ctrl Pts',(40.3816509991884,38.4573674947023,3.));
#13770=CARTESIAN_POINT('',(40.507502630353,39.1173265129328,5.));
#13771=CARTESIAN_POINT('Ctrl Pts',(40.507502630353,39.1173265129328,5.));
#13772=CARTESIAN_POINT('Ctrl Pts',(40.505046141816,38.9907696593186,5.));
#13773=CARTESIAN_POINT('Ctrl Pts',(40.5006272260868,38.7631097037973,5.));
#13774=CARTESIAN_POINT('Ctrl Pts',(40.4182392511858,38.5513910932332,5.));
#13775=CARTESIAN_POINT('Ctrl Pts',(40.3816509991884,38.4573674947023,5.));
#13776=CARTESIAN_POINT('',(40.507502630353,39.1173265129328,3.));
#13777=CARTESIAN_POINT('',(40.507502630353,39.1173265129328,5.));
#13778=CARTESIAN_POINT('Ctrl Pts',(40.507502630353,39.1173265129328,3.));
#13779=CARTESIAN_POINT('Ctrl Pts',(40.505046141816,38.9907696593186,3.));
#13780=CARTESIAN_POINT('Ctrl Pts',(40.5006272260868,38.7631097037973,3.));
#13781=CARTESIAN_POINT('Ctrl Pts',(40.4182392511858,38.5513910932332,3.));
#13782=CARTESIAN_POINT('Ctrl Pts',(40.3816509991884,38.4573674947023,3.));
#13783=CARTESIAN_POINT('Ctrl Pts',(40.2230549603701,39.9287181347609,5.));
#13784=CARTESIAN_POINT('Ctrl Pts',(40.2230549603701,39.9287181347609,3.));
#13785=CARTESIAN_POINT('Ctrl Pts',(40.3059236233616,39.8164550835488,5.));
#13786=CARTESIAN_POINT('Ctrl Pts',(40.3059236233616,39.8164550835488,3.));
#13787=CARTESIAN_POINT('Ctrl Pts',(40.4833023406038,39.5761582656823,5.));
#13788=CARTESIAN_POINT('Ctrl Pts',(40.4833023406038,39.5761582656823,3.));
#13789=CARTESIAN_POINT('Ctrl Pts',(40.499090474586,39.2768189907067,5.));
#13790=CARTESIAN_POINT('Ctrl Pts',(40.499090474586,39.2768189907067,3.));
#13791=CARTESIAN_POINT('Ctrl Pts',(40.507502630353,39.1173265129328,5.));
#13792=CARTESIAN_POINT('Ctrl Pts',(40.507502630353,39.1173265129328,3.));
#13793=CARTESIAN_POINT('',(40.2230549603701,39.9287181347609,5.));
#13794=CARTESIAN_POINT('Ctrl Pts',(40.2230549603701,39.9287181347609,5.));
#13795=CARTESIAN_POINT('Ctrl Pts',(40.3059236233616,39.8164550835488,5.));
#13796=CARTESIAN_POINT('Ctrl Pts',(40.4833023406038,39.5761582656823,5.));
#13797=CARTESIAN_POINT('Ctrl Pts',(40.499090474586,39.2768189907067,5.));
#13798=CARTESIAN_POINT('Ctrl Pts',(40.507502630353,39.1173265129328,5.));
#13799=CARTESIAN_POINT('',(40.2230549603701,39.9287181347609,3.));
#13800=CARTESIAN_POINT('',(40.2230549603701,39.9287181347609,5.));
#13801=CARTESIAN_POINT('Ctrl Pts',(40.2230549603701,39.9287181347609,3.));
#13802=CARTESIAN_POINT('Ctrl Pts',(40.3059236233616,39.8164550835488,3.));
#13803=CARTESIAN_POINT('Ctrl Pts',(40.4833023406038,39.5761582656823,3.));
#13804=CARTESIAN_POINT('Ctrl Pts',(40.499090474586,39.2768189907067,3.));
#13805=CARTESIAN_POINT('Ctrl Pts',(40.507502630353,39.1173265129328,3.));
#13806=CARTESIAN_POINT('Ctrl Pts',(39.4904495030642,40.2223744243383,5.));
#13807=CARTESIAN_POINT('Ctrl Pts',(39.4904495030642,40.2223744243383,3.));
#13808=CARTESIAN_POINT('Ctrl Pts',(39.6317122192956,40.211456664169,5.));
#13809=CARTESIAN_POINT('Ctrl Pts',(39.6317122192956,40.211456664169,3.));
#13810=CARTESIAN_POINT('Ctrl Pts',(39.9071064609262,40.1901722916017,5.));
#13811=CARTESIAN_POINT('Ctrl Pts',(39.9071064609262,40.1901722916017,3.));
#13812=CARTESIAN_POINT('Ctrl Pts',(40.1195726948088,40.0143519280466,5.));
#13813=CARTESIAN_POINT('Ctrl Pts',(40.1195726948088,40.0143519280466,3.));
#13814=CARTESIAN_POINT('Ctrl Pts',(40.2230549603701,39.9287181347609,5.));
#13815=CARTESIAN_POINT('Ctrl Pts',(40.2230549603701,39.9287181347609,3.));
#13816=CARTESIAN_POINT('',(39.4904495030642,40.2223744243383,5.));
#13817=CARTESIAN_POINT('Ctrl Pts',(39.4904495030642,40.2223744243383,5.));
#13818=CARTESIAN_POINT('Ctrl Pts',(39.6317122192956,40.211456664169,5.));
#13819=CARTESIAN_POINT('Ctrl Pts',(39.9071064609262,40.1901722916017,5.));
#13820=CARTESIAN_POINT('Ctrl Pts',(40.1195726948088,40.0143519280466,5.));
#13821=CARTESIAN_POINT('Ctrl Pts',(40.2230549603701,39.9287181347609,5.));
#13822=CARTESIAN_POINT('',(39.4904495030642,40.2223744243383,3.));
#13823=CARTESIAN_POINT('',(39.4904495030642,40.2223744243383,5.));
#13824=CARTESIAN_POINT('Ctrl Pts',(39.4904495030642,40.2223744243383,3.));
#13825=CARTESIAN_POINT('Ctrl Pts',(39.6317122192956,40.211456664169,3.));
#13826=CARTESIAN_POINT('Ctrl Pts',(39.9071064609262,40.1901722916017,3.));
#13827=CARTESIAN_POINT('Ctrl Pts',(40.1195726948088,40.0143519280466,3.));
#13828=CARTESIAN_POINT('Ctrl Pts',(40.2230549603701,39.9287181347609,3.));
#13829=CARTESIAN_POINT('Ctrl Pts',(38.8069582730532,39.9809009581804,5.));
#13830=CARTESIAN_POINT('Ctrl Pts',(38.8069582730532,39.9809009581804,3.));
#13831=CARTESIAN_POINT('Ctrl Pts',(38.9070415196609,40.051319825172,5.));
#13832=CARTESIAN_POINT('Ctrl Pts',(38.9070415196609,40.051319825172,3.));
#13833=CARTESIAN_POINT('Ctrl Pts',(39.1120376734911,40.1955557225837,5.));
#13834=CARTESIAN_POINT('Ctrl Pts',(39.1120376734911,40.1955557225837,3.));
#13835=CARTESIAN_POINT('Ctrl Pts',(39.3623464878343,40.2132955417802,5.));
#13836=CARTESIAN_POINT('Ctrl Pts',(39.3623464878343,40.2132955417802,3.));
#13837=CARTESIAN_POINT('Ctrl Pts',(39.4904495030642,40.2223744243383,5.));
#13838=CARTESIAN_POINT('Ctrl Pts',(39.4904495030642,40.2223744243383,3.));
#13839=CARTESIAN_POINT('',(38.8069582730532,39.9809009581804,5.));
#13840=CARTESIAN_POINT('Ctrl Pts',(38.8069582730532,39.9809009581804,5.));
#13841=CARTESIAN_POINT('Ctrl Pts',(38.9070415196609,40.051319825172,5.));
#13842=CARTESIAN_POINT('Ctrl Pts',(39.1120376734911,40.1955557225837,5.));
#13843=CARTESIAN_POINT('Ctrl Pts',(39.3623464878343,40.2132955417802,5.));
#13844=CARTESIAN_POINT('Ctrl Pts',(39.4904495030642,40.2223744243383,5.));
#13845=CARTESIAN_POINT('',(38.8069582730532,39.9809009581804,3.));
#13846=CARTESIAN_POINT('',(38.8069582730532,39.9809009581804,5.));
#13847=CARTESIAN_POINT('Ctrl Pts',(38.8069582730532,39.9809009581804,3.));
#13848=CARTESIAN_POINT('Ctrl Pts',(38.9070415196609,40.051319825172,3.));
#13849=CARTESIAN_POINT('Ctrl Pts',(39.1120376734911,40.1955557225837,3.));
#13850=CARTESIAN_POINT('Ctrl Pts',(39.3623464878343,40.2132955417802,3.));
#13851=CARTESIAN_POINT('Ctrl Pts',(39.4904495030642,40.2223744243383,3.));
#13852=CARTESIAN_POINT('Ctrl Pts',(38.4713507443666,39.0866307169199,5.));
#13853=CARTESIAN_POINT('Ctrl Pts',(38.4713507443666,39.0866307169199,3.));
#13854=CARTESIAN_POINT('Ctrl Pts',(38.4797440484054,39.2695526971902,5.));
#13855=CARTESIAN_POINT('Ctrl Pts',(38.4797440484054,39.2695526971902,3.));
#13856=CARTESIAN_POINT('Ctrl Pts',(38.495181798949,39.6059999279031,5.));
#13857=CARTESIAN_POINT('Ctrl Pts',(38.495181798949,39.6059999279031,3.));
#13858=CARTESIAN_POINT('Ctrl Pts',(38.7092679677608,39.8634315557585,5.));
#13859=CARTESIAN_POINT('Ctrl Pts',(38.7092679677608,39.8634315557585,3.));
#13860=CARTESIAN_POINT('Ctrl Pts',(38.8069582730532,39.9809009581804,5.));
#13861=CARTESIAN_POINT('Ctrl Pts',(38.8069582730532,39.9809009581804,3.));
#13862=CARTESIAN_POINT('',(38.4713507443666,39.0866307169199,5.));
#13863=CARTESIAN_POINT('Ctrl Pts',(38.4713507443666,39.0866307169199,5.));
#13864=CARTESIAN_POINT('Ctrl Pts',(38.4797440484054,39.2695526971902,5.));
#13865=CARTESIAN_POINT('Ctrl Pts',(38.495181798949,39.6059999279031,5.));
#13866=CARTESIAN_POINT('Ctrl Pts',(38.7092679677608,39.8634315557585,5.));
#13867=CARTESIAN_POINT('Ctrl Pts',(38.8069582730532,39.9809009581804,5.));
#13868=CARTESIAN_POINT('',(38.4713507443666,39.0866307169199,3.));
#13869=CARTESIAN_POINT('',(38.4713507443666,39.0866307169199,5.));
#13870=CARTESIAN_POINT('Ctrl Pts',(38.4713507443666,39.0866307169199,3.));
#13871=CARTESIAN_POINT('Ctrl Pts',(38.4797440484054,39.2695526971902,3.));
#13872=CARTESIAN_POINT('Ctrl Pts',(38.495181798949,39.6059999279031,3.));
#13873=CARTESIAN_POINT('Ctrl Pts',(38.7092679677608,39.8634315557585,3.));
#13874=CARTESIAN_POINT('Ctrl Pts',(38.8069582730532,39.9809009581804,3.));
#13875=CARTESIAN_POINT('Ctrl Pts',(38.7527275830507,38.243520334363,5.));
#13876=CARTESIAN_POINT('Ctrl Pts',(38.7527275830507,38.243520334363,3.));
#13877=CARTESIAN_POINT('Ctrl Pts',(38.6708121599642,38.3584749908841,5.));
#13878=CARTESIAN_POINT('Ctrl Pts',(38.6708121599642,38.3584749908841,3.));
#13879=CARTESIAN_POINT('Ctrl Pts',(38.4919151967177,38.6095270905717,5.));
#13880=CARTESIAN_POINT('Ctrl Pts',(38.4919151967177,38.6095270905717,3.));
#13881=CARTESIAN_POINT('Ctrl Pts',(38.4785799131381,38.9189110724828,5.));
#13882=CARTESIAN_POINT('Ctrl Pts',(38.4785799131381,38.9189110724828,3.));
#13883=CARTESIAN_POINT('Ctrl Pts',(38.4713507443666,39.0866307169199,5.));
#13884=CARTESIAN_POINT('Ctrl Pts',(38.4713507443666,39.0866307169199,3.));
#13885=CARTESIAN_POINT('Ctrl Pts',(38.7527275830507,38.243520334363,5.));
#13886=CARTESIAN_POINT('Ctrl Pts',(38.6708121599642,38.3584749908841,5.));
#13887=CARTESIAN_POINT('Ctrl Pts',(38.4919151967177,38.6095270905717,5.));
#13888=CARTESIAN_POINT('Ctrl Pts',(38.4785799131381,38.9189110724828,5.));
#13889=CARTESIAN_POINT('Ctrl Pts',(38.4713507443666,39.0866307169199,5.));
#13890=CARTESIAN_POINT('Ctrl Pts',(38.7527275830507,38.243520334363,3.));
#13891=CARTESIAN_POINT('Ctrl Pts',(38.6708121599642,38.3584749908841,3.));
#13892=CARTESIAN_POINT('Ctrl Pts',(38.4919151967177,38.6095270905717,3.));
#13893=CARTESIAN_POINT('Ctrl Pts',(38.4785799131381,38.9189110724828,3.));
#13894=CARTESIAN_POINT('Ctrl Pts',(38.4713507443666,39.0866307169199,3.));
#13895=CARTESIAN_POINT('Origin',(28.6763299629092,39.0835612267256,3.));
#13896=CARTESIAN_POINT('Origin',(35.4877234250307,38.8615284115076,5.));
#13897=CARTESIAN_POINT('',(35.4877234250307,38.8615284115076,5.));
#13898=CARTESIAN_POINT('',(35.4877234250307,38.0000004917383,5.));
#13899=CARTESIAN_POINT('',(35.4877234250307,20.6900805229163,5.));
#13900=CARTESIAN_POINT('',(35.4877234250307,38.8615284115076,3.));
#13901=CARTESIAN_POINT('',(35.4877234250307,38.8615284115076,5.));
#13902=CARTESIAN_POINT('',(35.4877234250307,38.0000004917383,3.));
#13903=CARTESIAN_POINT('',(35.4877234250307,38.8615284115076,3.));
#13904=CARTESIAN_POINT('',(35.4877234250307,38.0000004917383,5.));
#13905=CARTESIAN_POINT('Origin',(35.7476139813662,39.1111875325441,5.));
#13906=CARTESIAN_POINT('',(35.7476139813662,39.1111875325441,5.));
#13907=CARTESIAN_POINT('',(29.0734972186911,32.6998190389775,5.));
#13908=CARTESIAN_POINT('',(35.7476139813662,39.1111875325441,3.));
#13909=CARTESIAN_POINT('',(35.7476139813662,39.1111875325441,5.));
#13910=CARTESIAN_POINT('',(35.7476139813662,39.1111875325441,3.));
#13911=CARTESIAN_POINT('Origin',(36.4658952504396,38.0000004917383,5.));
#13912=CARTESIAN_POINT('',(36.4658952504396,38.0000004917383,5.));
#13913=CARTESIAN_POINT('',(45.8459566136826,23.4889682853109,5.));
#13914=CARTESIAN_POINT('',(36.4658952504396,38.0000004917383,3.));
#13915=CARTESIAN_POINT('',(36.4658952504396,38.0000004917383,5.));
#13916=CARTESIAN_POINT('',(36.4658952504396,38.0000004917383,3.));
#13917=CARTESIAN_POINT('Origin',(36.9201923161745,38.0000004917383,5.));
#13918=CARTESIAN_POINT('',(36.9201923161745,38.0000004917383,5.));
#13919=CARTESIAN_POINT('',(41.0768073247484,38.0000004917383,5.));
#13920=CARTESIAN_POINT('',(36.9201923161745,38.0000004917383,3.));
#13921=CARTESIAN_POINT('',(36.9201923161745,38.0000004917383,5.));
#13922=CARTESIAN_POINT('',(36.9201923161745,38.0000004917383,3.));
#13923=CARTESIAN_POINT('Origin',(36.0054589062929,39.3669854849577,5.));
#13924=CARTESIAN_POINT('',(36.0054589062929,39.3669854849577,5.));
#13925=CARTESIAN_POINT('',(45.9481373628114,24.5085665230597,5.));
#13926=CARTESIAN_POINT('',(36.0054589062929,39.3669854849577,3.));
#13927=CARTESIAN_POINT('',(36.0054589062929,39.3669854849577,5.));
#13928=CARTESIAN_POINT('',(36.0054589062929,39.3669854849577,3.));
#13929=CARTESIAN_POINT('Origin',(36.8362904340029,40.1732610911131,5.));
#13930=CARTESIAN_POINT('',(36.8362904340029,40.1732610911131,5.));
#13931=CARTESIAN_POINT('',(29.5891138165672,33.1402808475203,5.));
#13932=CARTESIAN_POINT('',(36.8362904340029,40.1732610911131,3.));
#13933=CARTESIAN_POINT('',(36.8362904340029,40.1732610911131,5.));
#13934=CARTESIAN_POINT('',(36.8362904340029,40.1732610911131,3.));
#13935=CARTESIAN_POINT('Origin',(36.3594818860292,40.1732610911131,5.));
#13936=CARTESIAN_POINT('',(36.3594818860292,40.1732610911131,5.));
#13937=CARTESIAN_POINT('',(40.7964521096757,40.1732610911131,5.));
#13938=CARTESIAN_POINT('',(36.3594818860292,40.1732610911131,3.));
#13939=CARTESIAN_POINT('',(36.3594818860292,40.1732610911131,5.));
#13940=CARTESIAN_POINT('',(36.3594818860292,40.1732610911131,3.));
#13941=CARTESIAN_POINT('Origin',(35.4877234250307,39.2892230302095,5.));
#13942=CARTESIAN_POINT('',(35.4877234250307,39.2892230302095,5.));
#13943=CARTESIAN_POINT('',(28.698321961891,32.4041859784386,5.));
#13944=CARTESIAN_POINT('',(35.4877234250307,39.2892230302095,3.));
#13945=CARTESIAN_POINT('',(35.4877234250307,39.2892230302095,5.));
#13946=CARTESIAN_POINT('',(35.4877234250307,39.2892230302095,3.));
#13947=CARTESIAN_POINT('Origin',(35.4877234250307,41.0000006109476,5.));
#13948=CARTESIAN_POINT('',(35.4877234250307,41.0000006109476,5.));
#13949=CARTESIAN_POINT('',(35.4877234250307,21.7593166226363,5.));
#13950=CARTESIAN_POINT('',(35.4877234250307,41.0000006109476,3.));
#13951=CARTESIAN_POINT('',(35.4877234250307,41.0000006109476,5.));
#13952=CARTESIAN_POINT('',(35.4877234250307,41.0000006109476,3.));
#13953=CARTESIAN_POINT('Origin',(35.1193738728762,41.0000006109476,5.));
#13954=CARTESIAN_POINT('',(35.1193738728762,41.0000006109476,5.));
#13955=CARTESIAN_POINT('',(40.1763981030992,41.0000006109476,5.));
#13956=CARTESIAN_POINT('',(35.1193738728762,41.0000006109476,3.));
#13957=CARTESIAN_POINT('',(35.1193738728762,41.0000006109476,5.));
#13958=CARTESIAN_POINT('',(35.1193738728762,41.0000006109476,3.));
#13959=CARTESIAN_POINT('Origin',(35.1193738728762,38.0000004917383,5.));
#13960=CARTESIAN_POINT('',(35.1193738728762,38.0000004917383,5.));
#13961=CARTESIAN_POINT('',(35.1193738728762,20.2593165630317,5.));
#13962=CARTESIAN_POINT('',(35.1193738728762,38.0000004917383,3.));
#13963=CARTESIAN_POINT('',(35.1193738728762,38.0000004917383,5.));
#13964=CARTESIAN_POINT('',(35.1193738728762,38.0000004917383,3.));
#13965=CARTESIAN_POINT('Origin',(35.4877234250307,38.0000004917383,5.));
#13966=CARTESIAN_POINT('',(40.3605728791765,38.0000004917383,5.));
#13967=CARTESIAN_POINT('',(35.4877234250307,38.0000004917383,3.));
#13968=CARTESIAN_POINT('Origin',(28.6763299629092,39.0835612267256,3.));
#13969=CARTESIAN_POINT('Origin',(29.712824895978,40.5538887530565,5.));
#13970=CARTESIAN_POINT('',(29.712824895978,40.5538887530565,5.));
#13971=CARTESIAN_POINT('',(29.712824895978,38.0000004917383,5.));
#13972=CARTESIAN_POINT('',(29.712824895978,21.5362606936908,5.));
#13973=CARTESIAN_POINT('',(29.712824895978,40.5538887530565,3.));
#13974=CARTESIAN_POINT('',(29.712824895978,40.5538887530565,5.));
#13975=CARTESIAN_POINT('',(29.712824895978,38.0000004917383,3.));
#13976=CARTESIAN_POINT('',(29.712824895978,40.5538887530565,3.));
#13977=CARTESIAN_POINT('',(29.712824895978,38.0000004917383,5.));
#13978=CARTESIAN_POINT('Origin',(30.5804920941591,38.0000004917383,5.));
#13979=CARTESIAN_POINT('',(30.5804920941591,38.0000004917383,5.));
#13980=CARTESIAN_POINT('',(36.74221694141,19.8636035069796,5.));
#13981=CARTESIAN_POINT('',(30.5804920941591,38.0000004917383,3.));
#13982=CARTESIAN_POINT('',(30.5804920941591,38.0000004917383,5.));
#13983=CARTESIAN_POINT('',(30.5804920941591,38.0000004917383,3.));
#13984=CARTESIAN_POINT('Origin',(30.9386087208986,38.0000004917383,5.));
#13985=CARTESIAN_POINT('',(30.9386087208986,38.0000004917383,5.));
#13986=CARTESIAN_POINT('',(38.0860155271104,38.0000004917383,5.));
#13987=CARTESIAN_POINT('',(30.9386087208986,38.0000004917383,3.));
#13988=CARTESIAN_POINT('',(30.9386087208986,38.0000004917383,5.));
#13989=CARTESIAN_POINT('',(30.9386087208986,38.0000004917383,3.));
#13990=CARTESIAN_POINT('Origin',(31.8103671818972,40.5109146982431,5.));
#13991=CARTESIAN_POINT('',(31.8103671818972,40.5109146982431,5.));
#13992=CARTESIAN_POINT('',(26.6465827421974,25.6377356136155,5.));
#13993=CARTESIAN_POINT('',(31.8103671818972,40.5109146982431,3.));
#13994=CARTESIAN_POINT('',(31.8103671818972,40.5109146982431,5.));
#13995=CARTESIAN_POINT('',(31.8103671818972,40.5109146982431,3.));
#13996=CARTESIAN_POINT('Origin',(31.8103671818972,38.0000004917383,5.));
#13997=CARTESIAN_POINT('',(31.8103671818972,38.0000004917383,5.));
#13998=CARTESIAN_POINT('',(31.8103671818972,20.2593165630317,5.));
#13999=CARTESIAN_POINT('',(31.8103671818972,38.0000004917383,3.));
#14000=CARTESIAN_POINT('',(31.8103671818972,38.0000004917383,5.));
#14001=CARTESIAN_POINT('',(31.8103671818972,38.0000004917383,3.));
#14002=CARTESIAN_POINT('Origin',(32.1930409222841,38.0000004917383,5.));
#14003=CARTESIAN_POINT('',(32.1930409222841,38.0000004917383,5.));
#14004=CARTESIAN_POINT('',(38.7132316278032,38.0000004917383,5.));
#14005=CARTESIAN_POINT('',(32.1930409222841,38.0000004917383,3.));
#14006=CARTESIAN_POINT('',(32.1930409222841,38.0000004917383,5.));
#14007=CARTESIAN_POINT('',(32.1930409222841,38.0000004917383,3.));
#14008=CARTESIAN_POINT('Origin',(32.1930409222841,41.0000006109476,5.));
#14009=CARTESIAN_POINT('',(32.1930409222841,41.0000006109476,5.));
#14010=CARTESIAN_POINT('',(32.1930409222841,21.7593166226363,5.));
#14011=CARTESIAN_POINT('',(32.1930409222841,41.0000006109476,3.));
#14012=CARTESIAN_POINT('',(32.1930409222841,41.0000006109476,5.));
#14013=CARTESIAN_POINT('',(32.1930409222841,41.0000006109476,3.));
#14014=CARTESIAN_POINT('Origin',(31.6589356213808,41.0000006109476,5.));
#14015=CARTESIAN_POINT('',(31.6589356213808,41.0000006109476,5.));
#14016=CARTESIAN_POINT('',(38.4461789773515,41.0000006109476,5.));
#14017=CARTESIAN_POINT('',(31.6589356213808,41.0000006109476,3.));
#14018=CARTESIAN_POINT('',(31.6589356213808,41.0000006109476,5.));
#14019=CARTESIAN_POINT('',(31.6589356213808,41.0000006109476,3.));
#14020=CARTESIAN_POINT('Origin',(30.9406543523073,38.912687972188,5.));
#14021=CARTESIAN_POINT('',(30.9406543523073,38.912687972188,5.));
#14022=CARTESIAN_POINT('',(26.098394023244,24.8411652690336,5.));
#14023=CARTESIAN_POINT('',(30.9406543523073,38.912687972188,3.));
#14024=CARTESIAN_POINT('',(30.9406543523073,38.912687972188,5.));
#14025=CARTESIAN_POINT('',(30.9406543523073,38.912687972188,3.));
#14026=CARTESIAN_POINT('Ctrl Pts',(30.7810354977846,38.4317875653505,5.));
#14027=CARTESIAN_POINT('Ctrl Pts',(30.7810354977846,38.4317875653505,3.));
#14028=CARTESIAN_POINT('Ctrl Pts',(30.8026911646623,38.4992047842836,5.));
#14029=CARTESIAN_POINT('Ctrl Pts',(30.8026911646623,38.4992047842836,3.));
#14030=CARTESIAN_POINT('Ctrl Pts',(30.8543472843024,38.6600177459288,5.));
#14031=CARTESIAN_POINT('Ctrl Pts',(30.8543472843024,38.6600177459288,3.));
#14032=CARTESIAN_POINT('Ctrl Pts',(30.9089453172528,38.8198574630897,5.));
#14033=CARTESIAN_POINT('Ctrl Pts',(30.9089453172528,38.8198574630897,3.));
#14034=CARTESIAN_POINT('Ctrl Pts',(30.9406543523073,38.912687972188,5.));
#14035=CARTESIAN_POINT('Ctrl Pts',(30.9406543523073,38.912687972188,3.));
#14036=CARTESIAN_POINT('',(30.7810354977846,38.4317875653505,5.));
#14037=CARTESIAN_POINT('Ctrl Pts',(30.7810354977846,38.4317875653505,5.));
#14038=CARTESIAN_POINT('Ctrl Pts',(30.8026911646623,38.4992047842836,5.));
#14039=CARTESIAN_POINT('Ctrl Pts',(30.8543472843024,38.6600177459288,5.));
#14040=CARTESIAN_POINT('Ctrl Pts',(30.9089453172528,38.8198574630897,5.));
#14041=CARTESIAN_POINT('Ctrl Pts',(30.9406543523073,38.912687972188,5.));
#14042=CARTESIAN_POINT('',(30.7810354977846,38.4317875653505,3.));
#14043=CARTESIAN_POINT('',(30.7810354977846,38.4317875653505,5.));
#14044=CARTESIAN_POINT('Ctrl Pts',(30.7810354977846,38.4317875653505,3.));
#14045=CARTESIAN_POINT('Ctrl Pts',(30.8026911646623,38.4992047842836,3.));
#14046=CARTESIAN_POINT('Ctrl Pts',(30.8543472843024,38.6600177459288,3.));
#14047=CARTESIAN_POINT('Ctrl Pts',(30.9089453172528,38.8198574630897,3.));
#14048=CARTESIAN_POINT('Ctrl Pts',(30.9406543523073,38.912687972188,3.));
#14049=CARTESIAN_POINT('Ctrl Pts',(30.6377888470888,38.8758531957865,5.));
#14050=CARTESIAN_POINT('Ctrl Pts',(30.6377888470888,38.8758531957865,3.));
#14051=CARTESIAN_POINT('Ctrl Pts',(30.6663639418399,38.7894792011008,5.));
#14052=CARTESIAN_POINT('Ctrl Pts',(30.6663639418399,38.7894792011008,3.));
#14053=CARTESIAN_POINT('Ctrl Pts',(30.715216565962,38.6418122788017,5.));
#14054=CARTESIAN_POINT('Ctrl Pts',(30.715216565962,38.6418122788017,3.));
#14055=CARTESIAN_POINT('Ctrl Pts',(30.7617292290182,38.4933928429385,5.));
#14056=CARTESIAN_POINT('Ctrl Pts',(30.7617292290182,38.4933928429385,3.));
#14057=CARTESIAN_POINT('Ctrl Pts',(30.7810354977846,38.4317875653505,5.));
#14058=CARTESIAN_POINT('Ctrl Pts',(30.7810354977846,38.4317875653505,3.));
#14059=CARTESIAN_POINT('',(30.6377888470888,38.8758531957865,5.));
#14060=CARTESIAN_POINT('Ctrl Pts',(30.6377888470888,38.8758531957865,5.));
#14061=CARTESIAN_POINT('Ctrl Pts',(30.6663639418399,38.7894792011008,5.));
#14062=CARTESIAN_POINT('Ctrl Pts',(30.715216565962,38.6418122788017,5.));
#14063=CARTESIAN_POINT('Ctrl Pts',(30.7617292290182,38.4933928429385,5.));
#14064=CARTESIAN_POINT('Ctrl Pts',(30.7810354977846,38.4317875653505,5.));
#14065=CARTESIAN_POINT('',(30.6377888470888,38.8758531957865,3.));
#14066=CARTESIAN_POINT('',(30.6377888470888,38.8758531957865,5.));
#14067=CARTESIAN_POINT('Ctrl Pts',(30.6377888470888,38.8758531957865,3.));
#14068=CARTESIAN_POINT('Ctrl Pts',(30.6663639418399,38.7894792011008,3.));
#14069=CARTESIAN_POINT('Ctrl Pts',(30.715216565962,38.6418122788017,3.));
#14070=CARTESIAN_POINT('Ctrl Pts',(30.7617292290182,38.4933928429385,3.));
#14071=CARTESIAN_POINT('Ctrl Pts',(30.7810354977846,38.4317875653505,3.));
#14072=CARTESIAN_POINT('Origin',(29.9276948720217,41.0000006109476,5.));
#14073=CARTESIAN_POINT('',(29.9276948720217,41.0000006109476,5.));
#14074=CARTESIAN_POINT('',(36.4824916513764,21.3922372378583,5.));
#14075=CARTESIAN_POINT('',(29.9276948720217,41.0000006109476,3.));
#14076=CARTESIAN_POINT('',(29.9276948720217,41.0000006109476,5.));
#14077=CARTESIAN_POINT('',(29.9276948720217,41.0000006109476,3.));
#14078=CARTESIAN_POINT('Origin',(29.3301499634981,41.0000006109476,5.));
#14079=CARTESIAN_POINT('',(29.3301499634981,41.0000006109476,5.));
#14080=CARTESIAN_POINT('',(37.2817861484102,41.0000006109476,5.));
#14081=CARTESIAN_POINT('',(29.3301499634981,41.0000006109476,3.));
#14082=CARTESIAN_POINT('',(29.3301499634981,41.0000006109476,5.));
#14083=CARTESIAN_POINT('',(29.3301499634981,41.0000006109476,3.));
#14084=CARTESIAN_POINT('Origin',(29.3301499634981,38.0000004917383,5.));
#14085=CARTESIAN_POINT('',(29.3301499634981,38.0000004917383,5.));
#14086=CARTESIAN_POINT('',(29.3301499634981,20.2593165630317,5.));
#14087=CARTESIAN_POINT('',(29.3301499634981,38.0000004917383,3.));
#14088=CARTESIAN_POINT('',(29.3301499634981,38.0000004917383,5.));
#14089=CARTESIAN_POINT('',(29.3301499634981,38.0000004917383,3.));
#14090=CARTESIAN_POINT('Origin',(29.712824895978,38.0000004917383,5.));
#14091=CARTESIAN_POINT('',(37.4731236146501,38.0000004917383,5.));
#14092=CARTESIAN_POINT('',(29.712824895978,38.0000004917383,3.));
#14093=CARTESIAN_POINT('Origin',(28.6763299629092,39.0835612267256,3.));
#14094=CARTESIAN_POINT('Ctrl Pts',(46.4215541630983,39.9174629896879,5.));
#14095=CARTESIAN_POINT('Ctrl Pts',(46.4215541630983,39.9174629896879,3.));
#14096=CARTESIAN_POINT('Ctrl Pts',(46.3426426385743,39.9085842930289,5.));
#14097=CARTESIAN_POINT('Ctrl Pts',(46.3426426385743,39.9085842930289,3.));
#14098=CARTESIAN_POINT('Ctrl Pts',(46.1822509756952,39.8905378932169,5.));
#14099=CARTESIAN_POINT('Ctrl Pts',(46.1822509756952,39.8905378932169,3.));
#14100=CARTESIAN_POINT('Ctrl Pts',(46.0688588775284,39.7754053674235,5.));
#14101=CARTESIAN_POINT('Ctrl Pts',(46.0688588775284,39.7754053674235,3.));
#14102=CARTESIAN_POINT('Ctrl Pts',(46.0112548619509,39.7169172018766,5.));
#14103=CARTESIAN_POINT('Ctrl Pts',(46.0112548619509,39.7169172018766,3.));
#14104=CARTESIAN_POINT('',(46.4215541630983,39.9174629896879,5.));
#14105=CARTESIAN_POINT('',(46.0112548619509,39.7169172018766,5.));
#14106=CARTESIAN_POINT('Ctrl Pts',(46.4215541630983,39.9174629896879,5.));
#14107=CARTESIAN_POINT('Ctrl Pts',(46.3426426385743,39.9085842930289,5.));
#14108=CARTESIAN_POINT('Ctrl Pts',(46.1822509756952,39.8905378932169,5.));
#14109=CARTESIAN_POINT('Ctrl Pts',(46.0688588775284,39.7754053674235,5.));
#14110=CARTESIAN_POINT('Ctrl Pts',(46.0112548619509,39.7169172018766,5.));
#14111=CARTESIAN_POINT('',(46.4215541630983,39.9174629896879,3.));
#14112=CARTESIAN_POINT('',(46.4215541630983,39.9174629896879,5.));
#14113=CARTESIAN_POINT('',(46.0112548619509,39.7169172018766,3.));
#14114=CARTESIAN_POINT('Ctrl Pts',(46.4215541630983,39.9174629896879,3.));
#14115=CARTESIAN_POINT('Ctrl Pts',(46.3426426385743,39.9085842930289,3.));
#14116=CARTESIAN_POINT('Ctrl Pts',(46.1822509756952,39.8905378932169,3.));
#14117=CARTESIAN_POINT('Ctrl Pts',(46.0688588775284,39.7754053674235,3.));
#14118=CARTESIAN_POINT('Ctrl Pts',(46.0112548619509,39.7169172018766,3.));
#14119=CARTESIAN_POINT('',(46.0112548619509,39.7169172018766,5.));
#14120=CARTESIAN_POINT('Ctrl Pts',(46.8451572209597,39.7087316960096,5.));
#14121=CARTESIAN_POINT('Ctrl Pts',(46.8451572209597,39.7087316960096,3.));
#14122=CARTESIAN_POINT('Ctrl Pts',(46.7854369242811,39.7696040229475,5.));
#14123=CARTESIAN_POINT('Ctrl Pts',(46.7854369242811,39.7696040229475,3.));
#14124=CARTESIAN_POINT('Ctrl Pts',(46.6684221404023,39.8888760724349,5.));
#14125=CARTESIAN_POINT('Ctrl Pts',(46.6684221404023,39.8888760724349,3.));
#14126=CARTESIAN_POINT('Ctrl Pts',(46.5026982931738,39.9080666291013,5.));
#14127=CARTESIAN_POINT('Ctrl Pts',(46.5026982931738,39.9080666291013,3.));
#14128=CARTESIAN_POINT('Ctrl Pts',(46.4215541630983,39.9174629896879,5.));
#14129=CARTESIAN_POINT('Ctrl Pts',(46.4215541630983,39.9174629896879,3.));
#14130=CARTESIAN_POINT('',(46.8451572209597,39.7087316960096,5.));
#14131=CARTESIAN_POINT('Ctrl Pts',(46.8451572209597,39.7087316960096,5.));
#14132=CARTESIAN_POINT('Ctrl Pts',(46.7854369242811,39.7696040229475,5.));
#14133=CARTESIAN_POINT('Ctrl Pts',(46.6684221404023,39.8888760724349,5.));
#14134=CARTESIAN_POINT('Ctrl Pts',(46.5026982931738,39.9080666291013,5.));
#14135=CARTESIAN_POINT('Ctrl Pts',(46.4215541630983,39.9174629896879,5.));
#14136=CARTESIAN_POINT('',(46.8451572209597,39.7087316960096,3.));
#14137=CARTESIAN_POINT('',(46.8451572209597,39.7087316960096,5.));
#14138=CARTESIAN_POINT('Ctrl Pts',(46.8451572209597,39.7087316960096,3.));
#14139=CARTESIAN_POINT('Ctrl Pts',(46.7854369242811,39.7696040229475,3.));
#14140=CARTESIAN_POINT('Ctrl Pts',(46.6684221404023,39.8888760724349,3.));
#14141=CARTESIAN_POINT('Ctrl Pts',(46.5026982931738,39.9080666291013,3.));
#14142=CARTESIAN_POINT('Ctrl Pts',(46.4215541630983,39.9174629896879,3.));
#14143=CARTESIAN_POINT('Ctrl Pts',(47.0170522481203,39.0538883954287,5.));
#14144=CARTESIAN_POINT('Ctrl Pts',(47.0170522481203,39.0538883954287,3.));
#14145=CARTESIAN_POINT('Ctrl Pts',(47.0146002873235,39.186217617055,5.));
#14146=CARTESIAN_POINT('Ctrl Pts',(47.0146002873235,39.186217617055,3.));
#14147=CARTESIAN_POINT('Ctrl Pts',(47.0102740337267,39.4197000494719,5.));
#14148=CARTESIAN_POINT('Ctrl Pts',(47.0102740337267,39.4197000494719,3.));
#14149=CARTESIAN_POINT('Ctrl Pts',(46.895068508373,39.6213635998107,5.));
#14150=CARTESIAN_POINT('Ctrl Pts',(46.895068508373,39.6213635998107,3.));
#14151=CARTESIAN_POINT('Ctrl Pts',(46.8451572209597,39.7087316960096,5.));
#14152=CARTESIAN_POINT('Ctrl Pts',(46.8451572209597,39.7087316960096,3.));
#14153=CARTESIAN_POINT('',(47.0170522481203,39.0538883954287,5.));
#14154=CARTESIAN_POINT('Ctrl Pts',(47.0170522481203,39.0538883954287,5.));
#14155=CARTESIAN_POINT('Ctrl Pts',(47.0146002873235,39.186217617055,5.));
#14156=CARTESIAN_POINT('Ctrl Pts',(47.0102740337267,39.4197000494719,5.));
#14157=CARTESIAN_POINT('Ctrl Pts',(46.895068508373,39.6213635998107,5.));
#14158=CARTESIAN_POINT('Ctrl Pts',(46.8451572209597,39.7087316960096,5.));
#14159=CARTESIAN_POINT('',(47.0170522481203,39.0538883954287,3.));
#14160=CARTESIAN_POINT('',(47.0170522481203,39.0538883954287,5.));
#14161=CARTESIAN_POINT('Ctrl Pts',(47.0170522481203,39.0538883954287,3.));
#14162=CARTESIAN_POINT('Ctrl Pts',(47.0146002873235,39.186217617055,3.));
#14163=CARTESIAN_POINT('Ctrl Pts',(47.0102740337267,39.4197000494719,3.));
#14164=CARTESIAN_POINT('Ctrl Pts',(46.895068508373,39.6213635998107,3.));
#14165=CARTESIAN_POINT('Ctrl Pts',(46.8451572209597,39.7087316960096,3.));
#14166=CARTESIAN_POINT('Ctrl Pts',(46.8482256680727,38.4512282162905,5.));
#14167=CARTESIAN_POINT('Ctrl Pts',(46.8482256680727,38.4512282162905,3.));
#14168=CARTESIAN_POINT('Ctrl Pts',(46.8972864496751,38.5322846661922,5.));
#14169=CARTESIAN_POINT('Ctrl Pts',(46.8972864496751,38.5322846661922,3.));
#14170=CARTESIAN_POINT('Ctrl Pts',(47.0087500898294,38.7164408632388,5.));
#14171=CARTESIAN_POINT('Ctrl Pts',(47.0087500898294,38.7164408632388,3.));
#14172=CARTESIAN_POINT('Ctrl Pts',(47.0140724997884,38.9327742602926,5.));
#14173=CARTESIAN_POINT('Ctrl Pts',(47.0140724997884,38.9327742602926,3.));
#14174=CARTESIAN_POINT('Ctrl Pts',(47.0170522481203,39.0538883954287,5.));
#14175=CARTESIAN_POINT('Ctrl Pts',(47.0170522481203,39.0538883954287,3.));
#14176=CARTESIAN_POINT('',(46.8482256680727,38.4512282162905,5.));
#14177=CARTESIAN_POINT('Ctrl Pts',(46.8482256680727,38.4512282162905,5.));
#14178=CARTESIAN_POINT('Ctrl Pts',(46.8972864496751,38.5322846661922,5.));
#14179=CARTESIAN_POINT('Ctrl Pts',(47.0087500898294,38.7164408632388,5.));
#14180=CARTESIAN_POINT('Ctrl Pts',(47.0140724997884,38.9327742602926,5.));
#14181=CARTESIAN_POINT('Ctrl Pts',(47.0170522481203,39.0538883954287,5.));
#14182=CARTESIAN_POINT('',(46.8482256680727,38.4512282162905,3.));
#14183=CARTESIAN_POINT('',(46.8482256680727,38.4512282162905,5.));
#14184=CARTESIAN_POINT('Ctrl Pts',(46.8482256680727,38.4512282162905,3.));
#14185=CARTESIAN_POINT('Ctrl Pts',(46.8972864496751,38.5322846661922,3.));
#14186=CARTESIAN_POINT('Ctrl Pts',(47.0087500898294,38.7164408632388,3.));
#14187=CARTESIAN_POINT('Ctrl Pts',(47.0140724997884,38.9327742602926,3.));
#14188=CARTESIAN_POINT('Ctrl Pts',(47.0170522481203,39.0538883954287,3.));
#14189=CARTESIAN_POINT('Ctrl Pts',(46.4379263669252,38.2537520676851,5.));
#14190=CARTESIAN_POINT('Ctrl Pts',(46.4379263669252,38.2537520676851,3.));
#14191=CARTESIAN_POINT('Ctrl Pts',(46.5159560111503,38.2626515588698,5.));
#14192=CARTESIAN_POINT('Ctrl Pts',(46.5159560111503,38.2626515588698,3.));
#14193=CARTESIAN_POINT('Ctrl Pts',(46.6753698451831,38.2808331362021,5.));
#14194=CARTESIAN_POINT('Ctrl Pts',(46.6753698451831,38.2808331362021,3.));
#14195=CARTESIAN_POINT('Ctrl Pts',(46.7898043784166,38.3936386010643,5.));
#14196=CARTESIAN_POINT('Ctrl Pts',(46.7898043784166,38.3936386010643,3.));
#14197=CARTESIAN_POINT('Ctrl Pts',(46.8482256680727,38.4512282162905,5.));
#14198=CARTESIAN_POINT('Ctrl Pts',(46.8482256680727,38.4512282162905,3.));
#14199=CARTESIAN_POINT('',(46.4379263669252,38.2537520676851,5.));
#14200=CARTESIAN_POINT('Ctrl Pts',(46.4379263669252,38.2537520676851,5.));
#14201=CARTESIAN_POINT('Ctrl Pts',(46.5159560111503,38.2626515588698,5.));
#14202=CARTESIAN_POINT('Ctrl Pts',(46.6753698451831,38.2808331362021,5.));
#14203=CARTESIAN_POINT('Ctrl Pts',(46.7898043784166,38.3936386010643,5.));
#14204=CARTESIAN_POINT('Ctrl Pts',(46.8482256680727,38.4512282162905,5.));
#14205=CARTESIAN_POINT('',(46.4379263669252,38.2537520676851,3.));
#14206=CARTESIAN_POINT('',(46.4379263669252,38.2537520676851,5.));
#14207=CARTESIAN_POINT('Ctrl Pts',(46.4379263669252,38.2537520676851,3.));
#14208=CARTESIAN_POINT('Ctrl Pts',(46.5159560111503,38.2626515588698,3.));
#14209=CARTESIAN_POINT('Ctrl Pts',(46.6753698451831,38.2808331362021,3.));
#14210=CARTESIAN_POINT('Ctrl Pts',(46.7898043784166,38.3936386010643,3.));
#14211=CARTESIAN_POINT('Ctrl Pts',(46.8482256680727,38.4512282162905,3.));
#14212=CARTESIAN_POINT('Ctrl Pts',(46.0225106030703,38.4604371339083,5.));
#14213=CARTESIAN_POINT('Ctrl Pts',(46.0225106030703,38.4604371339083,3.));
#14214=CARTESIAN_POINT('Ctrl Pts',(46.0822763589898,38.4001772855258,5.));
#14215=CARTESIAN_POINT('Ctrl Pts',(46.0822763589898,38.4001772855258,3.));
#14216=CARTESIAN_POINT('Ctrl Pts',(46.1976423588443,38.2838575376575,5.));
#14217=CARTESIAN_POINT('Ctrl Pts',(46.1976423588443,38.2838575376575,3.));
#14218=CARTESIAN_POINT('Ctrl Pts',(46.3597831664498,38.2635427224784,5.));
#14219=CARTESIAN_POINT('Ctrl Pts',(46.3597831664498,38.2635427224784,3.));
#14220=CARTESIAN_POINT('Ctrl Pts',(46.4379263669252,38.2537520676851,5.));
#14221=CARTESIAN_POINT('Ctrl Pts',(46.4379263669252,38.2537520676851,3.));
#14222=CARTESIAN_POINT('',(46.0225106030703,38.4604371339083,5.));
#14223=CARTESIAN_POINT('Ctrl Pts',(46.0225106030703,38.4604371339083,5.));
#14224=CARTESIAN_POINT('Ctrl Pts',(46.0822763589898,38.4001772855258,5.));
#14225=CARTESIAN_POINT('Ctrl Pts',(46.1976423588443,38.2838575376575,5.));
#14226=CARTESIAN_POINT('Ctrl Pts',(46.3597831664498,38.2635427224784,5.));
#14227=CARTESIAN_POINT('Ctrl Pts',(46.4379263669252,38.2537520676851,5.));
#14228=CARTESIAN_POINT('',(46.0225106030703,38.4604371339083,3.));
#14229=CARTESIAN_POINT('',(46.0225106030703,38.4604371339083,5.));
#14230=CARTESIAN_POINT('Ctrl Pts',(46.0225106030703,38.4604371339083,3.));
#14231=CARTESIAN_POINT('Ctrl Pts',(46.0822763589898,38.4001772855258,3.));
#14232=CARTESIAN_POINT('Ctrl Pts',(46.1976423588443,38.2838575376575,3.));
#14233=CARTESIAN_POINT('Ctrl Pts',(46.3597831664498,38.2635427224784,3.));
#14234=CARTESIAN_POINT('Ctrl Pts',(46.4379263669252,38.2537520676851,3.));
#14235=CARTESIAN_POINT('Ctrl Pts',(45.8465195447206,39.0845841914415,5.));
#14236=CARTESIAN_POINT('Ctrl Pts',(45.8465195447206,39.0845841914415,3.));
#14237=CARTESIAN_POINT('Ctrl Pts',(45.8497802877298,38.959524466056,5.));
#14238=CARTESIAN_POINT('Ctrl Pts',(45.8497802877298,38.959524466056,3.));
#14239=CARTESIAN_POINT('Ctrl Pts',(45.8556239129009,38.7354031056425,5.));
#14240=CARTESIAN_POINT('Ctrl Pts',(45.8556239129009,38.7354031056425,3.));
#14241=CARTESIAN_POINT('Ctrl Pts',(45.9713567099949,38.5447193490039,5.));
#14242=CARTESIAN_POINT('Ctrl Pts',(45.9713567099949,38.5447193490039,3.));
#14243=CARTESIAN_POINT('Ctrl Pts',(46.0225106030703,38.4604371339083,5.));
#14244=CARTESIAN_POINT('Ctrl Pts',(46.0225106030703,38.4604371339083,3.));
#14245=CARTESIAN_POINT('',(45.8465195447206,39.0845841914415,5.));
#14246=CARTESIAN_POINT('Ctrl Pts',(45.8465195447206,39.0845841914415,5.));
#14247=CARTESIAN_POINT('Ctrl Pts',(45.8497802877298,38.959524466056,5.));
#14248=CARTESIAN_POINT('Ctrl Pts',(45.8556239129009,38.7354031056425,5.));
#14249=CARTESIAN_POINT('Ctrl Pts',(45.9713567099949,38.5447193490039,5.));
#14250=CARTESIAN_POINT('Ctrl Pts',(46.0225106030703,38.4604371339083,5.));
#14251=CARTESIAN_POINT('',(45.8465195447206,39.0845841914415,3.));
#14252=CARTESIAN_POINT('',(45.8465195447206,39.0845841914415,5.));
#14253=CARTESIAN_POINT('Ctrl Pts',(45.8465195447206,39.0845841914415,3.));
#14254=CARTESIAN_POINT('Ctrl Pts',(45.8497802877298,38.959524466056,3.));
#14255=CARTESIAN_POINT('Ctrl Pts',(45.8556239129009,38.7354031056425,3.));
#14256=CARTESIAN_POINT('Ctrl Pts',(45.9713567099949,38.5447193490039,3.));
#14257=CARTESIAN_POINT('Ctrl Pts',(46.0225106030703,38.4604371339083,3.));
#14258=CARTESIAN_POINT('Ctrl Pts',(46.0112548619509,39.7169172018766,5.));
#14259=CARTESIAN_POINT('Ctrl Pts',(46.0112548619509,39.7169172018766,3.));
#14260=CARTESIAN_POINT('Ctrl Pts',(45.9634296547164,39.6326930862827,5.));
#14261=CARTESIAN_POINT('Ctrl Pts',(45.9634296547164,39.6326930862827,3.));
#14262=CARTESIAN_POINT('Ctrl Pts',(45.852772733094,39.4378171642126,5.));
#14263=CARTESIAN_POINT('Ctrl Pts',(45.852772733094,39.4378171642126,3.));
#14264=CARTESIAN_POINT('Ctrl Pts',(45.8487842379877,39.2125132233825,5.));
#14265=CARTESIAN_POINT('Ctrl Pts',(45.8487842379877,39.2125132233825,3.));
#14266=CARTESIAN_POINT('Ctrl Pts',(45.8465195447206,39.0845841914415,5.));
#14267=CARTESIAN_POINT('Ctrl Pts',(45.8465195447206,39.0845841914415,3.));
#14268=CARTESIAN_POINT('Ctrl Pts',(46.0112548619509,39.7169172018766,5.));
#14269=CARTESIAN_POINT('Ctrl Pts',(45.9634296547164,39.6326930862827,5.));
#14270=CARTESIAN_POINT('Ctrl Pts',(45.852772733094,39.4378171642126,5.));
#14271=CARTESIAN_POINT('Ctrl Pts',(45.8487842379877,39.2125132233825,5.));
#14272=CARTESIAN_POINT('Ctrl Pts',(45.8465195447206,39.0845841914415,5.));
#14273=CARTESIAN_POINT('Ctrl Pts',(46.0112548619509,39.7169172018766,3.));
#14274=CARTESIAN_POINT('Ctrl Pts',(45.9634296547164,39.6326930862827,3.));
#14275=CARTESIAN_POINT('Ctrl Pts',(45.852772733094,39.4378171642126,3.));
#14276=CARTESIAN_POINT('Ctrl Pts',(45.8487842379877,39.2125132233825,3.));
#14277=CARTESIAN_POINT('Ctrl Pts',(45.8465195447206,39.0845841914415,3.));
#14278=CARTESIAN_POINT('Origin',(47.3526597768068,41.0000003129244,5.));
#14279=CARTESIAN_POINT('',(47.3526597768068,41.0000003129244,5.));
#14280=CARTESIAN_POINT('',(47.3526597768068,38.0000004917383,5.));
#14281=CARTESIAN_POINT('',(47.3526597768068,21.7593164736247,5.));
#14282=CARTESIAN_POINT('',(47.3526597768068,41.0000003129244,3.));
#14283=CARTESIAN_POINT('',(47.3526597768068,41.0000003129244,5.));
#14284=CARTESIAN_POINT('',(47.3526597768068,38.0000004917383,3.));
#14285=CARTESIAN_POINT('',(47.3526597768068,41.0000003129244,3.));
#14286=CARTESIAN_POINT('',(47.3526597768068,38.0000004917383,5.));
#14287=CARTESIAN_POINT('Origin',(46.986355856061,41.0000003129244,5.));
#14288=CARTESIAN_POINT('',(46.986355856061,41.0000003129244,5.));
#14289=CARTESIAN_POINT('',(46.1098890946916,41.0000003129244,5.));
#14290=CARTESIAN_POINT('',(46.986355856061,41.0000003129244,3.));
#14291=CARTESIAN_POINT('',(46.986355856061,41.0000003129244,5.));
#14292=CARTESIAN_POINT('',(46.986355856061,41.0000003129244,3.));
#14293=CARTESIAN_POINT('Origin',(46.986355856061,39.9236021190882,5.));
#14294=CARTESIAN_POINT('',(46.986355856061,39.9236021190882,5.));
#14295=CARTESIAN_POINT('',(46.986355856061,21.2211173767066,5.));
#14296=CARTESIAN_POINT('',(46.986355856061,39.9236021190882,3.));
#14297=CARTESIAN_POINT('',(46.986355856061,39.9236021190882,5.));
#14298=CARTESIAN_POINT('',(46.986355856061,39.9236021190882,3.));
#14299=CARTESIAN_POINT('Ctrl Pts',(46.7366982251406,40.1394956558943,5.));
#14300=CARTESIAN_POINT('Ctrl Pts',(46.7366982251406,40.1394956558943,3.));
#14301=CARTESIAN_POINT('Ctrl Pts',(46.7852088739064,40.1101404581259,5.));
#14302=CARTESIAN_POINT('Ctrl Pts',(46.7852088739064,40.1101404581259,3.));
#14303=CARTESIAN_POINT('Ctrl Pts',(46.8807230600149,40.0523420593366,5.));
#14304=CARTESIAN_POINT('Ctrl Pts',(46.8807230600149,40.0523420593366,3.));
#14305=CARTESIAN_POINT('Ctrl Pts',(46.9515172763158,39.9660616282806,5.));
#14306=CARTESIAN_POINT('Ctrl Pts',(46.9515172763158,39.9660616282806,3.));
#14307=CARTESIAN_POINT('Ctrl Pts',(46.986355856061,39.9236021190882,5.));
#14308=CARTESIAN_POINT('Ctrl Pts',(46.986355856061,39.9236021190882,3.));
#14309=CARTESIAN_POINT('',(46.7366982251406,40.1394956558943,5.));
#14310=CARTESIAN_POINT('Ctrl Pts',(46.7366982251406,40.1394956558943,5.));
#14311=CARTESIAN_POINT('Ctrl Pts',(46.7852088739064,40.1101404581259,5.));
#14312=CARTESIAN_POINT('Ctrl Pts',(46.8807230600149,40.0523420593366,5.));
#14313=CARTESIAN_POINT('Ctrl Pts',(46.9515172763158,39.9660616282806,5.));
#14314=CARTESIAN_POINT('Ctrl Pts',(46.986355856061,39.9236021190882,5.));
#14315=CARTESIAN_POINT('',(46.7366982251406,40.1394956558943,3.));
#14316=CARTESIAN_POINT('',(46.7366982251406,40.1394956558943,5.));
#14317=CARTESIAN_POINT('Ctrl Pts',(46.7366982251406,40.1394956558943,3.));
#14318=CARTESIAN_POINT('Ctrl Pts',(46.7852088739064,40.1101404581259,3.));
#14319=CARTESIAN_POINT('Ctrl Pts',(46.8807230600149,40.0523420593366,3.));
#14320=CARTESIAN_POINT('Ctrl Pts',(46.9515172763158,39.9660616282806,3.));
#14321=CARTESIAN_POINT('Ctrl Pts',(46.986355856061,39.9236021190882,3.));
#14322=CARTESIAN_POINT('Ctrl Pts',(46.3867665082216,40.2223742753267,5.));
#14323=CARTESIAN_POINT('Ctrl Pts',(46.3867665082216,40.2223742753267,3.));
#14324=CARTESIAN_POINT('Ctrl Pts',(46.4496101625674,40.2193711271725,5.));
#14325=CARTESIAN_POINT('Ctrl Pts',(46.4496101625674,40.2193711271725,3.));
#14326=CARTESIAN_POINT('Ctrl Pts',(46.571507761338,40.2135459320504,5.));
#14327=CARTESIAN_POINT('Ctrl Pts',(46.571507761338,40.2135459320504,3.));
#14328=CARTESIAN_POINT('Ctrl Pts',(46.6827879445392,40.1636621306065,5.));
#14329=CARTESIAN_POINT('Ctrl Pts',(46.6827879445392,40.1636621306065,3.));
#14330=CARTESIAN_POINT('Ctrl Pts',(46.7366982251406,40.1394956558943,5.));
#14331=CARTESIAN_POINT('Ctrl Pts',(46.7366982251406,40.1394956558943,3.));
#14332=CARTESIAN_POINT('',(46.3867665082216,40.2223742753267,5.));
#14333=CARTESIAN_POINT('Ctrl Pts',(46.3867665082216,40.2223742753267,5.));
#14334=CARTESIAN_POINT('Ctrl Pts',(46.4496101625674,40.2193711271725,5.));
#14335=CARTESIAN_POINT('Ctrl Pts',(46.571507761338,40.2135459320504,5.));
#14336=CARTESIAN_POINT('Ctrl Pts',(46.6827879445392,40.1636621306065,5.));
#14337=CARTESIAN_POINT('Ctrl Pts',(46.7366982251406,40.1394956558943,5.));
#14338=CARTESIAN_POINT('',(46.3867665082216,40.2223742753267,3.));
#14339=CARTESIAN_POINT('',(46.3867665082216,40.2223742753267,5.));
#14340=CARTESIAN_POINT('Ctrl Pts',(46.3867665082216,40.2223742753267,3.));
#14341=CARTESIAN_POINT('Ctrl Pts',(46.4496101625674,40.2193711271725,3.));
#14342=CARTESIAN_POINT('Ctrl Pts',(46.571507761338,40.2135459320504,3.));
#14343=CARTESIAN_POINT('Ctrl Pts',(46.6827879445392,40.1636621306065,3.));
#14344=CARTESIAN_POINT('Ctrl Pts',(46.7366982251406,40.1394956558943,3.));
#14345=CARTESIAN_POINT('Ctrl Pts',(45.9017730504274,40.0811737030745,5.));
#14346=CARTESIAN_POINT('Ctrl Pts',(45.9017730504274,40.0811737030745,3.));
#14347=CARTESIAN_POINT('Ctrl Pts',(45.9766205392201,40.122356203456,5.));
#14348=CARTESIAN_POINT('Ctrl Pts',(45.9766205392201,40.122356203456,3.));
#14349=CARTESIAN_POINT('Ctrl Pts',(46.1277278292207,40.2054982851542,5.));
#14350=CARTESIAN_POINT('Ctrl Pts',(46.1277278292207,40.2054982851542,3.));
#14351=CARTESIAN_POINT('Ctrl Pts',(46.2998839340514,40.216714002994,5.));
#14352=CARTESIAN_POINT('Ctrl Pts',(46.2998839340514,40.216714002994,3.));
#14353=CARTESIAN_POINT('Ctrl Pts',(46.3867665082216,40.2223742753267,5.));
#14354=CARTESIAN_POINT('Ctrl Pts',(46.3867665082216,40.2223742753267,3.));
#14355=CARTESIAN_POINT('',(45.9017730504274,40.0811737030745,5.));
#14356=CARTESIAN_POINT('Ctrl Pts',(45.9017730504274,40.0811737030745,5.));
#14357=CARTESIAN_POINT('Ctrl Pts',(45.9766205392201,40.122356203456,5.));
#14358=CARTESIAN_POINT('Ctrl Pts',(46.1277278292207,40.2054982851542,5.));
#14359=CARTESIAN_POINT('Ctrl Pts',(46.2998839340514,40.216714002994,5.));
#14360=CARTESIAN_POINT('Ctrl Pts',(46.3867665082216,40.2223742753267,5.));
#14361=CARTESIAN_POINT('',(45.9017730504274,40.0811737030745,3.));
#14362=CARTESIAN_POINT('',(45.9017730504274,40.0811737030745,5.));
#14363=CARTESIAN_POINT('Ctrl Pts',(45.9017730504274,40.0811737030745,3.));
#14364=CARTESIAN_POINT('Ctrl Pts',(45.9766205392201,40.122356203456,3.));
#14365=CARTESIAN_POINT('Ctrl Pts',(46.1277278292207,40.2054982851542,3.));
#14366=CARTESIAN_POINT('Ctrl Pts',(46.2998839340514,40.216714002994,3.));
#14367=CARTESIAN_POINT('Ctrl Pts',(46.3867665082216,40.2223742753267,3.));
#14368=CARTESIAN_POINT('Ctrl Pts',(45.576398447156,39.6749664098024,5.));
#14369=CARTESIAN_POINT('Ctrl Pts',(45.576398447156,39.6749664098024,3.));
#14370=CARTESIAN_POINT('Ctrl Pts',(45.6160450175628,39.7574641237647,5.));
#14371=CARTESIAN_POINT('Ctrl Pts',(45.6160450175628,39.7574641237647,3.));
#14372=CARTESIAN_POINT('Ctrl Pts',(45.6932510209263,39.9181165765822,5.));
#14373=CARTESIAN_POINT('Ctrl Pts',(45.6932510209263,39.9181165765822,3.));
#14374=CARTESIAN_POINT('Ctrl Pts',(45.833529775813,40.0278097861412,5.));
#14375=CARTESIAN_POINT('Ctrl Pts',(45.833529775813,40.0278097861412,3.));
#14376=CARTESIAN_POINT('Ctrl Pts',(45.9017730504274,40.0811737030745,5.));
#14377=CARTESIAN_POINT('Ctrl Pts',(45.9017730504274,40.0811737030745,3.));
#14378=CARTESIAN_POINT('',(45.576398447156,39.6749664098024,5.));
#14379=CARTESIAN_POINT('Ctrl Pts',(45.576398447156,39.6749664098024,5.));
#14380=CARTESIAN_POINT('Ctrl Pts',(45.6160450175628,39.7574641237647,5.));
#14381=CARTESIAN_POINT('Ctrl Pts',(45.6932510209263,39.9181165765822,5.));
#14382=CARTESIAN_POINT('Ctrl Pts',(45.833529775813,40.0278097861412,5.));
#14383=CARTESIAN_POINT('Ctrl Pts',(45.9017730504274,40.0811737030745,5.));
#14384=CARTESIAN_POINT('',(45.576398447156,39.6749664098024,3.));
#14385=CARTESIAN_POINT('',(45.576398447156,39.6749664098024,5.));
#14386=CARTESIAN_POINT('Ctrl Pts',(45.576398447156,39.6749664098024,3.));
#14387=CARTESIAN_POINT('Ctrl Pts',(45.6160450175628,39.7574641237647,3.));
#14388=CARTESIAN_POINT('Ctrl Pts',(45.6932510209263,39.9181165765822,3.));
#14389=CARTESIAN_POINT('Ctrl Pts',(45.833529775813,40.0278097861412,3.));
#14390=CARTESIAN_POINT('Ctrl Pts',(45.9017730504274,40.0811737030745,3.));
#14391=CARTESIAN_POINT('Ctrl Pts',(45.4679394513369,39.0845841914415,5.));
#14392=CARTESIAN_POINT('Ctrl Pts',(45.4679394513369,39.0845841914415,3.));
#14393=CARTESIAN_POINT('Ctrl Pts',(45.4718354385397,39.188973745769,5.));
#14394=CARTESIAN_POINT('Ctrl Pts',(45.4718354385397,39.188973745769,3.));
#14395=CARTESIAN_POINT('Ctrl Pts',(45.4793798163475,39.3911187211077,5.));
#14396=CARTESIAN_POINT('Ctrl Pts',(45.4793798163475,39.3911187211077,3.));
#14397=CARTESIAN_POINT('Ctrl Pts',(45.5447742905492,39.5824435233737,5.));
#14398=CARTESIAN_POINT('Ctrl Pts',(45.5447742905492,39.5824435233737,3.));
#14399=CARTESIAN_POINT('Ctrl Pts',(45.576398447156,39.6749664098024,5.));
#14400=CARTESIAN_POINT('Ctrl Pts',(45.576398447156,39.6749664098024,3.));
#14401=CARTESIAN_POINT('',(45.4679394513369,39.0845841914415,5.));
#14402=CARTESIAN_POINT('Ctrl Pts',(45.4679394513369,39.0845841914415,5.));
#14403=CARTESIAN_POINT('Ctrl Pts',(45.4718354385397,39.188973745769,5.));
#14404=CARTESIAN_POINT('Ctrl Pts',(45.4793798163475,39.3911187211077,5.));
#14405=CARTESIAN_POINT('Ctrl Pts',(45.5447742905492,39.5824435233737,5.));
#14406=CARTESIAN_POINT('Ctrl Pts',(45.576398447156,39.6749664098024,5.));
#14407=CARTESIAN_POINT('',(45.4679394513369,39.0845841914415,3.));
#14408=CARTESIAN_POINT('',(45.4679394513369,39.0845841914415,5.));
#14409=CARTESIAN_POINT('Ctrl Pts',(45.4679394513369,39.0845841914415,3.));
#14410=CARTESIAN_POINT('Ctrl Pts',(45.4718354385397,39.188973745769,3.));
#14411=CARTESIAN_POINT('Ctrl Pts',(45.4793798163475,39.3911187211077,3.));
#14412=CARTESIAN_POINT('Ctrl Pts',(45.5447742905492,39.5824435233737,3.));
#14413=CARTESIAN_POINT('Ctrl Pts',(45.576398447156,39.6749664098024,3.));
#14414=CARTESIAN_POINT('Ctrl Pts',(45.5876518040895,38.4942022711039,5.));
#14415=CARTESIAN_POINT('Ctrl Pts',(45.5876518040895,38.4942022711039,3.));
#14416=CARTESIAN_POINT('Ctrl Pts',(45.5527530116164,38.5851722908197,5.));
#14417=CARTESIAN_POINT('Ctrl Pts',(45.5527530116164,38.5851722908197,3.));
#14418=CARTESIAN_POINT('Ctrl Pts',(45.4798826867649,38.7751219830204,5.));
#14419=CARTESIAN_POINT('Ctrl Pts',(45.4798826867649,38.7751219830204,3.));
#14420=CARTESIAN_POINT('Ctrl Pts',(45.4720308926217,38.978570501662,5.));
#14421=CARTESIAN_POINT('Ctrl Pts',(45.4720308926217,38.978570501662,3.));
#14422=CARTESIAN_POINT('Ctrl Pts',(45.4679394513369,39.0845841914415,5.));
#14423=CARTESIAN_POINT('Ctrl Pts',(45.4679394513369,39.0845841914415,3.));
#14424=CARTESIAN_POINT('',(45.5876518040895,38.4942022711039,5.));
#14425=CARTESIAN_POINT('Ctrl Pts',(45.5876518040895,38.4942022711039,5.));
#14426=CARTESIAN_POINT('Ctrl Pts',(45.5527530116164,38.5851722908197,5.));
#14427=CARTESIAN_POINT('Ctrl Pts',(45.4798826867649,38.7751219830204,5.));
#14428=CARTESIAN_POINT('Ctrl Pts',(45.4720308926217,38.978570501662,5.));
#14429=CARTESIAN_POINT('Ctrl Pts',(45.4679394513369,39.0845841914415,5.));
#14430=CARTESIAN_POINT('',(45.5876518040895,38.4942022711039,3.));
#14431=CARTESIAN_POINT('',(45.5876518040895,38.4942022711039,5.));
#14432=CARTESIAN_POINT('Ctrl Pts',(45.5876518040895,38.4942022711039,3.));
#14433=CARTESIAN_POINT('Ctrl Pts',(45.5527530116164,38.5851722908197,3.));
#14434=CARTESIAN_POINT('Ctrl Pts',(45.4798826867649,38.7751219830204,3.));
#14435=CARTESIAN_POINT('Ctrl Pts',(45.4720308926217,38.978570501662,3.));
#14436=CARTESIAN_POINT('Ctrl Pts',(45.4679394513369,39.0845841914415,3.));
#14437=CARTESIAN_POINT('Ctrl Pts',(45.9253073483706,38.0941341072321,5.));
#14438=CARTESIAN_POINT('Ctrl Pts',(45.9253073483706,38.0941341072321,3.));
#14439=CARTESIAN_POINT('Ctrl Pts',(45.8563382186668,38.1475188953013,5.));
#14440=CARTESIAN_POINT('Ctrl Pts',(45.8563382186668,38.1475188953013,3.));
#14441=CARTESIAN_POINT('Ctrl Pts',(45.715304613207,38.2566843896384,5.));
#14442=CARTESIAN_POINT('Ctrl Pts',(45.715304613207,38.2566843896384,3.));
#14443=CARTESIAN_POINT('Ctrl Pts',(45.6308208120663,38.4138796257152,5.));
#14444=CARTESIAN_POINT('Ctrl Pts',(45.6308208120663,38.4138796257152,3.));
#14445=CARTESIAN_POINT('Ctrl Pts',(45.5876518040895,38.4942022711039,5.));
#14446=CARTESIAN_POINT('Ctrl Pts',(45.5876518040895,38.4942022711039,3.));
#14447=CARTESIAN_POINT('',(45.9253073483706,38.0941341072321,5.));
#14448=CARTESIAN_POINT('Ctrl Pts',(45.9253073483706,38.0941341072321,5.));
#14449=CARTESIAN_POINT('Ctrl Pts',(45.8563382186668,38.1475188953013,5.));
#14450=CARTESIAN_POINT('Ctrl Pts',(45.715304613207,38.2566843896384,5.));
#14451=CARTESIAN_POINT('Ctrl Pts',(45.6308208120663,38.4138796257152,5.));
#14452=CARTESIAN_POINT('Ctrl Pts',(45.5876518040895,38.4942022711039,5.));
#14453=CARTESIAN_POINT('',(45.9253073483706,38.0941341072321,3.));
#14454=CARTESIAN_POINT('',(45.9253073483706,38.0941341072321,5.));
#14455=CARTESIAN_POINT('Ctrl Pts',(45.9253073483706,38.0941341072321,3.));
#14456=CARTESIAN_POINT('Ctrl Pts',(45.8563382186668,38.1475188953013,3.));
#14457=CARTESIAN_POINT('Ctrl Pts',(45.715304613207,38.2566843896384,3.));
#14458=CARTESIAN_POINT('Ctrl Pts',(45.6308208120663,38.4138796257152,3.));
#14459=CARTESIAN_POINT('Ctrl Pts',(45.5876518040895,38.4942022711039,3.));
#14460=CARTESIAN_POINT('Ctrl Pts',(46.4031363278627,37.9508871585131,5.));
#14461=CARTESIAN_POINT('Ctrl Pts',(46.4031363278627,37.9508871585131,3.));
#14462=CARTESIAN_POINT('Ctrl Pts',(46.318221259099,37.9568781570188,5.));
#14463=CARTESIAN_POINT('Ctrl Pts',(46.318221259099,37.9568781570188,3.));
#14464=CARTESIAN_POINT('Ctrl Pts',(46.1482313134319,37.9688714289469,5.));
#14465=CARTESIAN_POINT('Ctrl Pts',(46.1482313134319,37.9688714289469,3.));
#14466=CARTESIAN_POINT('Ctrl Pts',(45.9996618936006,38.0523537204728,5.));
#14467=CARTESIAN_POINT('Ctrl Pts',(45.9996618936006,38.0523537204728,3.));
#14468=CARTESIAN_POINT('Ctrl Pts',(45.9253073483706,38.0941341072321,5.));
#14469=CARTESIAN_POINT('Ctrl Pts',(45.9253073483706,38.0941341072321,3.));
#14470=CARTESIAN_POINT('',(46.4031363278627,37.9508871585131,5.));
#14471=CARTESIAN_POINT('Ctrl Pts',(46.4031363278627,37.9508871585131,5.));
#14472=CARTESIAN_POINT('Ctrl Pts',(46.318221259099,37.9568781570188,5.));
#14473=CARTESIAN_POINT('Ctrl Pts',(46.1482313134319,37.9688714289469,5.));
#14474=CARTESIAN_POINT('Ctrl Pts',(45.9996618936006,38.0523537204728,5.));
#14475=CARTESIAN_POINT('Ctrl Pts',(45.9253073483706,38.0941341072321,5.));
#14476=CARTESIAN_POINT('',(46.4031363278627,37.9508871585131,3.));
#14477=CARTESIAN_POINT('',(46.4031363278627,37.9508871585131,5.));
#14478=CARTESIAN_POINT('Ctrl Pts',(46.4031363278627,37.9508871585131,3.));
#14479=CARTESIAN_POINT('Ctrl Pts',(46.318221259099,37.9568781570188,3.));
#14480=CARTESIAN_POINT('Ctrl Pts',(46.1482313134319,37.9688714289469,3.));
#14481=CARTESIAN_POINT('Ctrl Pts',(45.9996618936006,38.0523537204728,3.));
#14482=CARTESIAN_POINT('Ctrl Pts',(45.9253073483706,38.0941341072321,3.));
#14483=CARTESIAN_POINT('Ctrl Pts',(47.0109129697084,38.2742161303759,5.));
#14484=CARTESIAN_POINT('Ctrl Pts',(47.0109129697084,38.2742161303759,3.));
#14485=CARTESIAN_POINT('Ctrl Pts',(46.9330459557679,38.17991659829,5.));
#14486=CARTESIAN_POINT('Ctrl Pts',(46.9330459557679,38.17991659829,3.));
#14487=CARTESIAN_POINT('Ctrl Pts',(46.7752018924895,37.9887622113882,5.));
#14488=CARTESIAN_POINT('Ctrl Pts',(46.7752018924895,37.9887622113882,3.));
#14489=CARTESIAN_POINT('Ctrl Pts',(46.5282585497367,37.9636241898857,5.));
#14490=CARTESIAN_POINT('Ctrl Pts',(46.5282585497367,37.9636241898857,3.));
#14491=CARTESIAN_POINT('Ctrl Pts',(46.4031363278627,37.9508871585131,5.));
#14492=CARTESIAN_POINT('Ctrl Pts',(46.4031363278627,37.9508871585131,3.));
#14493=CARTESIAN_POINT('',(47.0109129697084,38.2742161303759,5.));
#14494=CARTESIAN_POINT('Ctrl Pts',(47.0109129697084,38.2742161303759,5.));
#14495=CARTESIAN_POINT('Ctrl Pts',(46.9330459557679,38.17991659829,5.));
#14496=CARTESIAN_POINT('Ctrl Pts',(46.7752018924895,37.9887622113882,5.));
#14497=CARTESIAN_POINT('Ctrl Pts',(46.5282585497367,37.9636241898857,5.));
#14498=CARTESIAN_POINT('Ctrl Pts',(46.4031363278627,37.9508871585131,5.));
#14499=CARTESIAN_POINT('',(47.0109129697084,38.2742161303759,3.));
#14500=CARTESIAN_POINT('',(47.0109129697084,38.2742161303759,5.));
#14501=CARTESIAN_POINT('Ctrl Pts',(47.0109129697084,38.2742161303759,3.));
#14502=CARTESIAN_POINT('Ctrl Pts',(46.9330459557679,38.17991659829,3.));
#14503=CARTESIAN_POINT('Ctrl Pts',(46.7752018924895,37.9887622113882,3.));
#14504=CARTESIAN_POINT('Ctrl Pts',(46.5282585497367,37.9636241898857,3.));
#14505=CARTESIAN_POINT('Ctrl Pts',(46.4031363278627,37.9508871585131,3.));
#14506=CARTESIAN_POINT('Origin',(47.0109129697084,38.0000004917383,5.));
#14507=CARTESIAN_POINT('',(47.0109129697084,38.0000004917383,5.));
#14508=CARTESIAN_POINT('',(47.0109129697084,20.2593165630317,5.));
#14509=CARTESIAN_POINT('',(47.0109129697084,38.0000004917383,3.));
#14510=CARTESIAN_POINT('',(47.0109129697084,38.0000004917383,5.));
#14511=CARTESIAN_POINT('',(47.0109129697084,38.0000004917383,3.));
#14512=CARTESIAN_POINT('Origin',(47.3526597768068,38.0000004917383,5.));
#14513=CARTESIAN_POINT('',(46.2930410550645,38.0000004917383,5.));
#14514=CARTESIAN_POINT('',(47.3526597768068,38.0000004917383,3.));
#14515=CARTESIAN_POINT('Origin',(28.6763299629092,39.0835612267256,3.));
#14516=CARTESIAN_POINT('Ctrl Pts',(22.1944070607424,39.9174629896879,5.));
#14517=CARTESIAN_POINT('Ctrl Pts',(22.1944070607424,39.9174629896879,3.));
#14518=CARTESIAN_POINT('Ctrl Pts',(22.1154955813803,39.9085842312491,5.));
#14519=CARTESIAN_POINT('Ctrl Pts',(22.1154955813803,39.9085842312491,3.));
#14520=CARTESIAN_POINT('Ctrl Pts',(21.955103694179,39.8905376702986,5.));
#14521=CARTESIAN_POINT('Ctrl Pts',(21.955103694179,39.8905376702986,3.));
#14522=CARTESIAN_POINT('Ctrl Pts',(21.8417109972225,39.7754053663599,5.));
#14523=CARTESIAN_POINT('Ctrl Pts',(21.8417109972225,39.7754053663599,3.));
#14524=CARTESIAN_POINT('Ctrl Pts',(21.784106567502,39.7169172018766,5.));
#14525=CARTESIAN_POINT('Ctrl Pts',(21.784106567502,39.7169172018766,3.));
#14526=CARTESIAN_POINT('',(22.1944070607424,39.9174629896879,5.));
#14527=CARTESIAN_POINT('',(21.784106567502,39.7169172018766,5.));
#14528=CARTESIAN_POINT('Ctrl Pts',(22.1944070607424,39.9174629896879,5.));
#14529=CARTESIAN_POINT('Ctrl Pts',(22.1154955813803,39.9085842312491,5.));
#14530=CARTESIAN_POINT('Ctrl Pts',(21.955103694179,39.8905376702986,5.));
#14531=CARTESIAN_POINT('Ctrl Pts',(21.8417109972225,39.7754053663599,5.));
#14532=CARTESIAN_POINT('Ctrl Pts',(21.784106567502,39.7169172018766,5.));
#14533=CARTESIAN_POINT('',(22.1944070607424,39.9174629896879,3.));
#14534=CARTESIAN_POINT('',(22.1944070607424,39.9174629896879,5.));
#14535=CARTESIAN_POINT('',(21.784106567502,39.7169172018766,3.));
#14536=CARTESIAN_POINT('Ctrl Pts',(22.1944070607424,39.9174629896879,3.));
#14537=CARTESIAN_POINT('Ctrl Pts',(22.1154955813803,39.9085842312491,3.));
#14538=CARTESIAN_POINT('Ctrl Pts',(21.955103694179,39.8905376702986,3.));
#14539=CARTESIAN_POINT('Ctrl Pts',(21.8417109972225,39.7754053663599,3.));
#14540=CARTESIAN_POINT('Ctrl Pts',(21.784106567502,39.7169172018766,3.));
#14541=CARTESIAN_POINT('',(21.784106567502,39.7169172018766,5.));
#14542=CARTESIAN_POINT('Ctrl Pts',(22.6180077344179,39.7087316960096,5.));
#14543=CARTESIAN_POINT('Ctrl Pts',(22.6180077344179,39.7087316960096,3.));
#14544=CARTESIAN_POINT('Ctrl Pts',(22.5582874478141,39.7696040193051,5.));
#14545=CARTESIAN_POINT('Ctrl Pts',(22.5582874478141,39.7696040193051,3.));
#14546=CARTESIAN_POINT('Ctrl Pts',(22.4412732446534,39.8888754898559,5.));
#14547=CARTESIAN_POINT('Ctrl Pts',(22.4412732446534,39.8888754898559,3.));
#14548=CARTESIAN_POINT('Ctrl Pts',(22.2755503291376,39.9080664691323,5.));
#14549=CARTESIAN_POINT('Ctrl Pts',(22.2755503291376,39.9080664691323,3.));
#14550=CARTESIAN_POINT('Ctrl Pts',(22.1944070607424,39.9174629896879,5.));
#14551=CARTESIAN_POINT('Ctrl Pts',(22.1944070607424,39.9174629896879,3.));
#14552=CARTESIAN_POINT('',(22.6180077344179,39.7087316960096,5.));
#14553=CARTESIAN_POINT('Ctrl Pts',(22.6180077344179,39.7087316960096,5.));
#14554=CARTESIAN_POINT('Ctrl Pts',(22.5582874478141,39.7696040193051,5.));
#14555=CARTESIAN_POINT('Ctrl Pts',(22.4412732446534,39.8888754898559,5.));
#14556=CARTESIAN_POINT('Ctrl Pts',(22.2755503291376,39.9080664691323,5.));
#14557=CARTESIAN_POINT('Ctrl Pts',(22.1944070607424,39.9174629896879,5.));
#14558=CARTESIAN_POINT('',(22.6180077344179,39.7087316960096,3.));
#14559=CARTESIAN_POINT('',(22.6180077344179,39.7087316960096,5.));
#14560=CARTESIAN_POINT('Ctrl Pts',(22.6180077344179,39.7087316960096,3.));
#14561=CARTESIAN_POINT('Ctrl Pts',(22.5582874478141,39.7696040193051,3.));
#14562=CARTESIAN_POINT('Ctrl Pts',(22.4412732446534,39.8888754898559,3.));
#14563=CARTESIAN_POINT('Ctrl Pts',(22.2755503291376,39.9080664691323,3.));
#14564=CARTESIAN_POINT('Ctrl Pts',(22.1944070607424,39.9174629896879,3.));
#14565=CARTESIAN_POINT('Ctrl Pts',(22.7899039536715,39.0538883954287,5.));
#14566=CARTESIAN_POINT('Ctrl Pts',(22.7899039536715,39.0538883954287,3.));
#14567=CARTESIAN_POINT('Ctrl Pts',(22.787451490034,39.186217606348,5.));
#14568=CARTESIAN_POINT('Ctrl Pts',(22.787451490034,39.186217606348,3.));
#14569=CARTESIAN_POINT('Ctrl Pts',(22.7831243498563,39.4196999856547,5.));
#14570=CARTESIAN_POINT('Ctrl Pts',(22.7831243498563,39.4196999856547,3.));
#14571=CARTESIAN_POINT('Ctrl Pts',(22.6679189555063,39.6213635922075,5.));
#14572=CARTESIAN_POINT('Ctrl Pts',(22.6679189555063,39.6213635922075,3.));
#14573=CARTESIAN_POINT('Ctrl Pts',(22.6180077344179,39.7087316960096,5.));
#14574=CARTESIAN_POINT('Ctrl Pts',(22.6180077344179,39.7087316960096,3.));
#14575=CARTESIAN_POINT('',(22.7899039536715,39.0538883954287,5.));
#14576=CARTESIAN_POINT('Ctrl Pts',(22.7899039536715,39.0538883954287,5.));
#14577=CARTESIAN_POINT('Ctrl Pts',(22.787451490034,39.186217606348,5.));
#14578=CARTESIAN_POINT('Ctrl Pts',(22.7831243498563,39.4196999856547,5.));
#14579=CARTESIAN_POINT('Ctrl Pts',(22.6679189555063,39.6213635922075,5.));
#14580=CARTESIAN_POINT('Ctrl Pts',(22.6180077344179,39.7087316960096,5.));
#14581=CARTESIAN_POINT('',(22.7899039536715,39.0538883954287,3.));
#14582=CARTESIAN_POINT('',(22.7899039536715,39.0538883954287,5.));
#14583=CARTESIAN_POINT('Ctrl Pts',(22.7899039536715,39.0538883954287,3.));
#14584=CARTESIAN_POINT('Ctrl Pts',(22.787451490034,39.186217606348,3.));
#14585=CARTESIAN_POINT('Ctrl Pts',(22.7831243498563,39.4196999856547,3.));
#14586=CARTESIAN_POINT('Ctrl Pts',(22.6679189555063,39.6213635922075,3.));
#14587=CARTESIAN_POINT('Ctrl Pts',(22.6180077344179,39.7087316960096,3.));
#14588=CARTESIAN_POINT('Ctrl Pts',(22.6210773736238,38.4512282162905,5.));
#14589=CARTESIAN_POINT('Ctrl Pts',(22.6210773736238,38.4512282162905,3.));
#14590=CARTESIAN_POINT('Ctrl Pts',(22.6701381552263,38.5322846661922,5.));
#14591=CARTESIAN_POINT('Ctrl Pts',(22.6701381552263,38.5322846661922,3.));
#14592=CARTESIAN_POINT('Ctrl Pts',(22.7816017953806,38.7164408632388,5.));
#14593=CARTESIAN_POINT('Ctrl Pts',(22.7816017953806,38.7164408632388,3.));
#14594=CARTESIAN_POINT('Ctrl Pts',(22.7869242053395,38.9327742602926,5.));
#14595=CARTESIAN_POINT('Ctrl Pts',(22.7869242053395,38.9327742602926,3.));
#14596=CARTESIAN_POINT('Ctrl Pts',(22.7899039536715,39.0538883954287,5.));
#14597=CARTESIAN_POINT('Ctrl Pts',(22.7899039536715,39.0538883954287,3.));
#14598=CARTESIAN_POINT('',(22.6210773736238,38.4512282162905,5.));
#14599=CARTESIAN_POINT('Ctrl Pts',(22.6210773736238,38.4512282162905,5.));
#14600=CARTESIAN_POINT('Ctrl Pts',(22.6701381552263,38.5322846661922,5.));
#14601=CARTESIAN_POINT('Ctrl Pts',(22.7816017953806,38.7164408632388,5.));
#14602=CARTESIAN_POINT('Ctrl Pts',(22.7869242053395,38.9327742602926,5.));
#14603=CARTESIAN_POINT('Ctrl Pts',(22.7899039536715,39.0538883954287,5.));
#14604=CARTESIAN_POINT('',(22.6210773736238,38.4512282162905,3.));
#14605=CARTESIAN_POINT('',(22.6210773736238,38.4512282162905,5.));
#14606=CARTESIAN_POINT('Ctrl Pts',(22.6210773736238,38.4512282162905,3.));
#14607=CARTESIAN_POINT('Ctrl Pts',(22.6701381552263,38.5322846661922,3.));
#14608=CARTESIAN_POINT('Ctrl Pts',(22.7816017953806,38.7164408632388,3.));
#14609=CARTESIAN_POINT('Ctrl Pts',(22.7869242053395,38.9327742602926,3.));
#14610=CARTESIAN_POINT('Ctrl Pts',(22.7899039536715,39.0538883954287,3.));
#14611=CARTESIAN_POINT('Ctrl Pts',(22.2107780724764,38.2537520676851,5.));
#14612=CARTESIAN_POINT('Ctrl Pts',(22.2107780724764,38.2537520676851,3.));
#14613=CARTESIAN_POINT('Ctrl Pts',(22.2888072440599,38.2626516979594,5.));
#14614=CARTESIAN_POINT('Ctrl Pts',(22.2888072440599,38.2626516979594,3.));
#14615=CARTESIAN_POINT('Ctrl Pts',(22.4482208455172,38.280833643056,5.));
#14616=CARTESIAN_POINT('Ctrl Pts',(22.4482208455172,38.280833643056,3.));
#14617=CARTESIAN_POINT('Ctrl Pts',(22.5626556751068,38.393638604284,5.));
#14618=CARTESIAN_POINT('Ctrl Pts',(22.5626556751068,38.393638604284,3.));
#14619=CARTESIAN_POINT('Ctrl Pts',(22.6210773736238,38.4512282162905,5.));
#14620=CARTESIAN_POINT('Ctrl Pts',(22.6210773736238,38.4512282162905,3.));
#14621=CARTESIAN_POINT('',(22.2107780724764,38.2537520676851,5.));
#14622=CARTESIAN_POINT('Ctrl Pts',(22.2107780724764,38.2537520676851,5.));
#14623=CARTESIAN_POINT('Ctrl Pts',(22.2888072440599,38.2626516979594,5.));
#14624=CARTESIAN_POINT('Ctrl Pts',(22.4482208455172,38.280833643056,5.));
#14625=CARTESIAN_POINT('Ctrl Pts',(22.5626556751068,38.393638604284,5.));
#14626=CARTESIAN_POINT('Ctrl Pts',(22.6210773736238,38.4512282162905,5.));
#14627=CARTESIAN_POINT('',(22.2107780724764,38.2537520676851,3.));
#14628=CARTESIAN_POINT('',(22.2107780724764,38.2537520676851,5.));
#14629=CARTESIAN_POINT('Ctrl Pts',(22.2107780724764,38.2537520676851,3.));
#14630=CARTESIAN_POINT('Ctrl Pts',(22.2888072440599,38.2626516979594,3.));
#14631=CARTESIAN_POINT('Ctrl Pts',(22.4482208455172,38.280833643056,3.));
#14632=CARTESIAN_POINT('Ctrl Pts',(22.5626556751068,38.393638604284,3.));
#14633=CARTESIAN_POINT('Ctrl Pts',(22.6210773736238,38.4512282162905,3.));
#14634=CARTESIAN_POINT('Ctrl Pts',(21.7953611165285,38.4604371339083,5.));
#14635=CARTESIAN_POINT('Ctrl Pts',(21.7953611165285,38.4604371339083,3.));
#14636=CARTESIAN_POINT('Ctrl Pts',(21.8551264669366,38.4001772764137,5.));
#14637=CARTESIAN_POINT('Ctrl Pts',(21.8551264669366,38.4001772764137,3.));
#14638=CARTESIAN_POINT('Ctrl Pts',(21.9704924559247,38.2838567326761,5.));
#14639=CARTESIAN_POINT('Ctrl Pts',(21.9704924559247,38.2838567326761,3.));
#14640=CARTESIAN_POINT('Ctrl Pts',(22.1326339696658,38.2635425082029,5.));
#14641=CARTESIAN_POINT('Ctrl Pts',(22.1326339696658,38.2635425082029,3.));
#14642=CARTESIAN_POINT('Ctrl Pts',(22.2107780724764,38.2537520676851,5.));
#14643=CARTESIAN_POINT('Ctrl Pts',(22.2107780724764,38.2537520676851,3.));
#14644=CARTESIAN_POINT('',(21.7953611165285,38.4604371339083,5.));
#14645=CARTESIAN_POINT('Ctrl Pts',(21.7953611165285,38.4604371339083,5.));
#14646=CARTESIAN_POINT('Ctrl Pts',(21.8551264669366,38.4001772764137,5.));
#14647=CARTESIAN_POINT('Ctrl Pts',(21.9704924559247,38.2838567326761,5.));
#14648=CARTESIAN_POINT('Ctrl Pts',(22.1326339696658,38.2635425082029,5.));
#14649=CARTESIAN_POINT('Ctrl Pts',(22.2107780724764,38.2537520676851,5.));
#14650=CARTESIAN_POINT('',(21.7953611165285,38.4604371339083,3.));
#14651=CARTESIAN_POINT('',(21.7953611165285,38.4604371339083,5.));
#14652=CARTESIAN_POINT('Ctrl Pts',(21.7953611165285,38.4604371339083,3.));
#14653=CARTESIAN_POINT('Ctrl Pts',(21.8551264669366,38.4001772764137,3.));
#14654=CARTESIAN_POINT('Ctrl Pts',(21.9704924559247,38.2838567326761,3.));
#14655=CARTESIAN_POINT('Ctrl Pts',(22.1326339696658,38.2635425082029,3.));
#14656=CARTESIAN_POINT('Ctrl Pts',(22.2107780724764,38.2537520676851,3.));
#14657=CARTESIAN_POINT('Ctrl Pts',(21.6193724423647,39.0845841914415,5.));
#14658=CARTESIAN_POINT('Ctrl Pts',(21.6193724423647,39.0845841914415,3.));
#14659=CARTESIAN_POINT('Ctrl Pts',(21.6226333889884,38.9595245735028,5.));
#14660=CARTESIAN_POINT('Ctrl Pts',(21.6226333889884,38.9595245735028,3.));
#14661=CARTESIAN_POINT('Ctrl Pts',(21.6284773694632,38.7354037737003,5.));
#14662=CARTESIAN_POINT('Ctrl Pts',(21.6284773694632,38.7354037737003,3.));
#14663=CARTESIAN_POINT('Ctrl Pts',(21.7442081991137,38.544719432601,5.));
#14664=CARTESIAN_POINT('Ctrl Pts',(21.7442081991137,38.544719432601,3.));
#14665=CARTESIAN_POINT('Ctrl Pts',(21.7953611165285,38.4604371339083,5.));
#14666=CARTESIAN_POINT('Ctrl Pts',(21.7953611165285,38.4604371339083,3.));
#14667=CARTESIAN_POINT('',(21.6193724423647,39.0845841914415,5.));
#14668=CARTESIAN_POINT('Ctrl Pts',(21.6193724423647,39.0845841914415,5.));
#14669=CARTESIAN_POINT('Ctrl Pts',(21.6226333889884,38.9595245735028,5.));
#14670=CARTESIAN_POINT('Ctrl Pts',(21.6284773694632,38.7354037737003,5.));
#14671=CARTESIAN_POINT('Ctrl Pts',(21.7442081991137,38.544719432601,5.));
#14672=CARTESIAN_POINT('Ctrl Pts',(21.7953611165285,38.4604371339083,5.));
#14673=CARTESIAN_POINT('',(21.6193724423647,39.0845841914415,3.));
#14674=CARTESIAN_POINT('',(21.6193724423647,39.0845841914415,5.));
#14675=CARTESIAN_POINT('Ctrl Pts',(21.6193724423647,39.0845841914415,3.));
#14676=CARTESIAN_POINT('Ctrl Pts',(21.6226333889884,38.9595245735028,3.));
#14677=CARTESIAN_POINT('Ctrl Pts',(21.6284773694632,38.7354037737003,3.));
#14678=CARTESIAN_POINT('Ctrl Pts',(21.7442081991137,38.544719432601,3.));
#14679=CARTESIAN_POINT('Ctrl Pts',(21.7953611165285,38.4604371339083,3.));
#14680=CARTESIAN_POINT('Ctrl Pts',(21.784106567502,39.7169172018766,5.));
#14681=CARTESIAN_POINT('Ctrl Pts',(21.784106567502,39.7169172018766,3.));
#14682=CARTESIAN_POINT('Ctrl Pts',(21.7362812943823,39.6326930937673,5.));
#14683=CARTESIAN_POINT('Ctrl Pts',(21.7362812943823,39.6326930937673,3.));
#14684=CARTESIAN_POINT('Ctrl Pts',(21.6256242421077,39.4378172273919,5.));
#14685=CARTESIAN_POINT('Ctrl Pts',(21.6256242421077,39.4378172273919,3.));
#14686=CARTESIAN_POINT('Ctrl Pts',(21.6216366325004,39.2125132340328,5.));
#14687=CARTESIAN_POINT('Ctrl Pts',(21.6216366325004,39.2125132340328,3.));
#14688=CARTESIAN_POINT('Ctrl Pts',(21.6193724423647,39.0845841914415,5.));
#14689=CARTESIAN_POINT('Ctrl Pts',(21.6193724423647,39.0845841914415,3.));
#14690=CARTESIAN_POINT('Ctrl Pts',(21.784106567502,39.7169172018766,5.));
#14691=CARTESIAN_POINT('Ctrl Pts',(21.7362812943823,39.6326930937673,5.));
#14692=CARTESIAN_POINT('Ctrl Pts',(21.6256242421077,39.4378172273919,5.));
#14693=CARTESIAN_POINT('Ctrl Pts',(21.6216366325004,39.2125132340328,5.));
#14694=CARTESIAN_POINT('Ctrl Pts',(21.6193724423647,39.0845841914415,5.));
#14695=CARTESIAN_POINT('Ctrl Pts',(21.784106567502,39.7169172018766,3.));
#14696=CARTESIAN_POINT('Ctrl Pts',(21.7362812943823,39.6326930937673,3.));
#14697=CARTESIAN_POINT('Ctrl Pts',(21.6256242421077,39.4378172273919,3.));
#14698=CARTESIAN_POINT('Ctrl Pts',(21.6216366325004,39.2125132340328,3.));
#14699=CARTESIAN_POINT('Ctrl Pts',(21.6193724423647,39.0845841914415,3.));
#14700=CARTESIAN_POINT('Origin',(23.125511482358,41.0000003129244,5.));
#14701=CARTESIAN_POINT('',(23.125511482358,41.0000003129244,5.));
#14702=CARTESIAN_POINT('',(23.125511482358,38.0000004917383,5.));
#14703=CARTESIAN_POINT('',(23.125511482358,21.7593164736247,5.));
#14704=CARTESIAN_POINT('',(23.125511482358,41.0000003129244,3.));
#14705=CARTESIAN_POINT('',(23.125511482358,41.0000003129244,5.));
#14706=CARTESIAN_POINT('',(23.125511482358,38.0000004917383,3.));
#14707=CARTESIAN_POINT('',(23.125511482358,41.0000003129244,3.));
#14708=CARTESIAN_POINT('',(23.125511482358,38.0000004917383,5.));
#14709=CARTESIAN_POINT('Origin',(22.759208753705,41.0000003129244,5.));
#14710=CARTESIAN_POINT('',(22.759208753705,41.0000003129244,5.));
#14711=CARTESIAN_POINT('',(33.9963155435136,41.0000003129244,5.));
#14712=CARTESIAN_POINT('',(22.759208753705,41.0000003129244,3.));
#14713=CARTESIAN_POINT('',(22.759208753705,41.0000003129244,5.));
#14714=CARTESIAN_POINT('',(22.759208753705,41.0000003129244,3.));
#14715=CARTESIAN_POINT('Origin',(22.759208753705,39.9236021190882,5.));
#14716=CARTESIAN_POINT('',(22.759208753705,39.9236021190882,5.));
#14717=CARTESIAN_POINT('',(22.759208753705,21.2211173767066,5.));
#14718=CARTESIAN_POINT('',(22.759208753705,39.9236021190882,3.));
#14719=CARTESIAN_POINT('',(22.759208753705,39.9236021190882,5.));
#14720=CARTESIAN_POINT('',(22.759208753705,39.9236021190882,3.));
#14721=CARTESIAN_POINT('Ctrl Pts',(22.5095499306917,40.1394956558943,5.));
#14722=CARTESIAN_POINT('Ctrl Pts',(22.5095499306917,40.1394956558943,3.));
#14723=CARTESIAN_POINT('Ctrl Pts',(22.5580600079103,40.1101402741356,5.));
#14724=CARTESIAN_POINT('Ctrl Pts',(22.5580600079103,40.1101402741356,3.));
#14725=CARTESIAN_POINT('Ctrl Pts',(22.6535738059171,40.0523410669506,5.));
#14726=CARTESIAN_POINT('Ctrl Pts',(22.6535738059171,40.0523410669506,3.));
#14727=CARTESIAN_POINT('Ctrl Pts',(22.7243692782968,39.9660615276651,5.));
#14728=CARTESIAN_POINT('Ctrl Pts',(22.7243692782968,39.9660615276651,3.));
#14729=CARTESIAN_POINT('Ctrl Pts',(22.759208753705,39.9236021190882,5.));
#14730=CARTESIAN_POINT('Ctrl Pts',(22.759208753705,39.9236021190882,3.));
#14731=CARTESIAN_POINT('',(22.5095499306917,40.1394956558943,5.));
#14732=CARTESIAN_POINT('Ctrl Pts',(22.5095499306917,40.1394956558943,5.));
#14733=CARTESIAN_POINT('Ctrl Pts',(22.5580600079103,40.1101402741356,5.));
#14734=CARTESIAN_POINT('Ctrl Pts',(22.6535738059171,40.0523410669506,5.));
#14735=CARTESIAN_POINT('Ctrl Pts',(22.7243692782968,39.9660615276651,5.));
#14736=CARTESIAN_POINT('Ctrl Pts',(22.759208753705,39.9236021190882,5.));
#14737=CARTESIAN_POINT('',(22.5095499306917,40.1394956558943,3.));
#14738=CARTESIAN_POINT('',(22.5095499306917,40.1394956558943,5.));
#14739=CARTESIAN_POINT('Ctrl Pts',(22.5095499306917,40.1394956558943,3.));
#14740=CARTESIAN_POINT('Ctrl Pts',(22.5580600079103,40.1101402741356,3.));
#14741=CARTESIAN_POINT('Ctrl Pts',(22.6535738059171,40.0523410669506,3.));
#14742=CARTESIAN_POINT('Ctrl Pts',(22.7243692782968,39.9660615276651,3.));
#14743=CARTESIAN_POINT('Ctrl Pts',(22.759208753705,39.9236021190882,3.));
#14744=CARTESIAN_POINT('Ctrl Pts',(22.1596182137728,40.2223742753267,5.));
#14745=CARTESIAN_POINT('Ctrl Pts',(22.1596182137728,40.2223742753267,3.));
#14746=CARTESIAN_POINT('Ctrl Pts',(22.2224618681185,40.2193711271725,5.));
#14747=CARTESIAN_POINT('Ctrl Pts',(22.2224618681185,40.2193711271725,3.));
#14748=CARTESIAN_POINT('Ctrl Pts',(22.3443594668891,40.2135459320504,5.));
#14749=CARTESIAN_POINT('Ctrl Pts',(22.3443594668891,40.2135459320504,3.));
#14750=CARTESIAN_POINT('Ctrl Pts',(22.4556396500903,40.1636621306065,5.));
#14751=CARTESIAN_POINT('Ctrl Pts',(22.4556396500903,40.1636621306065,3.));
#14752=CARTESIAN_POINT('Ctrl Pts',(22.5095499306917,40.1394956558943,5.));
#14753=CARTESIAN_POINT('Ctrl Pts',(22.5095499306917,40.1394956558943,3.));
#14754=CARTESIAN_POINT('',(22.1596182137728,40.2223742753267,5.));
#14755=CARTESIAN_POINT('Ctrl Pts',(22.1596182137728,40.2223742753267,5.));
#14756=CARTESIAN_POINT('Ctrl Pts',(22.2224618681185,40.2193711271725,5.));
#14757=CARTESIAN_POINT('Ctrl Pts',(22.3443594668891,40.2135459320504,5.));
#14758=CARTESIAN_POINT('Ctrl Pts',(22.4556396500903,40.1636621306065,5.));
#14759=CARTESIAN_POINT('Ctrl Pts',(22.5095499306917,40.1394956558943,5.));
#14760=CARTESIAN_POINT('',(22.1596182137728,40.2223742753267,3.));
#14761=CARTESIAN_POINT('',(22.1596182137728,40.2223742753267,5.));
#14762=CARTESIAN_POINT('Ctrl Pts',(22.1596182137728,40.2223742753267,3.));
#14763=CARTESIAN_POINT('Ctrl Pts',(22.2224618681185,40.2193711271725,3.));
#14764=CARTESIAN_POINT('Ctrl Pts',(22.3443594668891,40.2135459320504,3.));
#14765=CARTESIAN_POINT('Ctrl Pts',(22.4556396500903,40.1636621306065,3.));
#14766=CARTESIAN_POINT('Ctrl Pts',(22.5095499306917,40.1394956558943,3.));
#14767=CARTESIAN_POINT('Ctrl Pts',(21.6746247559786,40.0811737030745,5.));
#14768=CARTESIAN_POINT('Ctrl Pts',(21.6746247559786,40.0811737030745,3.));
#14769=CARTESIAN_POINT('Ctrl Pts',(21.7494722447712,40.122356203456,5.));
#14770=CARTESIAN_POINT('Ctrl Pts',(21.7494722447712,40.122356203456,3.));
#14771=CARTESIAN_POINT('Ctrl Pts',(21.9005795347719,40.2054982851542,5.));
#14772=CARTESIAN_POINT('Ctrl Pts',(21.9005795347719,40.2054982851542,3.));
#14773=CARTESIAN_POINT('Ctrl Pts',(22.0727356396026,40.216714002994,5.));
#14774=CARTESIAN_POINT('Ctrl Pts',(22.0727356396026,40.216714002994,3.));
#14775=CARTESIAN_POINT('Ctrl Pts',(22.1596182137728,40.2223742753267,5.));
#14776=CARTESIAN_POINT('Ctrl Pts',(22.1596182137728,40.2223742753267,3.));
#14777=CARTESIAN_POINT('',(21.6746247559786,40.0811737030745,5.));
#14778=CARTESIAN_POINT('Ctrl Pts',(21.6746247559786,40.0811737030745,5.));
#14779=CARTESIAN_POINT('Ctrl Pts',(21.7494722447712,40.122356203456,5.));
#14780=CARTESIAN_POINT('Ctrl Pts',(21.9005795347719,40.2054982851542,5.));
#14781=CARTESIAN_POINT('Ctrl Pts',(22.0727356396026,40.216714002994,5.));
#14782=CARTESIAN_POINT('Ctrl Pts',(22.1596182137728,40.2223742753267,5.));
#14783=CARTESIAN_POINT('',(21.6746247559786,40.0811737030745,3.));
#14784=CARTESIAN_POINT('',(21.6746247559786,40.0811737030745,5.));
#14785=CARTESIAN_POINT('Ctrl Pts',(21.6746247559786,40.0811737030745,3.));
#14786=CARTESIAN_POINT('Ctrl Pts',(21.7494722447712,40.122356203456,3.));
#14787=CARTESIAN_POINT('Ctrl Pts',(21.9005795347719,40.2054982851542,3.));
#14788=CARTESIAN_POINT('Ctrl Pts',(22.0727356396026,40.216714002994,3.));
#14789=CARTESIAN_POINT('Ctrl Pts',(22.1596182137728,40.2223742753267,3.));
#14790=CARTESIAN_POINT('Ctrl Pts',(21.3492489606142,39.6749664098024,5.));
#14791=CARTESIAN_POINT('Ctrl Pts',(21.3492489606142,39.6749664098024,3.));
#14792=CARTESIAN_POINT('Ctrl Pts',(21.3888959865758,39.7574640942225,5.));
#14793=CARTESIAN_POINT('Ctrl Pts',(21.3888959865758,39.7574640942225,3.));
#14794=CARTESIAN_POINT('Ctrl Pts',(21.4661027940967,39.9181163168665,5.));
#14795=CARTESIAN_POINT('Ctrl Pts',(21.4661027940967,39.9181163168665,3.));
#14796=CARTESIAN_POINT('Ctrl Pts',(21.6063815555718,40.0278097418668,5.));
#14797=CARTESIAN_POINT('Ctrl Pts',(21.6063815555718,40.0278097418668,3.));
#14798=CARTESIAN_POINT('Ctrl Pts',(21.6746247559786,40.0811737030745,5.));
#14799=CARTESIAN_POINT('Ctrl Pts',(21.6746247559786,40.0811737030745,3.));
#14800=CARTESIAN_POINT('',(21.3492489606142,39.6749664098024,5.));
#14801=CARTESIAN_POINT('Ctrl Pts',(21.3492489606142,39.6749664098024,5.));
#14802=CARTESIAN_POINT('Ctrl Pts',(21.3888959865758,39.7574640942225,5.));
#14803=CARTESIAN_POINT('Ctrl Pts',(21.4661027940967,39.9181163168665,5.));
#14804=CARTESIAN_POINT('Ctrl Pts',(21.6063815555718,40.0278097418668,5.));
#14805=CARTESIAN_POINT('Ctrl Pts',(21.6746247559786,40.0811737030745,5.));
#14806=CARTESIAN_POINT('',(21.3492489606142,39.6749664098024,3.));
#14807=CARTESIAN_POINT('',(21.3492489606142,39.6749664098024,5.));
#14808=CARTESIAN_POINT('Ctrl Pts',(21.3492489606142,39.6749664098024,3.));
#14809=CARTESIAN_POINT('Ctrl Pts',(21.3888959865758,39.7574640942225,3.));
#14810=CARTESIAN_POINT('Ctrl Pts',(21.4661027940967,39.9181163168665,3.));
#14811=CARTESIAN_POINT('Ctrl Pts',(21.6063815555718,40.0278097418668,3.));
#14812=CARTESIAN_POINT('Ctrl Pts',(21.6746247559786,40.0811737030745,3.));
#14813=CARTESIAN_POINT('Ctrl Pts',(21.240791156888,39.0845841914415,5.));
#14814=CARTESIAN_POINT('Ctrl Pts',(21.240791156888,39.0845841914415,3.));
#14815=CARTESIAN_POINT('Ctrl Pts',(21.2446866474449,39.1889737541917,5.));
#14816=CARTESIAN_POINT('Ctrl Pts',(21.2446866474449,39.1889737541917,3.));
#14817=CARTESIAN_POINT('Ctrl Pts',(21.2522300647389,39.3911187784117,5.));
#14818=CARTESIAN_POINT('Ctrl Pts',(21.2522300647389,39.3911187784117,3.));
#14819=CARTESIAN_POINT('Ctrl Pts',(21.3176247139386,39.5824435313219,5.));
#14820=CARTESIAN_POINT('Ctrl Pts',(21.3176247139386,39.5824435313219,3.));
#14821=CARTESIAN_POINT('Ctrl Pts',(21.3492489606142,39.6749664098024,5.));
#14822=CARTESIAN_POINT('Ctrl Pts',(21.3492489606142,39.6749664098024,3.));
#14823=CARTESIAN_POINT('',(21.240791156888,39.0845841914415,5.));
#14824=CARTESIAN_POINT('Ctrl Pts',(21.240791156888,39.0845841914415,5.));
#14825=CARTESIAN_POINT('Ctrl Pts',(21.2446866474449,39.1889737541917,5.));
#14826=CARTESIAN_POINT('Ctrl Pts',(21.2522300647389,39.3911187784117,5.));
#14827=CARTESIAN_POINT('Ctrl Pts',(21.3176247139386,39.5824435313219,5.));
#14828=CARTESIAN_POINT('Ctrl Pts',(21.3492489606142,39.6749664098024,5.));
#14829=CARTESIAN_POINT('',(21.240791156888,39.0845841914415,3.));
#14830=CARTESIAN_POINT('',(21.240791156888,39.0845841914415,5.));
#14831=CARTESIAN_POINT('Ctrl Pts',(21.240791156888,39.0845841914415,3.));
#14832=CARTESIAN_POINT('Ctrl Pts',(21.2446866474449,39.1889737541917,3.));
#14833=CARTESIAN_POINT('Ctrl Pts',(21.2522300647389,39.3911187784117,3.));
#14834=CARTESIAN_POINT('Ctrl Pts',(21.3176247139386,39.5824435313219,3.));
#14835=CARTESIAN_POINT('Ctrl Pts',(21.3492489606142,39.6749664098024,3.));
#14836=CARTESIAN_POINT('Ctrl Pts',(21.3605047017336,38.4942022711039,5.));
#14837=CARTESIAN_POINT('Ctrl Pts',(21.3605047017336,38.4942022711039,3.));
#14838=CARTESIAN_POINT('Ctrl Pts',(21.3256054162425,38.5851722608343,5.));
#14839=CARTESIAN_POINT('Ctrl Pts',(21.3256054162425,38.5851722608343,3.));
#14840=CARTESIAN_POINT('Ctrl Pts',(21.2527341101913,38.7751217646665,5.));
#14841=CARTESIAN_POINT('Ctrl Pts',(21.2527341101913,38.7751217646665,3.));
#14842=CARTESIAN_POINT('Ctrl Pts',(21.2448824998876,38.9785704692686,5.));
#14843=CARTESIAN_POINT('Ctrl Pts',(21.2448824998876,38.9785704692686,3.));
#14844=CARTESIAN_POINT('Ctrl Pts',(21.240791156888,39.0845841914415,5.));
#14845=CARTESIAN_POINT('Ctrl Pts',(21.240791156888,39.0845841914415,3.));
#14846=CARTESIAN_POINT('',(21.3605047017336,38.4942022711039,5.));
#14847=CARTESIAN_POINT('Ctrl Pts',(21.3605047017336,38.4942022711039,5.));
#14848=CARTESIAN_POINT('Ctrl Pts',(21.3256054162425,38.5851722608343,5.));
#14849=CARTESIAN_POINT('Ctrl Pts',(21.2527341101913,38.7751217646665,5.));
#14850=CARTESIAN_POINT('Ctrl Pts',(21.2448824998876,38.9785704692686,5.));
#14851=CARTESIAN_POINT('Ctrl Pts',(21.240791156888,39.0845841914415,5.));
#14852=CARTESIAN_POINT('',(21.3605047017336,38.4942022711039,3.));
#14853=CARTESIAN_POINT('',(21.3605047017336,38.4942022711039,5.));
#14854=CARTESIAN_POINT('Ctrl Pts',(21.3605047017336,38.4942022711039,3.));
#14855=CARTESIAN_POINT('Ctrl Pts',(21.3256054162425,38.5851722608343,3.));
#14856=CARTESIAN_POINT('Ctrl Pts',(21.2527341101913,38.7751217646665,3.));
#14857=CARTESIAN_POINT('Ctrl Pts',(21.2448824998876,38.9785704692686,3.));
#14858=CARTESIAN_POINT('Ctrl Pts',(21.240791156888,39.0845841914415,3.));
#14859=CARTESIAN_POINT('Ctrl Pts',(21.6981578618288,38.0941341072321,5.));
#14860=CARTESIAN_POINT('Ctrl Pts',(21.6981578618288,38.0941341072321,3.));
#14861=CARTESIAN_POINT('Ctrl Pts',(21.6291885883258,38.1475188021167,5.));
#14862=CARTESIAN_POINT('Ctrl Pts',(21.6291885883258,38.1475188021167,3.));
#14863=CARTESIAN_POINT('Ctrl Pts',(21.4881550284051,38.2566838430466,5.));
#14864=CARTESIAN_POINT('Ctrl Pts',(21.4881550284051,38.2566838430466,3.));
#14865=CARTESIAN_POINT('Ctrl Pts',(21.4036728043711,38.4138795633755,5.));
#14866=CARTESIAN_POINT('Ctrl Pts',(21.4036728043711,38.4138795633755,3.));
#14867=CARTESIAN_POINT('Ctrl Pts',(21.3605047017336,38.4942022711039,5.));
#14868=CARTESIAN_POINT('Ctrl Pts',(21.3605047017336,38.4942022711039,3.));
#14869=CARTESIAN_POINT('',(21.6981578618288,38.0941341072321,5.));
#14870=CARTESIAN_POINT('Ctrl Pts',(21.6981578618288,38.0941341072321,5.));
#14871=CARTESIAN_POINT('Ctrl Pts',(21.6291885883258,38.1475188021167,5.));
#14872=CARTESIAN_POINT('Ctrl Pts',(21.4881550284051,38.2566838430466,5.));
#14873=CARTESIAN_POINT('Ctrl Pts',(21.4036728043711,38.4138795633755,5.));
#14874=CARTESIAN_POINT('Ctrl Pts',(21.3605047017336,38.4942022711039,5.));
#14875=CARTESIAN_POINT('',(21.6981578618288,38.0941341072321,3.));
#14876=CARTESIAN_POINT('',(21.6981578618288,38.0941341072321,5.));
#14877=CARTESIAN_POINT('Ctrl Pts',(21.6981578618288,38.0941341072321,3.));
#14878=CARTESIAN_POINT('Ctrl Pts',(21.6291885883258,38.1475188021167,3.));
#14879=CARTESIAN_POINT('Ctrl Pts',(21.4881550284051,38.2566838430466,3.));
#14880=CARTESIAN_POINT('Ctrl Pts',(21.4036728043711,38.4138795633755,3.));
#14881=CARTESIAN_POINT('Ctrl Pts',(21.3605047017336,38.4942022711039,3.));
#14882=CARTESIAN_POINT('Ctrl Pts',(22.1759892255068,37.9508871585131,5.));
#14883=CARTESIAN_POINT('Ctrl Pts',(22.1759892255068,37.9508871585131,3.));
#14884=CARTESIAN_POINT('Ctrl Pts',(22.0910733329641,37.9568780455225,5.));
#14885=CARTESIAN_POINT('Ctrl Pts',(22.0910733329641,37.9568780455225,3.));
#14886=CARTESIAN_POINT('Ctrl Pts',(21.921082535048,37.9688710380291,5.));
#14887=CARTESIAN_POINT('Ctrl Pts',(21.921082535048,37.9688710380291,3.));
#14888=CARTESIAN_POINT('Ctrl Pts',(21.7725124114015,38.0523537203679,5.));
#14889=CARTESIAN_POINT('Ctrl Pts',(21.7725124114015,38.0523537203679,3.));
#14890=CARTESIAN_POINT('Ctrl Pts',(21.6981578618288,38.0941341072321,5.));
#14891=CARTESIAN_POINT('Ctrl Pts',(21.6981578618288,38.0941341072321,3.));
#14892=CARTESIAN_POINT('',(22.1759892255068,37.9508871585131,5.));
#14893=CARTESIAN_POINT('Ctrl Pts',(22.1759892255068,37.9508871585131,5.));
#14894=CARTESIAN_POINT('Ctrl Pts',(22.0910733329641,37.9568780455225,5.));
#14895=CARTESIAN_POINT('Ctrl Pts',(21.921082535048,37.9688710380291,5.));
#14896=CARTESIAN_POINT('Ctrl Pts',(21.7725124114015,38.0523537203679,5.));
#14897=CARTESIAN_POINT('Ctrl Pts',(21.6981578618288,38.0941341072321,5.));
#14898=CARTESIAN_POINT('',(22.1759892255068,37.9508871585131,3.));
#14899=CARTESIAN_POINT('',(22.1759892255068,37.9508871585131,5.));
#14900=CARTESIAN_POINT('Ctrl Pts',(22.1759892255068,37.9508871585131,3.));
#14901=CARTESIAN_POINT('Ctrl Pts',(22.0910733329641,37.9568780455225,3.));
#14902=CARTESIAN_POINT('Ctrl Pts',(21.921082535048,37.9688710380291,3.));
#14903=CARTESIAN_POINT('Ctrl Pts',(21.7725124114015,38.0523537203679,3.));
#14904=CARTESIAN_POINT('Ctrl Pts',(21.6981578618288,38.0941341072321,3.));
#14905=CARTESIAN_POINT('Ctrl Pts',(22.7837658673525,38.2742161303759,5.));
#14906=CARTESIAN_POINT('Ctrl Pts',(22.7837658673525,38.2742161303759,3.));
#14907=CARTESIAN_POINT('Ctrl Pts',(22.7058980331639,38.1799165942892,5.));
#14908=CARTESIAN_POINT('Ctrl Pts',(22.7058980331639,38.1799165942892,3.));
#14909=CARTESIAN_POINT('Ctrl Pts',(22.548053213733,37.988763297153,5.));
#14910=CARTESIAN_POINT('Ctrl Pts',(22.548053213733,37.988763297153,3.));
#14911=CARTESIAN_POINT('Ctrl Pts',(22.3011104528747,37.9636245077448,5.));
#14912=CARTESIAN_POINT('Ctrl Pts',(22.3011104528747,37.9636245077448,3.));
#14913=CARTESIAN_POINT('Ctrl Pts',(22.1759892255068,37.9508871585131,5.));
#14914=CARTESIAN_POINT('Ctrl Pts',(22.1759892255068,37.9508871585131,3.));
#14915=CARTESIAN_POINT('',(22.7837658673525,38.2742161303759,5.));
#14916=CARTESIAN_POINT('Ctrl Pts',(22.7837658673525,38.2742161303759,5.));
#14917=CARTESIAN_POINT('Ctrl Pts',(22.7058980331639,38.1799165942892,5.));
#14918=CARTESIAN_POINT('Ctrl Pts',(22.548053213733,37.988763297153,5.));
#14919=CARTESIAN_POINT('Ctrl Pts',(22.3011104528747,37.9636245077448,5.));
#14920=CARTESIAN_POINT('Ctrl Pts',(22.1759892255068,37.9508871585131,5.));
#14921=CARTESIAN_POINT('',(22.7837658673525,38.2742161303759,3.));
#14922=CARTESIAN_POINT('',(22.7837658673525,38.2742161303759,5.));
#14923=CARTESIAN_POINT('Ctrl Pts',(22.7837658673525,38.2742161303759,3.));
#14924=CARTESIAN_POINT('Ctrl Pts',(22.7058980331639,38.1799165942892,3.));
#14925=CARTESIAN_POINT('Ctrl Pts',(22.548053213733,37.988763297153,3.));
#14926=CARTESIAN_POINT('Ctrl Pts',(22.3011104528747,37.9636245077448,3.));
#14927=CARTESIAN_POINT('Ctrl Pts',(22.1759892255068,37.9508871585131,3.));
#14928=CARTESIAN_POINT('Origin',(22.7837658673525,38.0000004917383,5.));
#14929=CARTESIAN_POINT('',(22.7837658673525,38.0000004917383,5.));
#14930=CARTESIAN_POINT('',(22.7837658673525,20.2593165630317,5.));
#14931=CARTESIAN_POINT('',(22.7837658673525,38.0000004917383,3.));
#14932=CARTESIAN_POINT('',(22.7837658673525,38.0000004917383,5.));
#14933=CARTESIAN_POINT('',(22.7837658673525,38.0000004917383,3.));
#14934=CARTESIAN_POINT('Origin',(23.125511482358,38.0000004917383,5.));
#14935=CARTESIAN_POINT('',(34.1794669078401,38.0000004917383,5.));
#14936=CARTESIAN_POINT('',(23.125511482358,38.0000004917383,3.));
#14937=CARTESIAN_POINT('Origin',(28.6763299629092,39.0835612267256,3.));
#14938=CARTESIAN_POINT('Ctrl Pts',(16.6548431664705,38.2537520676851,5.));
#14939=CARTESIAN_POINT('Ctrl Pts',(16.6548431664705,38.2537520676851,3.));
#14940=CARTESIAN_POINT('Ctrl Pts',(16.7234782628438,38.2586781188694,5.));
#14941=CARTESIAN_POINT('Ctrl Pts',(16.7234782628438,38.2586781188694,3.));
#14942=CARTESIAN_POINT('Ctrl Pts',(16.8571781729888,38.268273976317,5.));
#14943=CARTESIAN_POINT('Ctrl Pts',(16.8571781729888,38.268273976317,3.));
#14944=CARTESIAN_POINT('Ctrl Pts',(16.9647189299254,38.3479789871211,5.));
#14945=CARTESIAN_POINT('Ctrl Pts',(16.9647189299254,38.3479789871211,3.));
#14946=CARTESIAN_POINT('Ctrl Pts',(17.0170534402132,38.386767283082,5.));
#14947=CARTESIAN_POINT('Ctrl Pts',(17.0170534402132,38.386767283082,3.));
#14948=CARTESIAN_POINT('',(16.6548431664705,38.2537520676851,5.));
#14949=CARTESIAN_POINT('',(17.0170534402132,38.386767283082,5.));
#14950=CARTESIAN_POINT('Ctrl Pts',(16.6548431664705,38.2537520676851,5.));
#14951=CARTESIAN_POINT('Ctrl Pts',(16.7234782628438,38.2586781188694,5.));
#14952=CARTESIAN_POINT('Ctrl Pts',(16.8571781729888,38.268273976317,5.));
#14953=CARTESIAN_POINT('Ctrl Pts',(16.9647189299254,38.3479789871211,5.));
#14954=CARTESIAN_POINT('Ctrl Pts',(17.0170534402132,38.386767283082,5.));
#14955=CARTESIAN_POINT('',(16.6548431664705,38.2537520676851,3.));
#14956=CARTESIAN_POINT('',(16.6548431664705,38.2537520676851,5.));
#14957=CARTESIAN_POINT('',(17.0170534402132,38.386767283082,3.));
#14958=CARTESIAN_POINT('Ctrl Pts',(16.6548431664705,38.2537520676851,3.));
#14959=CARTESIAN_POINT('Ctrl Pts',(16.7234782628438,38.2586781188694,3.));
#14960=CARTESIAN_POINT('Ctrl Pts',(16.8571781729888,38.268273976317,3.));
#14961=CARTESIAN_POINT('Ctrl Pts',(16.9647189299254,38.3479789871211,3.));
#14962=CARTESIAN_POINT('Ctrl Pts',(17.0170534402132,38.386767283082,3.));
#14963=CARTESIAN_POINT('',(17.0170534402132,38.386767283082,5.));
#14964=CARTESIAN_POINT('Ctrl Pts',(16.2169165164232,38.4522516280413,5.));
#14965=CARTESIAN_POINT('Ctrl Pts',(16.2169165164232,38.4522516280413,3.));
#14966=CARTESIAN_POINT('Ctrl Pts',(16.2776038616967,38.3943580116832,5.));
#14967=CARTESIAN_POINT('Ctrl Pts',(16.2776038616967,38.3943580116832,3.));
#14968=CARTESIAN_POINT('Ctrl Pts',(16.4003406125746,38.2772714207911,5.));
#14969=CARTESIAN_POINT('Ctrl Pts',(16.4003406125746,38.2772714207911,3.));
#14970=CARTESIAN_POINT('Ctrl Pts',(16.5693836683421,38.2616496391711,5.));
#14971=CARTESIAN_POINT('Ctrl Pts',(16.5693836683421,38.2616496391711,3.));
#14972=CARTESIAN_POINT('Ctrl Pts',(16.6548431664705,38.2537520676851,5.));
#14973=CARTESIAN_POINT('Ctrl Pts',(16.6548431664705,38.2537520676851,3.));
#14974=CARTESIAN_POINT('',(16.2169165164232,38.4522516280413,5.));
#14975=CARTESIAN_POINT('Ctrl Pts',(16.2169165164232,38.4522516280413,5.));
#14976=CARTESIAN_POINT('Ctrl Pts',(16.2776038616967,38.3943580116832,5.));
#14977=CARTESIAN_POINT('Ctrl Pts',(16.4003406125746,38.2772714207911,5.));
#14978=CARTESIAN_POINT('Ctrl Pts',(16.5693836683421,38.2616496391711,5.));
#14979=CARTESIAN_POINT('Ctrl Pts',(16.6548431664705,38.2537520676851,5.));
#14980=CARTESIAN_POINT('',(16.2169165164232,38.4522516280413,3.));
#14981=CARTESIAN_POINT('',(16.2169165164232,38.4522516280413,5.));
#14982=CARTESIAN_POINT('Ctrl Pts',(16.2169165164232,38.4522516280413,3.));
#14983=CARTESIAN_POINT('Ctrl Pts',(16.2776038616967,38.3943580116832,3.));
#14984=CARTESIAN_POINT('Ctrl Pts',(16.4003406125746,38.2772714207911,3.));
#14985=CARTESIAN_POINT('Ctrl Pts',(16.5693836683421,38.2616496391711,3.));
#14986=CARTESIAN_POINT('Ctrl Pts',(16.6548431664705,38.2537520676851,3.));
#14987=CARTESIAN_POINT('Ctrl Pts',(16.0491133481264,39.0886772423983,5.));
#14988=CARTESIAN_POINT('Ctrl Pts',(16.0491133481264,39.0886772423983,3.));
#14989=CARTESIAN_POINT('Ctrl Pts',(16.0512642032687,38.9592270907103,5.));
#14990=CARTESIAN_POINT('Ctrl Pts',(16.0512642032687,38.9592270907103,3.));
#14991=CARTESIAN_POINT('Ctrl Pts',(16.0550399972615,38.7319792879567,5.));
#14992=CARTESIAN_POINT('Ctrl Pts',(16.0550399972615,38.7319792879567,3.));
#14993=CARTESIAN_POINT('Ctrl Pts',(16.1682121178516,38.5364143436135,5.));
#14994=CARTESIAN_POINT('Ctrl Pts',(16.1682121178516,38.5364143436135,3.));
#14995=CARTESIAN_POINT('Ctrl Pts',(16.2169165164232,38.4522516280413,5.));
#14996=CARTESIAN_POINT('Ctrl Pts',(16.2169165164232,38.4522516280413,3.));
#14997=CARTESIAN_POINT('',(16.0491133481264,39.0886772423983,5.));
#14998=CARTESIAN_POINT('Ctrl Pts',(16.0491133481264,39.0886772423983,5.));
#14999=CARTESIAN_POINT('Ctrl Pts',(16.0512642032687,38.9592270907103,5.));
#15000=CARTESIAN_POINT('Ctrl Pts',(16.0550399972615,38.7319792879567,5.));
#15001=CARTESIAN_POINT('Ctrl Pts',(16.1682121178516,38.5364143436135,5.));
#15002=CARTESIAN_POINT('Ctrl Pts',(16.2169165164232,38.4522516280413,5.));
#15003=CARTESIAN_POINT('',(16.0491133481264,39.0886772423983,3.));
#15004=CARTESIAN_POINT('',(16.0491133481264,39.0886772423983,5.));
#15005=CARTESIAN_POINT('Ctrl Pts',(16.0491133481264,39.0886772423983,3.));
#15006=CARTESIAN_POINT('Ctrl Pts',(16.0512642032687,38.9592270907103,3.));
#15007=CARTESIAN_POINT('Ctrl Pts',(16.0550399972615,38.7319792879567,3.));
#15008=CARTESIAN_POINT('Ctrl Pts',(16.1682121178516,38.5364143436135,3.));
#15009=CARTESIAN_POINT('Ctrl Pts',(16.2169165164232,38.4522516280413,3.));
#15010=CARTESIAN_POINT('Ctrl Pts',(16.2230557948351,39.7199869900942,5.));
#15011=CARTESIAN_POINT('Ctrl Pts',(16.2230557948351,39.7199869900942,3.));
#15012=CARTESIAN_POINT('Ctrl Pts',(16.1725444462202,39.6362383941026,5.));
#15013=CARTESIAN_POINT('Ctrl Pts',(16.1725444462202,39.6362383941026,3.));
#15014=CARTESIAN_POINT('Ctrl Pts',(16.0562143754452,39.4433613404075,5.));
#15015=CARTESIAN_POINT('Ctrl Pts',(16.0562143754452,39.4433613404075,3.));
#15016=CARTESIAN_POINT('Ctrl Pts',(16.0516792753369,39.2168408921557,5.));
#15017=CARTESIAN_POINT('Ctrl Pts',(16.0516792753369,39.2168408921557,3.));
#15018=CARTESIAN_POINT('Ctrl Pts',(16.0491133481264,39.0886772423983,5.));
#15019=CARTESIAN_POINT('Ctrl Pts',(16.0491133481264,39.0886772423983,3.));
#15020=CARTESIAN_POINT('',(16.2230557948351,39.7199869900942,5.));
#15021=CARTESIAN_POINT('Ctrl Pts',(16.2230557948351,39.7199869900942,5.));
#15022=CARTESIAN_POINT('Ctrl Pts',(16.1725444462202,39.6362383941026,5.));
#15023=CARTESIAN_POINT('Ctrl Pts',(16.0562143754452,39.4433613404075,5.));
#15024=CARTESIAN_POINT('Ctrl Pts',(16.0516792753369,39.2168408921557,5.));
#15025=CARTESIAN_POINT('Ctrl Pts',(16.0491133481264,39.0886772423983,5.));
#15026=CARTESIAN_POINT('',(16.2230557948351,39.7199869900942,3.));
#15027=CARTESIAN_POINT('',(16.2230557948351,39.7199869900942,5.));
#15028=CARTESIAN_POINT('Ctrl Pts',(16.2230557948351,39.7199869900942,3.));
#15029=CARTESIAN_POINT('Ctrl Pts',(16.1725444462202,39.6362383941026,3.));
#15030=CARTESIAN_POINT('Ctrl Pts',(16.0562143754452,39.4433613404075,3.));
#15031=CARTESIAN_POINT('Ctrl Pts',(16.0516792753369,39.2168408921557,3.));
#15032=CARTESIAN_POINT('Ctrl Pts',(16.0491133481264,39.0886772423983,3.));
#15033=CARTESIAN_POINT('Ctrl Pts',(16.6753066331148,39.9195095151663,5.));
#15034=CARTESIAN_POINT('Ctrl Pts',(16.6753066331148,39.9195095151663,3.));
#15035=CARTESIAN_POINT('Ctrl Pts',(16.587316803575,39.9116847005238,5.));
#15036=CARTESIAN_POINT('Ctrl Pts',(16.587316803575,39.9116847005238,3.));
#15037=CARTESIAN_POINT('Ctrl Pts',(16.4138316170678,39.8962569012572,5.));
#15038=CARTESIAN_POINT('Ctrl Pts',(16.4138316170678,39.8962569012572,3.));
#15039=CARTESIAN_POINT('Ctrl Pts',(16.2860352248869,39.778177689578,5.));
#15040=CARTESIAN_POINT('Ctrl Pts',(16.2860352248869,39.778177689578,3.));
#15041=CARTESIAN_POINT('Ctrl Pts',(16.2230557948351,39.7199869900942,5.));
#15042=CARTESIAN_POINT('Ctrl Pts',(16.2230557948351,39.7199869900942,3.));
#15043=CARTESIAN_POINT('',(16.6753066331148,39.9195095151663,5.));
#15044=CARTESIAN_POINT('Ctrl Pts',(16.6753066331148,39.9195095151663,5.));
#15045=CARTESIAN_POINT('Ctrl Pts',(16.587316803575,39.9116847005238,5.));
#15046=CARTESIAN_POINT('Ctrl Pts',(16.4138316170678,39.8962569012572,5.));
#15047=CARTESIAN_POINT('Ctrl Pts',(16.2860352248869,39.778177689578,5.));
#15048=CARTESIAN_POINT('Ctrl Pts',(16.2230557948351,39.7199869900942,5.));
#15049=CARTESIAN_POINT('',(16.6753066331148,39.9195095151663,3.));
#15050=CARTESIAN_POINT('',(16.6753066331148,39.9195095151663,5.));
#15051=CARTESIAN_POINT('Ctrl Pts',(16.6753066331148,39.9195095151663,3.));
#15052=CARTESIAN_POINT('Ctrl Pts',(16.587316803575,39.9116847005238,3.));
#15053=CARTESIAN_POINT('Ctrl Pts',(16.4138316170678,39.8962569012572,3.));
#15054=CARTESIAN_POINT('Ctrl Pts',(16.2860352248869,39.778177689578,3.));
#15055=CARTESIAN_POINT('Ctrl Pts',(16.2230557948351,39.7199869900942,3.));
#15056=CARTESIAN_POINT('Ctrl Pts',(16.9894266873598,39.8090047389269,5.));
#15057=CARTESIAN_POINT('Ctrl Pts',(16.9894266873598,39.8090047389269,3.));
#15058=CARTESIAN_POINT('Ctrl Pts',(16.9432307361948,39.8412312514539,5.));
#15059=CARTESIAN_POINT('Ctrl Pts',(16.9432307361948,39.8412312514539,3.));
#15060=CARTESIAN_POINT('Ctrl Pts',(16.8488532407319,39.9070694356042,5.));
#15061=CARTESIAN_POINT('Ctrl Pts',(16.8488532407319,39.9070694356042,3.));
#15062=CARTESIAN_POINT('Ctrl Pts',(16.7339612338801,39.9153050659395,5.));
#15063=CARTESIAN_POINT('Ctrl Pts',(16.7339612338801,39.9153050659395,3.));
#15064=CARTESIAN_POINT('Ctrl Pts',(16.6753066331148,39.9195095151663,5.));
#15065=CARTESIAN_POINT('Ctrl Pts',(16.6753066331148,39.9195095151663,3.));
#15066=CARTESIAN_POINT('',(16.9894266873598,39.8090047389269,5.));
#15067=CARTESIAN_POINT('Ctrl Pts',(16.9894266873598,39.8090047389269,5.));
#15068=CARTESIAN_POINT('Ctrl Pts',(16.9432307361948,39.8412312514539,5.));
#15069=CARTESIAN_POINT('Ctrl Pts',(16.8488532407319,39.9070694356042,5.));
#15070=CARTESIAN_POINT('Ctrl Pts',(16.7339612338801,39.9153050659395,5.));
#15071=CARTESIAN_POINT('Ctrl Pts',(16.6753066331148,39.9195095151663,5.));
#15072=CARTESIAN_POINT('',(16.9894266873598,39.8090047389269,3.));
#15073=CARTESIAN_POINT('',(16.9894266873598,39.8090047389269,5.));
#15074=CARTESIAN_POINT('Ctrl Pts',(16.9894266873598,39.8090047389269,3.));
#15075=CARTESIAN_POINT('Ctrl Pts',(16.9432307361948,39.8412312514539,3.));
#15076=CARTESIAN_POINT('Ctrl Pts',(16.8488532407319,39.9070694356042,3.));
#15077=CARTESIAN_POINT('Ctrl Pts',(16.7339612338801,39.9153050659395,3.));
#15078=CARTESIAN_POINT('Ctrl Pts',(16.6753066331148,39.9195095151663,3.));
#15079=CARTESIAN_POINT('Ctrl Pts',(17.1705318242311,39.4795367866755,5.));
#15080=CARTESIAN_POINT('Ctrl Pts',(17.1705318242311,39.4795367866755,3.));
#15081=CARTESIAN_POINT('Ctrl Pts',(17.1520158938123,39.5463714445223,5.));
#15082=CARTESIAN_POINT('Ctrl Pts',(17.1520158938123,39.5463714445223,3.));
#15083=CARTESIAN_POINT('Ctrl Pts',(17.1175353294364,39.6708316617678,5.));
#15084=CARTESIAN_POINT('Ctrl Pts',(17.1175353294364,39.6708316617678,3.));
#15085=CARTESIAN_POINT('Ctrl Pts',(17.0299698439947,39.7652764422314,5.));
#15086=CARTESIAN_POINT('Ctrl Pts',(17.0299698439947,39.7652764422314,3.));
#15087=CARTESIAN_POINT('Ctrl Pts',(16.9894266873598,39.8090047389269,5.));
#15088=CARTESIAN_POINT('Ctrl Pts',(16.9894266873598,39.8090047389269,3.));
#15089=CARTESIAN_POINT('',(17.1705318242311,39.4795367866755,5.));
#15090=CARTESIAN_POINT('Ctrl Pts',(17.1705318242311,39.4795367866755,5.));
#15091=CARTESIAN_POINT('Ctrl Pts',(17.1520158938123,39.5463714445223,5.));
#15092=CARTESIAN_POINT('Ctrl Pts',(17.1175353294364,39.6708316617678,5.));
#15093=CARTESIAN_POINT('Ctrl Pts',(17.0299698439947,39.7652764422314,5.));
#15094=CARTESIAN_POINT('Ctrl Pts',(16.9894266873598,39.8090047389269,5.));
#15095=CARTESIAN_POINT('',(17.1705318242311,39.4795367866755,3.));
#15096=CARTESIAN_POINT('',(17.1705318242311,39.4795367866755,5.));
#15097=CARTESIAN_POINT('Ctrl Pts',(17.1705318242311,39.4795367866755,3.));
#15098=CARTESIAN_POINT('Ctrl Pts',(17.1520158938123,39.5463714445223,3.));
#15099=CARTESIAN_POINT('Ctrl Pts',(17.1175353294364,39.6708316617678,3.));
#15100=CARTESIAN_POINT('Ctrl Pts',(17.0299698439947,39.7652764422314,3.));
#15101=CARTESIAN_POINT('Ctrl Pts',(16.9894266873598,39.8090047389269,3.));
#15102=CARTESIAN_POINT('Origin',(17.5286496430635,39.5347891002893,5.));
#15103=CARTESIAN_POINT('',(17.5286496430635,39.5347891002893,5.));
#15104=CARTESIAN_POINT('',(28.2698291366192,41.191995155816,5.));
#15105=CARTESIAN_POINT('',(17.5286496430635,39.5347891002893,3.));
#15106=CARTESIAN_POINT('',(17.5286496430635,39.5347891002893,5.));
#15107=CARTESIAN_POINT('',(17.5286496430635,39.5347891002893,3.));
#15108=CARTESIAN_POINT('Ctrl Pts',(17.2401089221239,40.0433156639338,5.));
#15109=CARTESIAN_POINT('Ctrl Pts',(17.2401089221239,40.0433156639338,3.));
#15110=CARTESIAN_POINT('Ctrl Pts',(17.3087944037773,39.9752105459257,5.));
#15111=CARTESIAN_POINT('Ctrl Pts',(17.3087944037773,39.9752105459257,3.));
#15112=CARTESIAN_POINT('Ctrl Pts',(17.4522202726448,39.8329965657732,5.));
#15113=CARTESIAN_POINT('Ctrl Pts',(17.4522202726448,39.8329965657732,3.));
#15114=CARTESIAN_POINT('Ctrl Pts',(17.5024661221001,39.6369503686757,5.));
#15115=CARTESIAN_POINT('Ctrl Pts',(17.5024661221001,39.6369503686757,3.));
#15116=CARTESIAN_POINT('Ctrl Pts',(17.5286496430635,39.5347891002893,5.));
#15117=CARTESIAN_POINT('Ctrl Pts',(17.5286496430635,39.5347891002893,3.));
#15118=CARTESIAN_POINT('',(17.2401089221239,40.0433156639338,5.));
#15119=CARTESIAN_POINT('Ctrl Pts',(17.2401089221239,40.0433156639338,5.));
#15120=CARTESIAN_POINT('Ctrl Pts',(17.3087944037773,39.9752105459257,5.));
#15121=CARTESIAN_POINT('Ctrl Pts',(17.4522202726448,39.8329965657732,5.));
#15122=CARTESIAN_POINT('Ctrl Pts',(17.5024661221001,39.6369503686757,5.));
#15123=CARTESIAN_POINT('Ctrl Pts',(17.5286496430635,39.5347891002893,5.));
#15124=CARTESIAN_POINT('',(17.2401089221239,40.0433156639338,3.));
#15125=CARTESIAN_POINT('',(17.2401089221239,40.0433156639338,5.));
#15126=CARTESIAN_POINT('Ctrl Pts',(17.2401089221239,40.0433156639338,3.));
#15127=CARTESIAN_POINT('Ctrl Pts',(17.3087944037773,39.9752105459257,3.));
#15128=CARTESIAN_POINT('Ctrl Pts',(17.4522202726448,39.8329965657732,3.));
#15129=CARTESIAN_POINT('Ctrl Pts',(17.5024661221001,39.6369503686757,3.));
#15130=CARTESIAN_POINT('Ctrl Pts',(17.5286496430635,39.5347891002893,3.));
#15131=CARTESIAN_POINT('Ctrl Pts',(16.6609824448824,40.2223744243383,5.));
#15132=CARTESIAN_POINT('Ctrl Pts',(16.6609824448824,40.2223744243383,3.));
#15133=CARTESIAN_POINT('Ctrl Pts',(16.7712190300113,40.2167436547666,5.));
#15134=CARTESIAN_POINT('Ctrl Pts',(16.7712190300113,40.2167436547666,3.));
#15135=CARTESIAN_POINT('Ctrl Pts',(16.9799438944929,40.2060822068052,5.));
#15136=CARTESIAN_POINT('Ctrl Pts',(16.9799438944929,40.2060822068052,3.));
#15137=CARTESIAN_POINT('Ctrl Pts',(17.1567036172618,40.0954963634426,5.));
#15138=CARTESIAN_POINT('Ctrl Pts',(17.1567036172618,40.0954963634426,3.));
#15139=CARTESIAN_POINT('Ctrl Pts',(17.2401089221239,40.0433156639338,5.));
#15140=CARTESIAN_POINT('Ctrl Pts',(17.2401089221239,40.0433156639338,3.));
#15141=CARTESIAN_POINT('',(16.6609824448824,40.2223744243383,5.));
#15142=CARTESIAN_POINT('Ctrl Pts',(16.6609824448824,40.2223744243383,5.));
#15143=CARTESIAN_POINT('Ctrl Pts',(16.7712190300113,40.2167436547666,5.));
#15144=CARTESIAN_POINT('Ctrl Pts',(16.9799438944929,40.2060822068052,5.));
#15145=CARTESIAN_POINT('Ctrl Pts',(17.1567036172618,40.0954963634426,5.));
#15146=CARTESIAN_POINT('Ctrl Pts',(17.2401089221239,40.0433156639338,5.));
#15147=CARTESIAN_POINT('',(16.6609824448824,40.2223744243383,3.));
#15148=CARTESIAN_POINT('',(16.6609824448824,40.2223744243383,5.));
#15149=CARTESIAN_POINT('Ctrl Pts',(16.6609824448824,40.2223744243383,3.));
#15150=CARTESIAN_POINT('Ctrl Pts',(16.7712190300113,40.2167436547666,3.));
#15151=CARTESIAN_POINT('Ctrl Pts',(16.9799438944929,40.2060822068052,3.));
#15152=CARTESIAN_POINT('Ctrl Pts',(17.1567036172618,40.0954963634426,3.));
#15153=CARTESIAN_POINT('Ctrl Pts',(17.2401089221239,40.0433156639338,3.));
#15154=CARTESIAN_POINT('Ctrl Pts',(16.1422235518694,40.0903826206923,5.));
#15155=CARTESIAN_POINT('Ctrl Pts',(16.1422235518694,40.0903826206923,3.));
#15156=CARTESIAN_POINT('Ctrl Pts',(16.2237826574833,40.1288795870224,5.));
#15157=CARTESIAN_POINT('Ctrl Pts',(16.2237826574833,40.1288795870224,3.));
#15158=CARTESIAN_POINT('Ctrl Pts',(16.388125243561,40.2064514406521,5.));
#15159=CARTESIAN_POINT('Ctrl Pts',(16.388125243561,40.2064514406521,3.));
#15160=CARTESIAN_POINT('Ctrl Pts',(16.5695794249132,40.2170404665436,5.));
#15161=CARTESIAN_POINT('Ctrl Pts',(16.5695794249132,40.2170404665436,3.));
#15162=CARTESIAN_POINT('Ctrl Pts',(16.6609824448824,40.2223744243383,5.));
#15163=CARTESIAN_POINT('Ctrl Pts',(16.6609824448824,40.2223744243383,3.));
#15164=CARTESIAN_POINT('',(16.1422235518694,40.0903826206923,5.));
#15165=CARTESIAN_POINT('Ctrl Pts',(16.1422235518694,40.0903826206923,5.));
#15166=CARTESIAN_POINT('Ctrl Pts',(16.2237826574833,40.1288795870224,5.));
#15167=CARTESIAN_POINT('Ctrl Pts',(16.388125243561,40.2064514406521,5.));
#15168=CARTESIAN_POINT('Ctrl Pts',(16.5695794249132,40.2170404665436,5.));
#15169=CARTESIAN_POINT('Ctrl Pts',(16.6609824448824,40.2223744243383,5.));
#15170=CARTESIAN_POINT('',(16.1422235518694,40.0903826206923,3.));
#15171=CARTESIAN_POINT('',(16.1422235518694,40.0903826206923,5.));
#15172=CARTESIAN_POINT('Ctrl Pts',(16.1422235518694,40.0903826206923,3.));
#15173=CARTESIAN_POINT('Ctrl Pts',(16.2237826574833,40.1288795870224,3.));
#15174=CARTESIAN_POINT('Ctrl Pts',(16.388125243561,40.2064514406521,3.));
#15175=CARTESIAN_POINT('Ctrl Pts',(16.5695794249132,40.2170404665436,3.));
#15176=CARTESIAN_POINT('Ctrl Pts',(16.6609824448824,40.2223744243383,3.));
#15177=CARTESIAN_POINT('Ctrl Pts',(15.7871759682894,39.6944070607424,5.));
#15178=CARTESIAN_POINT('Ctrl Pts',(15.7871759682894,39.6944070607424,3.));
#15179=CARTESIAN_POINT('Ctrl Pts',(15.8304964920458,39.7765468542373,5.));
#15180=CARTESIAN_POINT('Ctrl Pts',(15.8304964920458,39.7765468542373,3.));
#15181=CARTESIAN_POINT('Ctrl Pts',(15.9158123275559,39.9383137144454,5.));
#15182=CARTESIAN_POINT('Ctrl Pts',(15.9158123275559,39.9383137144454,3.));
#15183=CARTESIAN_POINT('Ctrl Pts',(16.0675387331875,40.0402206257442,5.));
#15184=CARTESIAN_POINT('Ctrl Pts',(16.0675387331875,40.0402206257442,3.));
#15185=CARTESIAN_POINT('Ctrl Pts',(16.1422235518694,40.0903826206923,5.));
#15186=CARTESIAN_POINT('Ctrl Pts',(16.1422235518694,40.0903826206923,3.));
#15187=CARTESIAN_POINT('',(15.7871759682894,39.6944070607424,5.));
#15188=CARTESIAN_POINT('Ctrl Pts',(15.7871759682894,39.6944070607424,5.));
#15189=CARTESIAN_POINT('Ctrl Pts',(15.8304964920458,39.7765468542373,5.));
#15190=CARTESIAN_POINT('Ctrl Pts',(15.9158123275559,39.9383137144454,5.));
#15191=CARTESIAN_POINT('Ctrl Pts',(16.0675387331875,40.0402206257442,5.));
#15192=CARTESIAN_POINT('Ctrl Pts',(16.1422235518694,40.0903826206923,5.));
#15193=CARTESIAN_POINT('',(15.7871759682894,39.6944070607424,3.));
#15194=CARTESIAN_POINT('',(15.7871759682894,39.6944070607424,5.));
#15195=CARTESIAN_POINT('Ctrl Pts',(15.7871759682894,39.6944070607424,3.));
#15196=CARTESIAN_POINT('Ctrl Pts',(15.8304964920458,39.7765468542373,3.));
#15197=CARTESIAN_POINT('Ctrl Pts',(15.9158123275559,39.9383137144454,3.));
#15198=CARTESIAN_POINT('Ctrl Pts',(16.0675387331875,40.0402206257442,3.));
#15199=CARTESIAN_POINT('Ctrl Pts',(16.1422235518694,40.0903826206923,3.));
#15200=CARTESIAN_POINT('Ctrl Pts',(15.6705320626497,39.0784452110529,5.));
#15201=CARTESIAN_POINT('Ctrl Pts',(15.6705320626497,39.0784452110529,3.));
#15202=CARTESIAN_POINT('Ctrl Pts',(15.6743188543237,39.1895949281606,5.));
#15203=CARTESIAN_POINT('Ctrl Pts',(15.6743188543237,39.1895949281606,3.));
#15204=CARTESIAN_POINT('Ctrl Pts',(15.6815243307215,39.4010897058471,5.));
#15205=CARTESIAN_POINT('Ctrl Pts',(15.6815243307215,39.4010897058471,3.));
#15206=CARTESIAN_POINT('Ctrl Pts',(15.7531789651131,39.600022238362,5.));
#15207=CARTESIAN_POINT('Ctrl Pts',(15.7531789651131,39.600022238362,3.));
#15208=CARTESIAN_POINT('Ctrl Pts',(15.7871759682894,39.6944070607424,5.));
#15209=CARTESIAN_POINT('Ctrl Pts',(15.7871759682894,39.6944070607424,3.));
#15210=CARTESIAN_POINT('',(15.6705320626497,39.0784452110529,5.));
#15211=CARTESIAN_POINT('Ctrl Pts',(15.6705320626497,39.0784452110529,5.));
#15212=CARTESIAN_POINT('Ctrl Pts',(15.6743188543237,39.1895949281606,5.));
#15213=CARTESIAN_POINT('Ctrl Pts',(15.6815243307215,39.4010897058471,5.));
#15214=CARTESIAN_POINT('Ctrl Pts',(15.7531789651131,39.600022238362,5.));
#15215=CARTESIAN_POINT('Ctrl Pts',(15.7871759682894,39.6944070607424,5.));
#15216=CARTESIAN_POINT('',(15.6705320626497,39.0784452110529,3.));
#15217=CARTESIAN_POINT('',(15.6705320626497,39.0784452110529,5.));
#15218=CARTESIAN_POINT('Ctrl Pts',(15.6705320626497,39.0784452110529,3.));
#15219=CARTESIAN_POINT('Ctrl Pts',(15.6743188543237,39.1895949281606,3.));
#15220=CARTESIAN_POINT('Ctrl Pts',(15.6815243307215,39.4010897058471,3.));
#15221=CARTESIAN_POINT('Ctrl Pts',(15.7531789651131,39.600022238362,3.));
#15222=CARTESIAN_POINT('Ctrl Pts',(15.7871759682894,39.6944070607424,3.));
#15223=CARTESIAN_POINT('Ctrl Pts',(15.9416777640581,38.2424969226122,5.));
#15224=CARTESIAN_POINT('Ctrl Pts',(15.9416777640581,38.2424969226122,3.));
#15225=CARTESIAN_POINT('Ctrl Pts',(15.8627473088319,38.3569412752999,5.));
#15226=CARTESIAN_POINT('Ctrl Pts',(15.8627473088319,38.3569412752999,3.));
#15227=CARTESIAN_POINT('Ctrl Pts',(15.690030922866,38.6073695153723,5.));
#15228=CARTESIAN_POINT('Ctrl Pts',(15.690030922866,38.6073695153723,3.));
#15229=CARTESIAN_POINT('Ctrl Pts',(15.6773939870651,38.9126670177734,5.));
#15230=CARTESIAN_POINT('Ctrl Pts',(15.6773939870651,38.9126670177734,3.));
#15231=CARTESIAN_POINT('Ctrl Pts',(15.6705320626497,39.0784452110529,5.));
#15232=CARTESIAN_POINT('Ctrl Pts',(15.6705320626497,39.0784452110529,3.));
#15233=CARTESIAN_POINT('',(15.9416777640581,38.2424969226122,5.));
#15234=CARTESIAN_POINT('Ctrl Pts',(15.9416777640581,38.2424969226122,5.));
#15235=CARTESIAN_POINT('Ctrl Pts',(15.8627473088319,38.3569412752999,5.));
#15236=CARTESIAN_POINT('Ctrl Pts',(15.690030922866,38.6073695153723,5.));
#15237=CARTESIAN_POINT('Ctrl Pts',(15.6773939870651,38.9126670177734,5.));
#15238=CARTESIAN_POINT('Ctrl Pts',(15.6705320626497,39.0784452110529,5.));
#15239=CARTESIAN_POINT('',(15.9416777640581,38.2424969226122,3.));
#15240=CARTESIAN_POINT('',(15.9416777640581,38.2424969226122,5.));
#15241=CARTESIAN_POINT('Ctrl Pts',(15.9416777640581,38.2424969226122,3.));
#15242=CARTESIAN_POINT('Ctrl Pts',(15.8627473088319,38.3569412752999,3.));
#15243=CARTESIAN_POINT('Ctrl Pts',(15.690030922866,38.6073695153723,3.));
#15244=CARTESIAN_POINT('Ctrl Pts',(15.6773939870651,38.9126670177734,3.));
#15245=CARTESIAN_POINT('Ctrl Pts',(15.6705320626497,39.0784452110529,3.));
#15246=CARTESIAN_POINT('Ctrl Pts',(16.6589356213808,37.9508871585131,5.));
#15247=CARTESIAN_POINT('Ctrl Pts',(16.6589356213808,37.9508871585131,3.));
#15248=CARTESIAN_POINT('Ctrl Pts',(16.5190907261989,37.9613930922023,5.));
#15249=CARTESIAN_POINT('Ctrl Pts',(16.5190907261989,37.9613930922023,3.));
#15250=CARTESIAN_POINT('Ctrl Pts',(16.2481328532834,37.9817489689166,5.));
#15251=CARTESIAN_POINT('Ctrl Pts',(16.2481328532834,37.9817489689166,3.));
#15252=CARTESIAN_POINT('Ctrl Pts',(16.0416109952911,38.157468523782,5.));
#15253=CARTESIAN_POINT('Ctrl Pts',(16.0416109952911,38.157468523782,3.));
#15254=CARTESIAN_POINT('Ctrl Pts',(15.9416777640581,38.2424969226122,5.));
#15255=CARTESIAN_POINT('Ctrl Pts',(15.9416777640581,38.2424969226122,3.));
#15256=CARTESIAN_POINT('',(16.6589356213808,37.9508871585131,5.));
#15257=CARTESIAN_POINT('Ctrl Pts',(16.6589356213808,37.9508871585131,5.));
#15258=CARTESIAN_POINT('Ctrl Pts',(16.5190907261989,37.9613930922023,5.));
#15259=CARTESIAN_POINT('Ctrl Pts',(16.2481328532834,37.9817489689166,5.));
#15260=CARTESIAN_POINT('Ctrl Pts',(16.0416109952911,38.157468523782,5.));
#15261=CARTESIAN_POINT('Ctrl Pts',(15.9416777640581,38.2424969226122,5.));
#15262=CARTESIAN_POINT('',(16.6589356213808,37.9508871585131,3.));
#15263=CARTESIAN_POINT('',(16.6589356213808,37.9508871585131,5.));
#15264=CARTESIAN_POINT('Ctrl Pts',(16.6589356213808,37.9508871585131,3.));
#15265=CARTESIAN_POINT('Ctrl Pts',(16.5190907261989,37.9613930922023,3.));
#15266=CARTESIAN_POINT('Ctrl Pts',(16.2481328532834,37.9817489689166,3.));
#15267=CARTESIAN_POINT('Ctrl Pts',(16.0416109952911,38.157468523782,3.));
#15268=CARTESIAN_POINT('Ctrl Pts',(15.9416777640581,38.2424969226122,3.));
#15269=CARTESIAN_POINT('Ctrl Pts',(17.2595495730639,38.1626880913973,5.));
#15270=CARTESIAN_POINT('Ctrl Pts',(17.2595495730639,38.1626880913973,3.));
#15271=CARTESIAN_POINT('Ctrl Pts',(17.1718978558628,38.1009246984594,5.));
#15272=CARTESIAN_POINT('Ctrl Pts',(17.1718978558628,38.1009246984594,3.));
#15273=CARTESIAN_POINT('Ctrl Pts',(16.9918476515465,37.9740531222617,5.));
#15274=CARTESIAN_POINT('Ctrl Pts',(16.9918476515465,37.9740531222617,3.));
#15275=CARTESIAN_POINT('Ctrl Pts',(16.7718396979911,37.9587436836874,5.));
#15276=CARTESIAN_POINT('Ctrl Pts',(16.7718396979911,37.9587436836874,3.));
#15277=CARTESIAN_POINT('Ctrl Pts',(16.6589356213808,37.9508871585131,5.));
#15278=CARTESIAN_POINT('Ctrl Pts',(16.6589356213808,37.9508871585131,3.));
#15279=CARTESIAN_POINT('',(17.2595495730639,38.1626880913973,5.));
#15280=CARTESIAN_POINT('Ctrl Pts',(17.2595495730639,38.1626880913973,5.));
#15281=CARTESIAN_POINT('Ctrl Pts',(17.1718978558628,38.1009246984594,5.));
#15282=CARTESIAN_POINT('Ctrl Pts',(16.9918476515465,37.9740531222617,5.));
#15283=CARTESIAN_POINT('Ctrl Pts',(16.7718396979911,37.9587436836874,5.));
#15284=CARTESIAN_POINT('Ctrl Pts',(16.6589356213808,37.9508871585131,5.));
#15285=CARTESIAN_POINT('',(17.2595495730639,38.1626880913973,3.));
#15286=CARTESIAN_POINT('',(17.2595495730639,38.1626880913973,5.));
#15287=CARTESIAN_POINT('Ctrl Pts',(17.2595495730639,38.1626880913973,3.));
#15288=CARTESIAN_POINT('Ctrl Pts',(17.1718978558628,38.1009246984594,3.));
#15289=CARTESIAN_POINT('Ctrl Pts',(16.9918476515465,37.9740531222617,3.));
#15290=CARTESIAN_POINT('Ctrl Pts',(16.7718396979911,37.9587436836874,3.));
#15291=CARTESIAN_POINT('Ctrl Pts',(16.6589356213808,37.9508871585131,3.));
#15292=CARTESIAN_POINT('Ctrl Pts',(17.5634378939867,38.7489772588015,5.));
#15293=CARTESIAN_POINT('Ctrl Pts',(17.5634378939867,38.7489772588015,3.));
#15294=CARTESIAN_POINT('Ctrl Pts',(17.537838933304,38.632624462575,5.));
#15295=CARTESIAN_POINT('Ctrl Pts',(17.537838933304,38.632624462575,3.));
#15296=CARTESIAN_POINT('Ctrl Pts',(17.4887708440423,38.4095994162906,5.));
#15297=CARTESIAN_POINT('Ctrl Pts',(17.4887708440423,38.4095994162906,3.));
#15298=CARTESIAN_POINT('Ctrl Pts',(17.3337132043938,38.2425752693734,5.));
#15299=CARTESIAN_POINT('Ctrl Pts',(17.3337132043938,38.2425752693734,3.));
#15300=CARTESIAN_POINT('Ctrl Pts',(17.2595495730639,38.1626880913973,5.));
#15301=CARTESIAN_POINT('Ctrl Pts',(17.2595495730639,38.1626880913973,3.));
#15302=CARTESIAN_POINT('',(17.5634378939867,38.7489772588015,5.));
#15303=CARTESIAN_POINT('Ctrl Pts',(17.5634378939867,38.7489772588015,5.));
#15304=CARTESIAN_POINT('Ctrl Pts',(17.537838933304,38.632624462575,5.));
#15305=CARTESIAN_POINT('Ctrl Pts',(17.4887708440423,38.4095994162906,5.));
#15306=CARTESIAN_POINT('Ctrl Pts',(17.3337132043938,38.2425752693734,5.));
#15307=CARTESIAN_POINT('Ctrl Pts',(17.2595495730639,38.1626880913973,5.));
#15308=CARTESIAN_POINT('',(17.5634378939867,38.7489772588015,3.));
#15309=CARTESIAN_POINT('',(17.5634378939867,38.7489772588015,5.));
#15310=CARTESIAN_POINT('Ctrl Pts',(17.5634378939867,38.7489772588015,3.));
#15311=CARTESIAN_POINT('Ctrl Pts',(17.537838933304,38.632624462575,3.));
#15312=CARTESIAN_POINT('Ctrl Pts',(17.4887708440423,38.4095994162906,3.));
#15313=CARTESIAN_POINT('Ctrl Pts',(17.3337132043938,38.2425752693734,3.));
#15314=CARTESIAN_POINT('Ctrl Pts',(17.2595495730639,38.1626880913973,3.));
#15315=CARTESIAN_POINT('Origin',(17.201227620244,38.7960440665483,5.));
#15316=CARTESIAN_POINT('',(17.201227620244,38.7960440665483,5.));
#15317=CARTESIAN_POINT('',(33.3024551872432,36.7037970009027,5.));
#15318=CARTESIAN_POINT('',(17.201227620244,38.7960440665483,3.));
#15319=CARTESIAN_POINT('',(17.201227620244,38.7960440665483,5.));
#15320=CARTESIAN_POINT('',(17.201227620244,38.7960440665483,3.));
#15321=CARTESIAN_POINT('Ctrl Pts',(17.0170534402132,38.386767283082,5.));
#15322=CARTESIAN_POINT('Ctrl Pts',(17.0170534402132,38.386767283082,3.));
#15323=CARTESIAN_POINT('Ctrl Pts',(17.0614835588754,38.4407556622123,5.));
#15324=CARTESIAN_POINT('Ctrl Pts',(17.0614835588754,38.4407556622123,3.));
#15325=CARTESIAN_POINT('Ctrl Pts',(17.1595657206585,38.5599382594167,5.));
#15326=CARTESIAN_POINT('Ctrl Pts',(17.1595657206585,38.5599382594167,3.));
#15327=CARTESIAN_POINT('Ctrl Pts',(17.1864962942752,38.7125588764205,5.));
#15328=CARTESIAN_POINT('Ctrl Pts',(17.1864962942752,38.7125588764205,3.));
#15329=CARTESIAN_POINT('Ctrl Pts',(17.201227620244,38.7960440665483,5.));
#15330=CARTESIAN_POINT('Ctrl Pts',(17.201227620244,38.7960440665483,3.));
#15331=CARTESIAN_POINT('Ctrl Pts',(17.0170534402132,38.386767283082,5.));
#15332=CARTESIAN_POINT('Ctrl Pts',(17.0614835588754,38.4407556622123,5.));
#15333=CARTESIAN_POINT('Ctrl Pts',(17.1595657206585,38.5599382594167,5.));
#15334=CARTESIAN_POINT('Ctrl Pts',(17.1864962942752,38.7125588764205,5.));
#15335=CARTESIAN_POINT('Ctrl Pts',(17.201227620244,38.7960440665483,5.));
#15336=CARTESIAN_POINT('Ctrl Pts',(17.0170534402132,38.386767283082,3.));
#15337=CARTESIAN_POINT('Ctrl Pts',(17.0614835588754,38.4407556622123,3.));
#15338=CARTESIAN_POINT('Ctrl Pts',(17.1595657206585,38.5599382594167,3.));
#15339=CARTESIAN_POINT('Ctrl Pts',(17.1864962942752,38.7125588764205,3.));
#15340=CARTESIAN_POINT('Ctrl Pts',(17.201227620244,38.7960440665483,3.));
#15341=CARTESIAN_POINT('Origin',(28.6763299629092,39.0835612267256,3.));
#15342=CARTESIAN_POINT('Origin',(13.826739564538,40.1732610911131,5.));
#15343=CARTESIAN_POINT('',(13.826739564538,40.1732610911131,5.));
#15344=CARTESIAN_POINT('',(13.826739564538,38.0000004917383,5.));
#15345=CARTESIAN_POINT('',(13.826739564538,21.3459468627191,5.));
#15346=CARTESIAN_POINT('',(13.826739564538,40.1732610911131,3.));
#15347=CARTESIAN_POINT('',(13.826739564538,40.1732610911131,5.));
#15348=CARTESIAN_POINT('',(13.826739564538,38.0000004917383,3.));
#15349=CARTESIAN_POINT('',(13.826739564538,40.1732610911131,3.));
#15350=CARTESIAN_POINT('',(13.826739564538,38.0000004917383,5.));
#15351=CARTESIAN_POINT('Origin',(13.4583903104067,40.1732610911131,5.));
#15352=CARTESIAN_POINT('',(13.4583903104067,40.1732610911131,5.));
#15353=CARTESIAN_POINT('',(29.3459063218644,40.1732610911131,5.));
#15354=CARTESIAN_POINT('',(13.4583903104067,40.1732610911131,3.));
#15355=CARTESIAN_POINT('',(13.4583903104067,40.1732610911131,5.));
#15356=CARTESIAN_POINT('',(13.4583903104067,40.1732610911131,3.));
#15357=CARTESIAN_POINT('Origin',(13.4583903104067,38.0000004917383,5.));
#15358=CARTESIAN_POINT('',(13.4583903104067,38.0000004917383,5.));
#15359=CARTESIAN_POINT('',(13.4583903104067,20.2593165630317,5.));
#15360=CARTESIAN_POINT('',(13.4583903104067,38.0000004917383,3.));
#15361=CARTESIAN_POINT('',(13.4583903104067,38.0000004917383,5.));
#15362=CARTESIAN_POINT('',(13.4583903104067,38.0000004917383,3.));
#15363=CARTESIAN_POINT('Origin',(13.826739564538,38.0000004917383,5.));
#15364=CARTESIAN_POINT('',(29.5300809489301,38.0000004917383,5.));
#15365=CARTESIAN_POINT('',(13.826739564538,38.0000004917383,3.));
#15366=CARTESIAN_POINT('Origin',(28.6763299629092,39.0835612267256,3.));
#15367=CARTESIAN_POINT('Origin',(10.382674112916,40.5538887530565,5.));
#15368=CARTESIAN_POINT('',(10.382674112916,40.5538887530565,5.));
#15369=CARTESIAN_POINT('',(10.382674112916,38.0000004917383,5.));
#15370=CARTESIAN_POINT('',(10.382674112916,21.5362606936908,5.));
#15371=CARTESIAN_POINT('',(10.382674112916,40.5538887530565,3.));
#15372=CARTESIAN_POINT('',(10.382674112916,40.5538887530565,5.));
#15373=CARTESIAN_POINT('',(10.382674112916,38.0000004917383,3.));
#15374=CARTESIAN_POINT('',(10.382674112916,40.5538887530565,3.));
#15375=CARTESIAN_POINT('',(10.382674112916,38.0000004917383,5.));
#15376=CARTESIAN_POINT('Origin',(11.2503410130739,38.0000004917383,5.));
#15377=CARTESIAN_POINT('',(11.2503410130739,38.0000004917383,5.));
#15378=CARTESIAN_POINT('',(18.4122179939235,16.9197523607244,5.));
#15379=CARTESIAN_POINT('',(11.2503410130739,38.0000004917383,3.));
#15380=CARTESIAN_POINT('',(11.2503410130739,38.0000004917383,5.));
#15381=CARTESIAN_POINT('',(11.2503410130739,38.0000004917383,3.));
#15382=CARTESIAN_POINT('Origin',(11.6084585338831,38.0000004917383,5.));
#15383=CARTESIAN_POINT('',(11.6084585338831,38.0000004917383,5.));
#15384=CARTESIAN_POINT('',(28.4209404336027,38.0000004917383,5.));
#15385=CARTESIAN_POINT('',(11.6084585338831,38.0000004917383,3.));
#15386=CARTESIAN_POINT('',(11.6084585338831,38.0000004917383,5.));
#15387=CARTESIAN_POINT('',(11.6084585338831,38.0000004917383,3.));
#15388=CARTESIAN_POINT('Origin',(12.4802181869745,40.5109146982431,5.));
#15389=CARTESIAN_POINT('',(12.4802181869745,40.5109146982431,5.));
#15390=CARTESIAN_POINT('',(8.35612854893001,28.6323708537975,5.));
#15391=CARTESIAN_POINT('',(12.4802181869745,40.5109146982431,3.));
#15392=CARTESIAN_POINT('',(12.4802181869745,40.5109146982431,5.));
#15393=CARTESIAN_POINT('',(12.4802181869745,40.5109146982431,3.));
#15394=CARTESIAN_POINT('Origin',(12.4802181869745,38.0000004917383,5.));
#15395=CARTESIAN_POINT('',(12.4802181869745,38.0000004917383,5.));
#15396=CARTESIAN_POINT('',(12.4802181869745,20.2593165630317,5.));
#15397=CARTESIAN_POINT('',(12.4802181869745,38.0000004917383,3.));
#15398=CARTESIAN_POINT('',(12.4802181869745,38.0000004917383,5.));
#15399=CARTESIAN_POINT('',(12.4802181869745,38.0000004917383,3.));
#15400=CARTESIAN_POINT('Origin',(12.8628922253847,38.0000004917383,5.));
#15401=CARTESIAN_POINT('',(12.8628922253847,38.0000004917383,5.));
#15402=CARTESIAN_POINT('',(29.0481572793535,38.0000004917383,5.));
#15403=CARTESIAN_POINT('',(12.8628922253847,38.0000004917383,3.));
#15404=CARTESIAN_POINT('',(12.8628922253847,38.0000004917383,5.));
#15405=CARTESIAN_POINT('',(12.8628922253847,38.0000004917383,3.));
#15406=CARTESIAN_POINT('Origin',(12.8628922253847,41.0000006109476,5.));
#15407=CARTESIAN_POINT('',(12.8628922253847,41.0000006109476,5.));
#15408=CARTESIAN_POINT('',(12.8628922253847,21.7593166226363,5.));
#15409=CARTESIAN_POINT('',(12.8628922253847,41.0000006109476,3.));
#15410=CARTESIAN_POINT('',(12.8628922253847,41.0000006109476,5.));
#15411=CARTESIAN_POINT('',(12.8628922253847,41.0000006109476,3.));
#15412=CARTESIAN_POINT('Origin',(12.3287857323885,41.0000006109476,5.));
#15413=CARTESIAN_POINT('',(12.3287857323885,41.0000006109476,5.));
#15414=CARTESIAN_POINT('',(28.7811040328554,41.0000006109476,5.));
#15415=CARTESIAN_POINT('',(12.3287857323885,41.0000006109476,3.));
#15416=CARTESIAN_POINT('',(12.3287857323885,41.0000006109476,5.));
#15417=CARTESIAN_POINT('',(12.3287857323885,41.0000006109476,3.));
#15418=CARTESIAN_POINT('Origin',(11.6105047613382,38.912687972188,5.));
#15419=CARTESIAN_POINT('',(11.6105047613382,38.912687972188,5.));
#15420=CARTESIAN_POINT('',(7.79157453750128,27.814939815084,5.));
#15421=CARTESIAN_POINT('',(11.6105047613382,38.912687972188,3.));
#15422=CARTESIAN_POINT('',(11.6105047613382,38.912687972188,5.));
#15423=CARTESIAN_POINT('',(11.6105047613382,38.912687972188,3.));
#15424=CARTESIAN_POINT('Ctrl Pts',(11.4508868008852,38.4317875653505,5.));
#15425=CARTESIAN_POINT('Ctrl Pts',(11.4508868008852,38.4317875653505,3.));
#15426=CARTESIAN_POINT('Ctrl Pts',(11.4725426396736,38.4992047600369,5.));
#15427=CARTESIAN_POINT('Ctrl Pts',(11.4725426396736,38.4992047600369,3.));
#15428=CARTESIAN_POINT('Ctrl Pts',(11.5241991175299,38.660017502433,5.));
#15429=CARTESIAN_POINT('Ctrl Pts',(11.5241991175299,38.660017502433,3.));
#15430=CARTESIAN_POINT('Ctrl Pts',(11.578796264064,38.8198574161781,5.));
#15431=CARTESIAN_POINT('Ctrl Pts',(11.578796264064,38.8198574161781,3.));
#15432=CARTESIAN_POINT('Ctrl Pts',(11.6105047613382,38.912687972188,5.));
#15433=CARTESIAN_POINT('Ctrl Pts',(11.6105047613382,38.912687972188,3.));
#15434=CARTESIAN_POINT('',(11.4508868008852,38.4317875653505,5.));
#15435=CARTESIAN_POINT('Ctrl Pts',(11.4508868008852,38.4317875653505,5.));
#15436=CARTESIAN_POINT('Ctrl Pts',(11.4725426396736,38.4992047600369,5.));
#15437=CARTESIAN_POINT('Ctrl Pts',(11.5241991175299,38.660017502433,5.));
#15438=CARTESIAN_POINT('Ctrl Pts',(11.578796264064,38.8198574161781,5.));
#15439=CARTESIAN_POINT('Ctrl Pts',(11.6105047613382,38.912687972188,5.));
#15440=CARTESIAN_POINT('',(11.4508868008852,38.4317875653505,3.));
#15441=CARTESIAN_POINT('',(11.4508868008852,38.4317875653505,5.));
#15442=CARTESIAN_POINT('Ctrl Pts',(11.4508868008852,38.4317875653505,3.));
#15443=CARTESIAN_POINT('Ctrl Pts',(11.4725426396736,38.4992047600369,3.));
#15444=CARTESIAN_POINT('Ctrl Pts',(11.5241991175299,38.660017502433,3.));
#15445=CARTESIAN_POINT('Ctrl Pts',(11.578796264064,38.8198574161781,3.));
#15446=CARTESIAN_POINT('Ctrl Pts',(11.6105047613382,38.912687972188,3.));
#15447=CARTESIAN_POINT('Ctrl Pts',(11.3076398521662,38.8758531957865,5.));
#15448=CARTESIAN_POINT('Ctrl Pts',(11.3076398521662,38.8758531957865,3.));
#15449=CARTESIAN_POINT('Ctrl Pts',(11.3362150726272,38.7894792097337,5.));
#15450=CARTESIAN_POINT('Ctrl Pts',(11.3362150726272,38.7894792097337,3.));
#15451=CARTESIAN_POINT('Ctrl Pts',(11.385067904776,38.6418123230189,5.));
#15452=CARTESIAN_POINT('Ctrl Pts',(11.385067904776,38.6418123230189,3.));
#15453=CARTESIAN_POINT('Ctrl Pts',(11.4315805453059,38.4933928472563,5.));
#15454=CARTESIAN_POINT('Ctrl Pts',(11.4315805453059,38.4933928472563,3.));
#15455=CARTESIAN_POINT('Ctrl Pts',(11.4508868008852,38.4317875653505,5.));
#15456=CARTESIAN_POINT('Ctrl Pts',(11.4508868008852,38.4317875653505,3.));
#15457=CARTESIAN_POINT('',(11.3076398521662,38.8758531957865,5.));
#15458=CARTESIAN_POINT('Ctrl Pts',(11.3076398521662,38.8758531957865,5.));
#15459=CARTESIAN_POINT('Ctrl Pts',(11.3362150726272,38.7894792097337,5.));
#15460=CARTESIAN_POINT('Ctrl Pts',(11.385067904776,38.6418123230189,5.));
#15461=CARTESIAN_POINT('Ctrl Pts',(11.4315805453059,38.4933928472563,5.));
#15462=CARTESIAN_POINT('Ctrl Pts',(11.4508868008852,38.4317875653505,5.));
#15463=CARTESIAN_POINT('',(11.3076398521662,38.8758531957865,3.));
#15464=CARTESIAN_POINT('',(11.3076398521662,38.8758531957865,5.));
#15465=CARTESIAN_POINT('Ctrl Pts',(11.3076398521662,38.8758531957865,3.));
#15466=CARTESIAN_POINT('Ctrl Pts',(11.3362150726272,38.7894792097337,3.));
#15467=CARTESIAN_POINT('Ctrl Pts',(11.385067904776,38.6418123230189,3.));
#15468=CARTESIAN_POINT('Ctrl Pts',(11.4315805453059,38.4933928472563,3.));
#15469=CARTESIAN_POINT('Ctrl Pts',(11.4508868008852,38.4317875653505,3.));
#15470=CARTESIAN_POINT('Origin',(10.5975444614887,41.0000006109476,5.));
#15471=CARTESIAN_POINT('',(10.5975444614887,41.0000006109476,5.));
#15472=CARTESIAN_POINT('',(18.1238928357745,18.486020581322,5.));
#15473=CARTESIAN_POINT('',(10.5975444614887,41.0000006109476,3.));
#15474=CARTESIAN_POINT('',(10.5975444614887,41.0000006109476,5.));
#15475=CARTESIAN_POINT('',(10.5975444614887,41.0000006109476,3.));
#15476=CARTESIAN_POINT('Origin',(10.0000001490116,41.0000006109476,5.));
#15477=CARTESIAN_POINT('',(10.0000001490116,41.0000006109476,5.));
#15478=CARTESIAN_POINT('',(27.6167112411669,41.0000006109476,5.));
#15479=CARTESIAN_POINT('',(10.0000001490116,41.0000006109476,3.));
#15480=CARTESIAN_POINT('',(10.0000001490116,41.0000006109476,5.));
#15481=CARTESIAN_POINT('',(10.0000001490116,41.0000006109476,3.));
#15482=CARTESIAN_POINT('Origin',(10.0000001490116,38.0000004917383,5.));
#15483=CARTESIAN_POINT('',(10.0000001490116,38.0000004917383,5.));
#15484=CARTESIAN_POINT('',(10.0000001490116,20.2593165630317,5.));
#15485=CARTESIAN_POINT('',(10.0000001490116,38.0000004917383,3.));
#15486=CARTESIAN_POINT('',(10.0000001490116,38.0000004917383,5.));
#15487=CARTESIAN_POINT('',(10.0000001490116,38.0000004917383,3.));
#15488=CARTESIAN_POINT('Origin',(10.382674112916,38.0000004917383,5.));
#15489=CARTESIAN_POINT('',(27.8080482231191,38.0000004917383,5.));
#15490=CARTESIAN_POINT('',(10.382674112916,38.0000004917383,3.));
#15491=CARTESIAN_POINT('Origin',(28.6763299629092,39.0835612267256,3.));
#15492=CARTESIAN_POINT('Origin',(45.2334223333222,2.51863263432507,5.));
#15493=CARTESIAN_POINT('',(55.4524223333222,34.0686326343251,5.));
#15494=CARTESIAN_POINT('',(55.4524223333222,44.0686326343251,5.));
#15495=CARTESIAN_POINT('',(55.4524223333222,18.2936326343251,5.));
#15496=CARTESIAN_POINT('',(-0.516577666677787,44.0686326343251,5.));
#15497=CARTESIAN_POINT('',(93.9834223333222,44.0686326343251,5.));
#15498=CARTESIAN_POINT('',(-3.51657766667779,41.0686326343251,5.));
#15499=CARTESIAN_POINT('Origin',(-0.516577666677795,41.0686326343251,5.));
#15500=CARTESIAN_POINT('',(-3.51657766667779,-36.0313673656749,5.));
#15501=CARTESIAN_POINT('',(-3.51657766667779,44.0686326343251,5.));
#15502=CARTESIAN_POINT('',(-0.516577666677793,-39.0313673656749,5.));
#15503=CARTESIAN_POINT('Origin',(-0.516577666677793,-36.0313673656749,5.));
#15504=CARTESIAN_POINT('',(90.9834223333222,-39.0313673656749,5.));
#15505=CARTESIAN_POINT('',(-3.51657766667779,-39.0313673656749,5.));
#15506=CARTESIAN_POINT('',(93.9834223333222,-36.0313673656749,5.));
#15507=CARTESIAN_POINT('Origin',(90.9834223333222,-36.0313673656749,5.));
#15508=CARTESIAN_POINT('',(93.9834223333222,41.0686326343251,5.));
#15509=CARTESIAN_POINT('',(93.9834223333222,-39.0313673656749,5.));
#15510=CARTESIAN_POINT('',(90.9834223333222,44.0686326343251,5.));
#15511=CARTESIAN_POINT('Origin',(90.9834223333222,41.0686326343251,5.));
#15512=CARTESIAN_POINT('',(73.9524223333222,44.0686326343251,5.));
#15513=CARTESIAN_POINT('',(93.9834223333222,44.0686326343251,5.));
#15514=CARTESIAN_POINT('',(73.9524223333222,34.0686326343251,5.));
#15515=CARTESIAN_POINT('',(73.9524223333222,23.2936326343251,5.));
#15516=CARTESIAN_POINT('',(59.5929223333222,34.0686326343251,5.));
#15517=CARTESIAN_POINT('',(5.00000007450581,31.000000461936,5.));
#15518=CARTESIAN_POINT('',(47.0000007003546,31.000000461936,5.));
#15519=CARTESIAN_POINT('',(25.116711203914,31.000000461936,5.));
#15520=CARTESIAN_POINT('',(47.0000007003546,-29.0000004321337,5.));
#15521=CARTESIAN_POINT('',(47.0000007003546,16.7593165481305,5.));
#15522=CARTESIAN_POINT('',(5.00000007450581,-29.0000004321337,5.));
#15523=CARTESIAN_POINT('',(46.1167115168384,-29.0000004321337,5.));
#15524=CARTESIAN_POINT('',(5.00000007450581,-13.2406838989043,5.));
#15525=CARTESIAN_POINT('',(80.0000007450581,31.000000461936,5.));
#15526=CARTESIAN_POINT('',(80.0000007450581,-28.999999538064,5.));
#15527=CARTESIAN_POINT('',(80.0000007450581,16.7593165481305,5.));
#15528=CARTESIAN_POINT('',(50.0000007450581,-28.999999538064,5.));
#15529=CARTESIAN_POINT('',(62.6167115391901,-28.999999538064,5.));
#15530=CARTESIAN_POINT('',(50.0000007450581,31.000000461936,5.));
#15531=CARTESIAN_POINT('',(50.0000007450581,-13.2406834518695,5.));
#15532=CARTESIAN_POINT('',(47.6167115391901,31.000000461936,5.));
#15533=CARTESIAN_POINT('',(85.9834223333222,-34.0313673656749,5.));
#15534=CARTESIAN_POINT('Origin',(88.9834223333222,-34.0313673656749,5.));
#15535=CARTESIAN_POINT('',(-1.51657781568936,39.0949284214499,5.));
#15536=CARTESIAN_POINT('Origin',(1.48342218431064,39.0949284214499,5.));
#15537=CARTESIAN_POINT('',(85.9834223333222,39.0686326343251,5.));
#15538=CARTESIAN_POINT('Origin',(88.9834223333222,39.0686326343251,5.));
#15539=CARTESIAN_POINT('',(-1.51657781568936,-34.0050717275616,5.));
#15540=CARTESIAN_POINT('Origin',(1.48342218431065,-34.0050717275616,5.));
#15541=CARTESIAN_POINT('Origin',(45.2334223333222,2.51863263432507,5.));
#15542=CARTESIAN_POINT('Origin',(45.2334223333222,2.51863263432507,5.));
#15543=CARTESIAN_POINT('Origin',(45.2334223333222,2.51863263432507,5.));
#15544=CARTESIAN_POINT('Origin',(45.2334223333222,2.51863263432507,5.));
#15545=CARTESIAN_POINT('Origin',(45.2334223333222,2.51863263432507,5.));
#15546=CARTESIAN_POINT('Origin',(45.2334223333222,2.51863263432507,5.));
#15547=CARTESIAN_POINT('Origin',(45.2334223333222,2.51863263432507,5.));
#15548=CARTESIAN_POINT('Origin',(5.00000007450581,31.000000461936,5.));
#15549=CARTESIAN_POINT('',(5.00000007450581,31.000000461936,0.));
#15550=CARTESIAN_POINT('',(5.00000007450581,31.000000461936,5.));
#15551=CARTESIAN_POINT('',(47.0000007003546,31.000000461936,0.));
#15552=CARTESIAN_POINT('',(25.116711203914,31.000000461936,0.));
#15553=CARTESIAN_POINT('',(47.0000007003546,31.000000461936,5.));
#15554=CARTESIAN_POINT('Origin',(5.00000007450581,-29.0000004321337,5.));
#15555=CARTESIAN_POINT('',(5.00000007450581,-29.0000004321337,0.));
#15556=CARTESIAN_POINT('',(5.00000007450581,-29.0000004321337,5.));
#15557=CARTESIAN_POINT('',(5.00000007450581,-13.2406838989043,0.));
#15558=CARTESIAN_POINT('Origin',(47.0000007003546,-29.0000004321337,5.));
#15559=CARTESIAN_POINT('',(47.0000007003546,-29.0000004321337,0.));
#15560=CARTESIAN_POINT('',(47.0000007003546,-29.0000004321337,5.));
#15561=CARTESIAN_POINT('',(46.1167115168384,-29.0000004321337,0.));
#15562=CARTESIAN_POINT('Origin',(47.0000007003546,31.000000461936,5.));
#15563=CARTESIAN_POINT('',(47.0000007003546,16.7593165481305,0.));
#15564=CARTESIAN_POINT('Origin',(80.0000007450581,31.000000461936,5.));
#15565=CARTESIAN_POINT('',(80.0000007450581,31.000000461936,0.));
#15566=CARTESIAN_POINT('',(80.0000007450581,31.000000461936,5.));
#15567=CARTESIAN_POINT('',(80.0000007450581,-28.999999538064,0.));
#15568=CARTESIAN_POINT('',(80.0000007450581,16.7593165481305,0.));
#15569=CARTESIAN_POINT('',(80.0000007450581,-28.999999538064,5.));
#15570=CARTESIAN_POINT('Origin',(50.0000007450581,31.000000461936,5.));
#15571=CARTESIAN_POINT('',(50.0000007450581,31.000000461936,0.));
#15572=CARTESIAN_POINT('',(50.0000007450581,31.000000461936,5.));
#15573=CARTESIAN_POINT('',(47.6167115391901,31.000000461936,0.));
#15574=CARTESIAN_POINT('Origin',(50.0000007450581,-28.999999538064,5.));
#15575=CARTESIAN_POINT('',(50.0000007450581,-28.999999538064,0.));
#15576=CARTESIAN_POINT('',(50.0000007450581,-28.999999538064,5.));
#15577=CARTESIAN_POINT('',(50.0000007450581,-13.2406834518695,0.));
#15578=CARTESIAN_POINT('Origin',(80.0000007450581,-28.999999538064,5.));
#15579=CARTESIAN_POINT('',(62.6167115391901,-28.999999538064,0.));
#15580=CARTESIAN_POINT('Origin',(73.9524223333222,34.0686326343251,5.));
#15581=CARTESIAN_POINT('',(55.4524223333222,34.0686326343251,0.));
#15582=CARTESIAN_POINT('',(73.9524223333222,34.0686326343251,0.));
#15583=CARTESIAN_POINT('',(59.5929223333222,34.0686326343251,0.));
#15584=CARTESIAN_POINT('',(55.4524223333222,34.0686326343251,5.));
#15585=CARTESIAN_POINT('',(73.9524223333222,34.0686326343251,5.));
#15586=CARTESIAN_POINT('Origin',(73.9524223333222,44.0686326343251,5.));
#15587=CARTESIAN_POINT('',(73.9524223333222,44.0686326343251,0.));
#15588=CARTESIAN_POINT('',(73.9524223333222,23.2936326343251,0.));
#15589=CARTESIAN_POINT('',(73.9524223333222,44.0686326343251,2.5));
#15590=CARTESIAN_POINT('Origin',(55.4524223333222,34.0686326343251,5.));
#15591=CARTESIAN_POINT('',(55.4524223333222,44.0686326343251,0.));
#15592=CARTESIAN_POINT('',(55.4524223333222,18.2936326343251,0.));
#15593=CARTESIAN_POINT('',(55.4524223333222,44.0686326343251,2.5));
#15594=CARTESIAN_POINT('Origin',(45.2334223333222,2.51863263432507,0.));
#15595=CARTESIAN_POINT('',(90.9834223333222,44.0686326343251,0.));
#15596=CARTESIAN_POINT('',(93.9834223333222,44.0686326343251,0.));
#15597=CARTESIAN_POINT('',(93.9834223333222,41.0686326343251,0.));
#15598=CARTESIAN_POINT('Origin',(90.9834223333222,41.0686326343251,0.));
#15599=CARTESIAN_POINT('',(93.9834223333222,-36.0313673656749,0.));
#15600=CARTESIAN_POINT('',(93.9834223333222,-39.0313673656749,0.));
#15601=CARTESIAN_POINT('',(90.9834223333222,-39.0313673656749,0.));
#15602=CARTESIAN_POINT('Origin',(90.9834223333222,-36.0313673656749,0.));
#15603=CARTESIAN_POINT('',(-0.516577666677793,-39.0313673656749,0.));
#15604=CARTESIAN_POINT('',(-3.51657766667779,-39.0313673656749,0.));
#15605=CARTESIAN_POINT('',(-3.51657766667779,-36.0313673656749,0.));
#15606=CARTESIAN_POINT('Origin',(-0.516577666677793,-36.0313673656749,0.));
#15607=CARTESIAN_POINT('',(-3.51657766667779,41.0686326343251,0.));
#15608=CARTESIAN_POINT('',(-3.51657766667779,44.0686326343251,0.));
#15609=CARTESIAN_POINT('',(-0.516577666677787,44.0686326343251,0.));
#15610=CARTESIAN_POINT('Origin',(-0.516577666677795,41.0686326343251,0.));
#15611=CARTESIAN_POINT('',(93.9834223333222,44.0686326343251,0.));
#15612=CARTESIAN_POINT('',(-1.51657781568935,-34.0050717275616,0.));
#15613=CARTESIAN_POINT('Origin',(1.48342218431065,-34.0050717275616,0.));
#15614=CARTESIAN_POINT('',(85.9834223333222,39.0686326343251,0.));
#15615=CARTESIAN_POINT('Origin',(88.9834223333222,39.0686326343251,0.));
#15616=CARTESIAN_POINT('',(-1.51657781568935,39.0949284214499,0.));
#15617=CARTESIAN_POINT('Origin',(1.48342218431064,39.0949284214499,0.));
#15618=CARTESIAN_POINT('',(85.9834223333222,-34.0313673656749,0.));
#15619=CARTESIAN_POINT('Origin',(88.9834223333222,-34.0313673656749,0.));
#15620=CARTESIAN_POINT('Origin',(93.9834223333222,44.0686326343251,0.));
#15621=CARTESIAN_POINT('',(90.9834223333222,44.0686326343251,0.));
#15622=CARTESIAN_POINT('Origin',(-0.516577666677795,41.0686326343251,0.));
#15623=CARTESIAN_POINT('',(-0.516577666677795,44.0686326343251,0.));
#15624=CARTESIAN_POINT('',(-3.51657766667779,41.0686326343251,0.));
#15625=CARTESIAN_POINT('Origin',(93.9834223333222,44.0686326343251,0.));
#15626=CARTESIAN_POINT('Origin',(90.9834223333222,41.0686326343251,0.));
#15627=CARTESIAN_POINT('',(93.9834223333222,41.0686326343251,0.));
#15628=CARTESIAN_POINT('Origin',(-0.516577666677793,-36.0313673656749,0.));
#15629=CARTESIAN_POINT('',(-3.51657766667779,-36.0313673656749,0.));
#15630=CARTESIAN_POINT('',(-0.516577666677793,-39.0313673656749,0.));
#15631=CARTESIAN_POINT('Origin',(-3.51657766667779,-39.0313673656749,0.));
#15632=CARTESIAN_POINT('',(90.9834223333222,-39.0313673656749,0.));
#15633=CARTESIAN_POINT('Origin',(90.9834223333222,-36.0313673656749,0.));
#15634=CARTESIAN_POINT('',(93.9834223333222,-36.0313673656749,0.));
#15635=CARTESIAN_POINT('Origin',(1.48342218431065,-34.0050717275616,0.));
#15636=CARTESIAN_POINT('',(-1.51657781568935,-34.0050717275616,0.));
#15637=CARTESIAN_POINT('Origin',(88.9834223333222,39.0686326343251,0.));
#15638=CARTESIAN_POINT('',(85.9834223333222,39.0686326343251,0.));
#15639=CARTESIAN_POINT('Origin',(1.48342218431064,39.0949284214499,0.));
#15640=CARTESIAN_POINT('',(-1.51657781568935,39.0949284214499,0.));
#15641=CARTESIAN_POINT('Origin',(88.9834223333222,-34.0313673656749,0.));
#15642=CARTESIAN_POINT('',(85.9834223333222,-34.0313673656749,0.));
#15643=CARTESIAN_POINT('Origin',(93.9834223333222,-39.0313673656749,0.));
#15644=CARTESIAN_POINT('Origin',(-3.51657766667779,44.0686326343251,0.));
#15645=CARTESIAN_POINT('Origin',(45.2334223333222,2.51863263432507,5.));
#15646=CARTESIAN_POINT('',(0.,0.,0.));
#15647=CARTESIAN_POINT('',(-6.48342233332219,29.0313673656749,13.));
#15648=UNCERTAINTY_MEASURE_WITH_UNIT(LENGTH_MEASURE(0.01),#15656,
'DISTANCE_ACCURACY_VALUE',
'Maximum model space distance between geometric entities at asserted c
onnectivities');
#15649=UNCERTAINTY_MEASURE_WITH_UNIT(LENGTH_MEASURE(0.01),#15656,
'DISTANCE_ACCURACY_VALUE',
'Maximum model space distance between geometric entities at asserted c
onnectivities');
#15650=UNCERTAINTY_MEASURE_WITH_UNIT(LENGTH_MEASURE(0.01),#15656,
'DISTANCE_ACCURACY_VALUE',
'Maximum model space distance between geometric entities at asserted c
onnectivities');
#15651=UNCERTAINTY_MEASURE_WITH_UNIT(LENGTH_MEASURE(0.01),#15656,
'DISTANCE_ACCURACY_VALUE',
'Maximum model space distance between geometric entities at asserted c
onnectivities');
#15652=(
GEOMETRIC_REPRESENTATION_CONTEXT(3)
GLOBAL_UNCERTAINTY_ASSIGNED_CONTEXT((#15648))
GLOBAL_UNIT_ASSIGNED_CONTEXT((#15656,#15658,#15659))
REPRESENTATION_CONTEXT('','3D')
);
#15653=(
GEOMETRIC_REPRESENTATION_CONTEXT(3)
GLOBAL_UNCERTAINTY_ASSIGNED_CONTEXT((#15649))
GLOBAL_UNIT_ASSIGNED_CONTEXT((#15656,#15658,#15659))
REPRESENTATION_CONTEXT('','3D')
);
#15654=(
GEOMETRIC_REPRESENTATION_CONTEXT(3)
GLOBAL_UNCERTAINTY_ASSIGNED_CONTEXT((#15650))
GLOBAL_UNIT_ASSIGNED_CONTEXT((#15656,#15658,#15659))
REPRESENTATION_CONTEXT('','3D')
);
#15655=(
GEOMETRIC_REPRESENTATION_CONTEXT(3)
GLOBAL_UNCERTAINTY_ASSIGNED_CONTEXT((#15651))
GLOBAL_UNIT_ASSIGNED_CONTEXT((#15656,#15658,#15659))
REPRESENTATION_CONTEXT('','3D')
);
#15656=(
LENGTH_UNIT()
NAMED_UNIT(*)
SI_UNIT(.MILLI.,.METRE.)
);
#15657=(
LENGTH_UNIT()
NAMED_UNIT(*)
SI_UNIT($,.METRE.)
);
#15658=(
NAMED_UNIT(*)
PLANE_ANGLE_UNIT()
SI_UNIT($,.RADIAN.)
);
#15659=(
NAMED_UNIT(*)
SI_UNIT($,.STERADIAN.)
SOLID_ANGLE_UNIT()
);
#15660=SHAPE_DEFINITION_REPRESENTATION(#15663,#15668);
#15661=SHAPE_DEFINITION_REPRESENTATION(#15664,#15669);
#15662=SHAPE_DEFINITION_REPRESENTATION(#15665,#15670);
#15663=PRODUCT_DEFINITION_SHAPE('',$,#15672);
#15664=PRODUCT_DEFINITION_SHAPE('',$,#15673);
#15665=PRODUCT_DEFINITION_SHAPE('',$,#15674);
#15666=PRODUCT_DEFINITION_SHAPE($,$,#17);
#15667=PRODUCT_DEFINITION_SHAPE($,$,#18);
#15668=SHAPE_REPRESENTATION('',(#7812,#8013,#8014),#15652);
#15669=SHAPE_REPRESENTATION('',(#7813),#15653);
#15670=SHAPE_REPRESENTATION('',(#7856),#15654);
#15671=PRODUCT_DEFINITION_CONTEXT('part definition',#15682,'design');
#15672=PRODUCT_DEFINITION('Hackpad_Assembly','Hackpad_Assembly v1',#15675,
#15671);
#15673=PRODUCT_DEFINITION('Hackpad','Hackpad v4',#15676,#15671);
#15674=PRODUCT_DEFINITION('TopLayerHackpad','TopLayerHackpad v2',#15677,
#15671);
#15675=PRODUCT_DEFINITION_FORMATION('',$,#15684);
#15676=PRODUCT_DEFINITION_FORMATION('',$,#15685);
#15677=PRODUCT_DEFINITION_FORMATION('',$,#15686);
#15678=PRODUCT_RELATED_PRODUCT_CATEGORY('Hackpad_Assembly v1',
'Hackpad_Assembly v1',(#15684));
#15679=PRODUCT_RELATED_PRODUCT_CATEGORY('Hackpad v4','Hackpad v4',(#15685));
#15680=PRODUCT_RELATED_PRODUCT_CATEGORY('TopLayerHackpad v2',
'TopLayerHackpad v2',(#15686));
#15681=APPLICATION_PROTOCOL_DEFINITION('international standard',
'automotive_design',2009,#15682);
#15682=APPLICATION_CONTEXT(
'Core Data for Automotive Mechanical Design Process');
#15683=PRODUCT_CONTEXT('part definition',#15682,'mechanical');
#15684=PRODUCT('Hackpad_Assembly','Hackpad_Assembly v1',$,(#15683));
#15685=PRODUCT('Hackpad','Hackpad v4',$,(#15683));
#15686=PRODUCT('TopLayerHackpad','TopLayerHackpad v2',$,(#15683));
#15687=PRESENTATION_STYLE_ASSIGNMENT((#15688));
#15688=SURFACE_STYLE_USAGE(.BOTH.,#15689);
#15689=SURFACE_SIDE_STYLE('',(#15690));
#15690=SURFACE_STYLE_FILL_AREA(#15691);
#15691=FILL_AREA_STYLE('Stahl - satiniert',(#15692));
#15692=FILL_AREA_STYLE_COLOUR('Stahl - satiniert',#15693);
#15693=COLOUR_RGB('Stahl - satiniert',0.627450980392157,0.627450980392157,
0.627450980392157);
ENDSEC;
END-ISO-10303-21;
